t_s,speed_kmh,grade_pct
0,0,0
1,3.438,0
2,5.441,0
3,6.884,0
4,7.541,0
5,7.536,0
6,6.99,0
7,5.97,0
8,4.638,0
9,3.335,0
10,2.472,0
11,2.325,0
12,2.915,0
13,4.047,0
14,5.433,0
15,6.786,0
16,7.886,0
17,8.661,0
18,9.194,0
19,9.633,0
20,10.076,0
21,10.531,0
22,10.924,0
23,11.172,0
24,11.258,0
25,11.189,0
26,10.945,0
27,10.537,0
28,10.069,0
29,9.675,0
30,9.368,0
31,8.975,0
32,8.32,0
33,7.501,0
34,6.886,0
35,6.821,0
36,7.341,0
37,8.142,0
38,8.828,0
39,9.217,0
40,9.483,0
41,10.088,0
42,11.446,0
43,13.504,0
44,15.667,0
45,17.201,0
46,17.729,0
47,17.482,0
48,17.09,0
49,17.113,0
50,17.711,0
51,18.687,0
52,19.822,0
53,21.082,0
54,22.44,0
55,23.708,0
56,24.595,0
57,24.891,0
58,24.743,0
59,24.666,0
60,25.135,0
61,26.256,0
62,27.852,0
63,29.61,0
64,31.206,0
65,32.453,0
66,33.365,0
67,34.079,0
68,34.749,0
69,35.445,0
70,36.139,0
71,36.795,0
72,37.433,0
73,38.103,0
74,38.828,0
75,39.521,0
76,39.989,0
77,40.101,0
79,39.785,0
80,39.875,0
81,40.275,0
82,40.819,0
83,41.231,0
84,41.304,0
85,40.99,0
86,40.405,0
87,39.766,0
88,39.21,0
89,38.669,0
90,37.967,0
91,37.018,0
92,35.917,0
93,34.882,0
94,34.117,0
95,33.73,0
96,33.745,0
97,34.082,0
98,34.562,0
99,34.994,0
100,35.254,0
101,35.277,0
102,35.055,0
103,34.646,0
104,34.181,0
105,33.8,0
106,33.527,0
107,33.181,0
108,32.505,0
109,31.368,0
110,29.805,0
111,27.839,0
112,25.4,0
113,22.525,0
114,19.566,0
115,17.096,0
116,15.619,0
117,15.28,0
118,15.739,0
119,16.435,0
120,17.014,0
121,17.476,0
122,18.01,0
123,18.722,0
124,19.447,0
125,19.856,0
126,19.767,0
127,19.23,0
128,18.37,0
129,17.254,0
130,15.904,0
131,14.451,0
132,13.241,0
133,12.598,0
134,12.551,0
135,12.904,0
136,13.415,0
137,13.897,0
138,14.297,0
139,14.625,0
140,14.839,0
141,14.909,0
142,14.903,0
143,14.879,0
144,14.795,0
145,14.56,0
146,14.165,0
147,13.697,0
148,13.234,0
149,12.788,0
150,12.331,0
151,11.871,0
152,11.481,0
153,11.253,0
154,11.2,0
155,11.226,0
156,11.118,0
157,10.617,-0.1233
158,9.59,-0.1233
159,8.152,-0.1233
160,6.617,-0.1233
161,5.338,-0.1233
162,4.48,-0.1233
163,3.944,-0.1233
164,3.566,-0.1233
165,3.323,-0.1233
166,3.312,-0.1233
167,3.624,-0.1233
168,4.218,-0.1233
169,4.884,-0.1233
170,5.389,-0.1233
171,5.645,-0.1233
172,5.716,-0.1233
173,5.716,-0.1233
174,5.712,-0.1233
175,5.709,-0.1233
176,5.702,-0.1233
177,5.693,-0.1233
178,5.693,-0.1233
179,5.689,-0.1233
180,5.621,-0.1233
181,5.397,-0.1233
182,4.925,-0.1233
183,4.134,-0.1233
184,3.028,-0.1233
185,1.795,-0.1233
186,0,-0.1233
1672,0,-0.1233
1674,4.044,-0.1585
1675,6.067,-0.1761
1679,14.155,-0.2465
1680,16.134,-0.2471
1681,18.113,-0.2478
1683,22.071,-0.249
1684,27.215,-0.2518
1685,28.89,-0.2543
1686,28.515,-0.2571
1687,27.74,-0.2592
1688,27.245,-0.2612
1689,26.878,-0.263
1690,26.31,-0.2646
1691,25.448,-0.2662
1692,24.514,-0.2677
1693,23.836,-0.269
1694,23.59,-0.2706
1695,23.696,-0.2721
1696,23.879,-0.2735
1697,23.847,-0.2749
1698,23.504,-0.2758
1699,22.941,-0.2768
1700,22.285,-0.2774
1701,21.639,-0.2779
1702,21.085,-0.2782
1703,20.68,-0.2752
1704,20.459,-0.2762
1705,20.402,-0.2787
1706,20.426,-0.2818
1707,20.461,-0.2845
1708,20.479,-0.2875
1709,20.478,-0.2908
1710,20.459,-0.294
1711,20.431,-0.2968
1712,20.406,-0.2995
1713,20.391,-0.3023
1714,20.386,-0.3053
1715,20.382,-0.3085
1716,20.388,-0.3122
1717,20.47,-0.3168
1718,20.713,-0.3227
1719,21.139,-0.3317
1720,21.638,-0.347
1721,22.004,-0.3808
1722,22.037,-0.3828
1723,21.639,-0.385
1724,20.851,-0.435
1725,19.856,-0.4647
1726,18.946,-0.4874
1727,18.373,-0.5087
1728,18.206,-0.5308
1729,18.314,-0.5534
1730,18.429,-0.5758
1731,18.311,-0.5979
1732,17.883,-0.6218
1733,17.219,-0.6513
1734,16.46,-0.6908
1735,15.657,-0.7408
1736,14.599,-0.7892
1737,12.881,-0.825
1738,10.238,-0.7378
1739,6.914,-0.7378
1740,3.749,-0.7378
1741,0,-0.7378
1742,0,-0.7378
1743,2.783,-0.7378
1744,4.276,-0.7378
1745,5.226,-0.7378
1746,5.467,-0.7378
1747,5.343,-0.7378
1748,5.251,-0.7378
1749,5.316,-0.7378
1750,5.352,-0.7378
1751,5.044,-0.7378
1752,4.294,-0.7378
1753,3.38,-0.7378
1754,2.775,-0.7378
1755,2.851,-0.7378
1756,3.654,-0.7378
1757,4.874,-0.7378
1758,6.07,-0.7378
1759,6.933,-0.7378
1760,7.373,-0.7378
1761,7.508,-0.7378
1762,7.595,-0.7378
1763,7.823,-0.7378
1764,8.153,-0.7378
1765,8.391,-0.7378
1766,8.388,-0.7378
1767,8.15,-0.7378
1768,7.832,-0.7378
1769,7.61,-0.7378
1770,7.537,-0.7378
1771,7.542,-0.7378
1772,7.553,-0.7378
1773,7.556,-0.7378
1791,7.556,-0.7378
1792,7.564,-0.7378
1793,7.599,-0.7378
1794,7.606,-0.7378
1795,7.373,-0.7378
1796,6.722,-0.7378
1797,5.845,-0.7378
1798,5.241,-0.7378
1799,5.304,-0.7378
1800,6.048,-0.7378
1801,7.124,-0.7378
1802,8.154,-0.7378
1803,9.092,-0.7378
1804,10.098,-0.7378
1805,11.161,-0.6505
1806,12.082,-0.6405
1807,12.695,-0.6302
1808,12.978,-0.6198
1809,13.032,-0.609
1810,13.016,-0.598
1811,13.074,-0.587
1812,13.306,-0.5763
1813,13.714,-0.5655
1814,14.195,-0.5545
1815,14.593,-0.5435
1816,14.809,-0.5315
1817,14.859,-0.5175
1818,14.839,-0.5
1819,14.821,-0.4795
1820,14.819,-0.4595
1821,14.83,-0.4432
1822,14.849,-0.431
1823,14.87,-0.4218
1824,14.898,-0.4145
1825,14.99,-0.4095
1826,15.229,-0.4068
1827,15.633,-0.406
1828,16.093,-0.4075
1829,16.414,-0.4105
1830,16.474,-0.4148
1831,16.351,-0.42
1832,16.26,-0.4255
1833,16.4,-0.431
1834,16.815,-0.4358
1835,17.326,-0.4395
1836,17.655,-0.4418
1837,17.658,-0.4425
1838,17.404,-0.4423
1839,17.075,-0.44
1840,16.816,-0.4372
1841,16.602,-0.4343
1842,16.297,-0.4313
1843,15.8,-0.428
1844,15.055,-0.4262
1845,14.029,-0.4245
1846,12.767,-0.4228
1847,11.454,-0.421
1848,10.34,-0.4084
1849,9.559,-0.4084
1850,9.095,-0.4084
1851,8.913,-0.4084
1852,9.046,-0.4084
1853,9.579,-0.4084
1854,10.588,-0.4084
1855,12.028,-0.3957
1856,13.713,-0.3917
1857,15.407,-0.3877
1858,16.859,-0.3838
1859,17.861,-0.3798
1860,18.404,-0.3757
1861,18.679,-0.3715
1862,18.863,-0.3673
1863,19.001,-0.3622
1864,19.096,-0.3563
1865,19.216,-0.3498
1866,19.497,-0.3425
1867,20.082,-0.3342
1868,20.98,-0.3245
1869,22.022,-0.3135
1870,23.029,-0.3015
1871,23.926,-0.288
1872,24.689,-0.2742
1873,25.288,-0.261
1874,25.696,-0.2488
1875,25.916,-0.2383
1876,26.001,-0.2298
1877,26.013,-0.2227
1878,25.951,-0.217
1879,25.802,-0.2132
1880,25.637,-0.2103
1881,25.568,-0.2075
1882,25.641,-0.205
1883,25.807,-0.2047
1884,25.965,-0.2037
1885,26.031,-0.2033
1886,25.964,-0.2035
1887,25.735,-0.2053
1888,25.337,-0.2085
1889,24.802,-0.2145
1890,24.178,-0.2253
1891,23.49,-0.245
1892,22.717,-0.2863
1893,21.832,-0.2877
1894,20.881,-0.2892
1895,20.007,-0.2911
1896,19.413,-0.2939
1897,19.226,-0.2969
1898,19.292,-0.3
1899,19.195,-0.3033
1900,18.57,-0.3066
1901,17.387,-0.31
1902,15.949,-0.3137
1903,14.611,-0.3183
1904,13.46,-0.3243
1905,12.3,-0.4107
1906,10.93,-0.6414
1907,9.306,-0.6414
1908,7.5,-0.6414
1909,5.605,-0.6414
1910,3.732,-0.6414
1911,2.062,-0.6414
1912,0,-0.6414
1923,0,-0.6414
1924,2.04,-0.6414
1925,3.12,-0.6414
1926,3.907,-0.6414
1927,4.463,-0.6414
1928,5.06,-0.6414
1929,5.893,-0.6414
1930,7,-0.6414
1931,8.335,-0.6414
1932,9.782,-0.6414
1933,11.107,-0.8721
1934,12.095,-0.862
1935,12.766,-0.8532
1936,13.396,-0.8459
1937,14.309,-0.8409
1938,15.577,-0.8382
1939,16.928,-0.8371
1940,17.976,-0.8392
1941,18.522,-0.8449
1942,18.673,-0.855
1943,18.667,-0.8682
1944,18.654,-0.8868
1945,18.64,-0.8698
1946,18.55,-0.8838
1947,18.307,-0.8715
1948,17.907,-0.8958
1949,17.443,-0.9235
1950,17.056,-0.952
1951,16.829,-0.982
1952,16.701,-1.025
1953,16.485,-1.117
1954,15.972,-1.1285
1955,15.075,-1.1421
1956,13.884,-1.1573
1957,12.561,-1.1742
1958,11.205,-1.1889
1959,9.857,-0.5313
1960,8.536,-0.5313
1961,7.276,-0.5313
1962,6.154,-0.5313
1963,5.227,-0.5313
1964,4.446,-0.5313
1965,3.747,-0.5313
1966,3.186,-0.5313
1967,2.895,-0.5313
1968,2.924,-0.5313
1969,3.118,-0.5313
1970,3.135,-0.5313
1971,2.661,-0.5313
1972,1.741,-0.5313
1973,0,-0.5313
2074,0,-0.5313
2076,3.672,-0.5313
2077,5.507,-0.5313
2079,9.179,-0.5313
2080,14.857,0.1262
2081,19.697,0.1214
2082,23.408,0.1165
2083,26.362,0.1138
2084,28.752,0.1112
2085,30.586,0.1088
2086,31.958,0.1063
2087,33.093,0.1039
2088,34.171,0.1017
2089,35.17,0.0987
2090,36,0.0958
2091,36.731,0.0931
2092,37.547,0.0906
2093,38.616,0.0882
2094,40.01,0.086
2095,41.645,0.0839
2096,43.39,0.0819
2097,45.21,0.0792
2098,47.028,0.0767
2099,48.59,0.0742
2100,49.646,0.0598
2101,50.146,0.0505
2102,50.303,0.0443
2103,50.582,0.039
2104,51.373,0.0342
2105,52.579,0.03
2106,53.689,0.0267
2107,54.289,0.0248
2108,54.445,0.0227
2109,54.622,0.0205
2110,55.189,0.0192
2111,56.011,0.018
2112,56.617,0.017
2113,56.691,0.0155
2114,56.344,0.0148
2115,55.992,0.014
2116,56.034,0.0132
2117,56.587,0.0123
2118,57.461,0.012
2119,58.349,0.0118
2120,59.046,0.0115
2121,59.56,0.0112
2122,60.09,0.0112
2123,60.852,0.0103
2124,61.872,0.0095
2125,62.99,0.0087
2126,64.081,0.0083
2127,65.16,0.0077
2128,66.3,0.007
2129,67.531,0.007
2130,68.797,0.007
2131,69.962,0.0077
2132,70.922,0.0085
2133,71.683,0.0092
2134,72.275,0.01
2135,72.709,0.0107
2136,73.046,0.0115
2137,73.43,0.013
2138,74.027,0.0145
2139,74.909,0.016
2140,75.957,0.0175
2141,76.912,0.019
2142,77.554,0.0205
2143,77.833,0.022
2144,77.872,0.0238
2145,77.906,0.0253
2146,78.174,0.027
2147,78.781,0.0278
2148,79.649,0.028
2149,80.618,0.0285
2150,81.572,0.029
2151,82.443,0.0295
2152,83.164,0.0302
2153,83.699,0.031
2154,84.066,0.0318
2155,84.345,0.0323
2156,84.631,0.033
2157,84.93,0.034
2158,85.137,0.035
2159,85.209,0.036
2160,85.275,0.0372
2161,85.565,0.0385
2162,86.278,0.0398
2163,87.456,0.0413
2164,88.898,0.0425
2165,90.251,0.0438
2166,91.252,0.045
2167,91.88,0.0465
2168,92.321,0.0483
2169,92.787,0.05
2170,93.331,0.0517
2171,93.86,0.0527
2172,94.328,0.0537
2173,94.777,0.0548
2174,95.244,0.0558
2175,95.744,0.0567
2176,96.287,0.0575
2177,96.844,0.0583
2178,97.326,0.059
2179,97.618,0.0598
2180,97.619,0.0602
2181,97.334,0.0607
2182,96.938,0.0612
2183,96.632,0.0617
2184,96.48,0.0622
2185,96.431,0.0628
2186,96.41,0.063
2187,96.393,0.0633
2188,96.432,0.0638
2189,96.565,0.0643
2190,96.729,0.0648
2191,96.819,0.0653
2192,96.766,0.065
2193,96.534,0.0648
2194,96.132,0.0645
2195,95.643,0.0645
2196,95.224,0.064
2197,95.063,0.0635
2198,95.277,0.063
2199,95.786,0.0625
2200,96.298,0.0617
2201,96.481,0.061
2202,96.217,0.0602
2203,95.657,0.0585
2204,95.068,0.0567
2205,94.671,0.055
2206,94.526,0.0532
2207,94.531,0.0513
2208,94.549,0.0493
2209,94.473,0.0473
2210,94.234,0.0452
2211,93.893,0.0435
2212,93.638,0.0418
2213,93.637,0.04
2214,93.882,0.0382
2215,94.152,0.036
2216,94.171,0.034
2217,93.847,0.032
2218,93.296,0.03
2219,92.704,0.0285
2220,92.219,0.0272
2221,91.917,0.026
2222,91.829,0.0248
2223,91.941,0.0235
2224,92.176,0.022
2225,92.404,0.0205
2226,92.493,0.019
2227,92.41,0.0175
2228,92.268,0.0163
2229,92.219,0.015
2230,92.314,0.0138
2231,92.493,0.0123
2232,92.656,0.0112
2233,92.796,0.0103
2234,93.012,0.0092
2235,93.39,0.008
2236,93.916,0.0077
2237,94.469,0.0075
2238,94.85,0.0073
2239,94.912,0.007
2240,94.742,0.0063
2241,94.626,0.0055
2242,94.801,0.0047
2243,95.229,0.0047
2244,95.59,0.0053
2245,95.538,0.0057
2246,94.998,0.0063
2247,94.189,0.0067
2248,93.377,0.0073
2249,92.719,0.0077
2250,92.31,0.0083
2251,92.165,0.0085
2252,92.16,0.0085
2253,92.111,0.0087
2254,91.951,0.009
2255,91.789,0.0097
2256,91.802,0.0105
2257,92.04,0.0112
2258,92.38,0.012
2259,92.697,0.0123
2260,93.013,0.0125
2261,93.407,0.0128
2262,93.861,0.013
2263,94.254,0.0132
2264,94.492,0.0138
2265,94.592,0.0142
2266,94.621,0.0148
2267,94.551,0.0152
2268,94.226,0.0155
2269,93.56,0.0158
2270,92.719,0.0163
2271,92.059,0.017
2272,91.829,0.0178
2273,91.947,0.0185
2274,92.052,0.0192
2275,91.82,0.0202
2276,91.257,0.0205
2277,90.665,0.0205
2278,90.368,0.0205
2279,90.545,0.0205
2280,91.137,0.021
2281,91.823,0.0212
2282,92.228,0.0215
2283,92.174,0.0215
2284,91.686,0.021
2285,90.878,0.0205
2286,89.932,0.02
2287,89.087,0.0195
2288,88.572,0.019
2289,88.497,0.0185
2290,88.816,0.018
2291,89.397,0.0175
2292,90.128,0.0172
2293,90.935,0.0165
2294,91.641,0.0158
2295,91.999,0.015
2296,92.023,0.014
2297,92.076,0.013
2298,92.478,0.012
2299,93.202,0.011
2300,94.008,0.01
2301,94.779,0.009
2302,95.634,0.008
2303,96.676,0.007
2304,97.714,0.0063
2305,98.42,0.0055
2306,98.706,0.0047
2307,98.815,0.004
2308,99.046,0.0037
2309,99.454,0.0035
2310,99.813,0.003
2311,99.848,0.0025
2312,99.467,0.0017
2313,98.752,0.001
2314,97.839,0.0003
2315,96.839,-0.0005
2316,95.914,-0.0013
2317,95.378,-0.0017
2318,95.584,-0.0023
2319,96.642,-0.0028
2320,98.272,-0.003
2321,99.936,-0.003
2322,101.142,-0.003
2323,101.679,-0.0028
2324,101.643,-0.003
2325,101.32,-0.0032
2326,101.044,-0.0035
2327,101.035,-0.0037
2328,101.296,-0.0043
2329,101.648,-0.0047
2330,101.886,-0.0055
2331,101.972,-0.0063
2332,102.038,-0.0067
2333,102.184,-0.007
2334,102.35,-0.0073
2335,102.418,-0.0075
2336,102.344,-0.0067
2337,102.177,-0.006
2338,102.027,-0.0053
2339,101.96,-0.0045
2340,101.952,-0.0043
2341,101.948,-0.004
2342,101.949,-0.0037
2343,102.007,-0.0037
2344,102.166,-0.0043
2345,102.417,-0.0047
2346,102.663,-0.005
2347,102.707,-0.0053
2348,102.38,-0.0047
2349,101.733,-0.0043
2350,101.052,-0.0037
2351,100.692,-0.0032
2352,100.875,-0.0028
2353,101.521,-0.002
2354,102.278,-0.0013
2355,102.764,-0.0005
2356,102.821,0.0003
2357,102.556,-0.0003
2358,102.204,-0.0008
2359,101.965,-0.0013
2360,101.884,-0.0025
2361,101.883,-0.0037
2362,101.892,-0.005
2363,101.895,-0.0063
2364,101.904,-0.007
2365,101.921,-0.0077
2366,101.925,-0.0085
2367,101.857,-0.0095
2368,101.7,-0.009
2369,101.534,-0.0085
2370,101.473,-0.0077
2371,101.567,-0.007
2372,101.772,-0.0073
2373,101.942,-0.0075
2374,101.859,-0.0077
2375,101.387,-0.008
2376,100.629,-0.009
2377,99.876,-0.01
2378,99.457,-0.011
2379,99.61,-0.012
2380,100.353,-0.0123
2381,101.422,-0.0125
2382,102.419,-0.0128
2383,103.008,-0.0128
2384,103.05,-0.0128
2385,102.686,-0.0128
2386,102.246,-0.013
2387,101.979,-0.013
2388,101.909,-0.0142
2389,101.93,-0.0155
2390,101.961,-0.0168
2391,101.982,-0.018
2392,101.984,-0.019
2393,101.901,-0.0202
2394,101.665,-0.0215
2395,101.332,-0.023
2396,101.086,-0.0245
2397,101.082,-0.0243
2398,101.322,-0.0232
2399,101.647,-0.0217
2400,101.871,-0.0198
2401,101.936,-0.0178
2402,101.918,-0.0158
2403,101.896,-0.0135
2404,101.901,-0.01
2405,101.945,-0.0065
2406,101.962,-0.003
2407,101.774,-0.0003
2408,101.301,0.0003
2409,100.766,0.0008
2410,100.514,0.0013
2411,100.707,0.0013
2412,101.208,0.0023
2413,101.686,0.0032
2414,101.927,0.0043
2415,102.034,0.005
2416,102.178,0.0057
2417,102.359,0.0067
2418,102.505,0.008
2419,102.587,0.009
2420,102.584,0.0097
2421,102.499,0.0105
2422,102.356,0.0118
2423,102.179,0.013
2424,102.025,0.0155
2425,101.955,0.018
2426,101.94,0.021
2427,101.875,0.0235
2428,101.715,0.0262
2429,101.549,0.029
2430,101.556,0.0305
2431,101.872,0.0318
2432,102.446,0.033
2433,103.009,0.0342
2434,103.255,0.0353
2435,103.098,0.0367
2436,102.693,0.0382
2437,102.276,0.0393
2438,102.013,0.0393
2439,101.995,0.0385
2440,102.3,0.0377
2441,102.948,0.037
2442,103.772,0.0362
2443,104.424,0.0355
2444,104.573,0.0335
2445,104.162,0.0315
2446,103.501,0.0295
2447,103.008,0.0282
2448,102.835,0.028
2449,102.835,0.0278
2450,102.834,0.0272
2451,102.817,0.0262
2452,102.909,0.026
2453,103.217,0.0267
2454,103.643,0.0275
2455,103.979,0.0282
2456,104.15,0.029
2457,104.205,0.0295
2458,104.121,0.0298
2459,103.749,0.0305
2460,102.941,0.0312
2461,101.778,0.032
2462,100.627,0.0323
2463,99.889,0.0323
2464,99.744,0.0305
2465,100.108,0.0287
2466,100.699,0.0258
2467,101.182,0.023
2468,101.327,0.0202
2469,101.128,0.018
2470,100.869,0.0168
2471,100.945,0.0158
2472,101.456,0.0148
2473,102.04,0.0138
2474,102.206,0.0125
2475,101.793,0.011
2476,101.111,0.0095
2477,100.628,0.008
2478,100.571,0.0067
2479,100.825,0.0057
2480,101.109,0.0047
2481,101.186,0.0037
2482,100.993,0.0025
2483,100.648,0.001
2484,100.436,-0.0005
2485,100.662,-0.002
2486,101.41,-0.0037
2487,102.498,-0.0053
2488,103.598,-0.0067
2489,104.267,-0.0083
2490,104.166,-0.0095
2491,103.452,-0.0097
2492,102.795,-0.011
2493,102.915,-0.0132
2494,104.014,-0.0152
2495,105.528,-0.0172
2496,106.528,-0.0192
2497,106.516,-0.0212
2498,105.759,-0.0232
2499,104.838,-0.0255
2500,104.101,-0.0278
2501,103.552,-0.0302
2502,103.077,-0.0328
2503,102.676,-0.035
2504,102.444,-0.0367
2505,102.399,-0.0387
2506,102.421,-0.04
2507,102.369,-0.041
2508,102.218,-0.042
2509,102.064,-0.0435
2510,101.993,-0.045
2511,101.976,-0.0465
2512,101.898,-0.048
2513,101.658,-0.0495
2514,101.246,-0.051
2515,100.783,-0.0525
2516,100.467,-0.054
2517,100.395,-0.0555
2518,100.422,-0.057
2519,100.323,-0.0585
2520,100.074,-0.06
2521,99.894,-0.0615
2522,100.04,-0.0633
2523,100.556,-0.065
2524,101.208,-0.0668
2525,101.695,-0.0685
2526,101.844,-0.07
2527,101.666,-0.0718
2528,101.314,-0.0735
2529,100.985,-0.0752
2530,100.831,-0.0772
2531,100.916,-0.0795
2532,101.178,-0.0818
2533,101.478,-0.084
2534,101.764,-0.0865
2535,102.129,-0.0888
2536,102.756,-0.0912
2537,103.748,-0.0938
2538,104.821,-0.0963
2539,105.335,-0.0988
2540,104.912,-0.1015
2541,103.89,-0.104
2542,102.991,-0.1063
2543,102.684,-0.1085
2544,102.832,-0.1108
2545,102.924,-0.1128
2546,102.679,-0.115
2547,102.279,-0.1175
2548,102.006,-0.12
2549,101.92,-0.1225
2550,101.92,-0.1247
2551,101.93,-0.127
2552,101.929,-0.1293
2553,101.923,-0.1315
2554,101.917,-0.133
2555,101.909,-0.1345
2556,101.881,-0.136
2557,101.871,-0.1375
2558,102.099,-0.139
2559,102.813,-0.1405
2560,103.915,-0.142
2561,104.924,-0.1435
2562,105.34,-0.1445
2563,104.99,-0.1455
2564,104.129,-0.1465
2565,103.227,-0.1473
2566,102.592,-0.1478
2567,102.278,-0.148
2568,102.239,-0.1483
2569,102.35,-0.1485
2570,102.43,-0.148
2571,102.37,-0.1473
2572,102.207,-0.1465
2573,102.041,-0.1462
2574,101.885,-0.1457
2575,101.641,-0.1452
2576,101.255,-0.1445
2577,100.788,-0.1437
2578,100.313,-0.1427
2579,99.857,-0.1417
2580,99.452,-0.1405
2581,99.149,-0.139
2582,99.003,-0.1378
2583,99.01,-0.1365
2584,99.025,-0.1353
2585,98.842,-0.134
2586,98.38,-0.1325
2587,97.743,-0.131
2588,97.12,-0.1295
2589,96.668,-0.1275
2590,96.437,-0.1255
2591,96.377,-0.1235
2592,96.451,-0.1215
2593,96.678,-0.1195
2594,97.055,-0.1177
2595,97.509,-0.116
2596,97.965,-0.1143
2597,98.428,-0.112
2598,98.987,-0.1098
2599,99.724,-0.1075
2600,100.559,-0.1053
2601,101.211,-0.103
2602,101.358,-0.1007
2603,100.921,-0.0985
2604,100.221,-0.096
2605,99.76,-0.094
2606,99.787,-0.0922
2607,100.207,-0.0905
2608,100.78,-0.089
2609,101.291,-0.0872
2610,101.676,-0.086
2611,101.968,-0.0847
2612,102.112,-0.0833
2613,102.01,-0.0813
2614,101.691,-0.0795
2615,101.316,-0.0777
2616,101.054,-0.0755
2617,100.988,-0.0732
2618,101.083,-0.0713
2619,101.233,-0.0692
2620,101.369,-0.0668
2621,101.584,-0.0645
2622,102.061,-0.0622
2623,102.803,-0.06
2624,103.568,-0.0575
2625,104.081,-0.055
2626,104.173,-0.0525
2627,103.822,-0.05
2628,103.149,-0.047
2629,102.32,-0.0445
2630,101.476,-0.042
2631,100.775,-0.0395
2632,100.394,-0.037
2633,100.416,-0.0345
2634,100.764,-0.032
2635,101.243,-0.0293
2636,101.662,-0.0265
2637,101.903,-0.0238
2638,101.912,-0.021
2639,101.686,-0.0182
2640,101.267,-0.0155
2641,100.705,-0.0128
2642,100.055,-0.0097
2643,99.413,-0.0067
2644,98.926,-0.0043
2645,98.732,-0.0015
2646,98.895,0.0013
2647,99.373,0.004
2648,100.037,0.0077
2649,100.714,0.0112
2650,101.219,0.0148
2651,101.396,0.0182
2652,101.222,0.0212
2653,100.877,0.0243
2654,100.609,0.0267
2655,100.524,0.0295
2656,100.586,0.0318
2657,100.745,0.034
2658,100.99,0.0362
2659,101.311,0.0385
2660,101.64,0.0398
2661,101.861,0.041
2662,101.938,0.0423
2663,101.95,0.043
2664,101.973,0.0432
2665,102.003,0.0435
2666,101.956,0.0438
2667,101.747,0.044
2668,101.357,0.0435
2669,100.798,0.043
2670,100.069,0.0425
2671,99.252,0.042
2672,98.579,0.0415
2673,98.31,0.0413
2674,98.538,0.041
2675,99.12,0.0405
2676,99.768,0.04
2677,100.25,0.039
2678,100.514,0.038
2679,100.662,0.037
2680,100.802,0.0362
2681,100.949,0.0355
2682,101.091,0.0345
2683,101.238,0.0335
2684,101.396,0.0328
2685,101.562,0.032
2686,101.686,0.0312
2687,101.626,0.0305
2688,101.297,0.0293
2689,100.823,0.028
2690,100.476,0.0267
2691,100.468,0.0255
2692,100.796,0.025
2693,101.278,0.0245
2694,101.69,0.0245
2695,101.853,0.0243
2696,101.698,0.0243
2697,101.297,0.0243
2698,100.815,0.0243
2699,100.412,0.0243
2700,100.184,0.0248
2701,100.115,0.0253
2702,100.114,0.0258
2703,100.11,0.0275
2704,100.104,0.0295
2705,100.163,0.0315
2706,100.394,0.0335
2707,100.861,0.0355
2708,101.481,0.0377
2709,102.049,0.04
2710,102.426,0.0423
2711,102.664,0.044
2712,102.884,0.0457
2713,103.111,0.0473
2714,103.273,0.0487
2715,103.33,0.0508
2716,103.358,0.0527
2717,103.46,0.0548
2718,103.572,0.0567
2719,103.435,0.0585
2720,102.864,0.06
2721,101.967,0.0615
2722,101.047,0.063
2723,100.38,0.0643
2724,100.055,0.0655
2725,99.989,0.0668
2726,100.087,0.068
2727,100.341,0.0692
2728,100.739,0.0703
2729,101.215,0.0713
2730,101.693,0.0723
2731,102.096,0.0735
2732,102.353,0.0742
2733,102.427,0.075
2734,102.331,0.0757
2735,102.148,0.0767
2736,102.066,0.077
2737,102.239,0.0772
2738,102.589,0.0775
2739,102.848,0.0777
2740,102.759,0.0785
2741,102.257,0.0793
2742,101.571,0.08
2743,101.082,0.08
2744,101.002,0.0795
2745,101.252,0.079
2746,101.595,0.0785
2747,101.823,0.078
2748,101.903,0.0775
2749,101.957,0.077
2750,102.099,0.0765
2751,102.342,0.0765
2752,102.66,0.0762
2753,103.013,0.0757
2754,103.331,0.0757
2755,103.509,0.0752
2756,103.439,0.0747
2757,103.1,0.0742
2758,102.637,0.0737
2759,102.31,0.0735
2760,102.323,0.0732
2761,102.659,0.0725
2762,103.068,0.0718
2763,103.237,0.0713
2764,102.978,0.0705
2765,102.318,0.0697
2766,101.506,0.069
2767,100.862,0.0682
2768,100.549,0.0675
2769,100.484,0.0668
2770,100.498,0.066
2771,100.578,0.065
2772,100.891,0.0643
2773,101.548,0.0633
2774,102.369,0.0622
2775,102.942,0.061
2776,102.932,0.0602
2777,102.348,0.0598
2778,101.519,0.0593
2779,100.855,0.0588
2780,100.608,0.0578
2781,100.787,0.057
2782,101.203,0.0565
2783,101.61,0.056
2784,101.85,0.0558
2785,101.926,0.0555
2786,101.924,0.0553
2787,101.923,0.055
2788,101.994,0.0548
2789,102.166,0.0545
2790,102.352,0.0537
2791,102.359,0.053
2792,102.073,0.052
2793,101.645,0.0515
2794,101.402,0.0505
2795,101.499,0.0493
2796,101.741,0.0483
2797,101.784,0.0473
2798,101.441,0.0462
2799,100.788,0.0452
2800,99.992,0.0438
2801,99.182,0.0427
2802,98.481,0.0418
2803,98.028,0.0408
2804,97.899,0.0398
2805,98.023,0.0385
2806,98.182,0.0372
2807,98.201,0.036
2808,98.125,0.0345
2809,98.096,0.0323
2810,98.122,0.03
2811,98.108,0.0278
2812,98.017,0.0255
2813,97.906,0.0235
2814,97.934,0.0217
2815,98.271,0.02
2816,98.909,0.018
2817,99.644,0.0155
2818,100.248,0.013
2819,100.608,0.0105
2820,100.747,0.008
2821,100.805,0.0053
2822,100.923,0.002
2823,101.102,-0.0013
2824,101.245,-0.0037
2825,101.337,-0.006
2826,101.437,-0.0083
2827,101.578,-0.0105
2828,101.743,-0.0128
2829,101.869,-0.0148
2830,101.911,-0.0163
2831,101.902,-0.0178
2832,101.905,-0.0187
2833,101.933,-0.0202
2834,101.97,-0.0217
2835,101.999,-0.023
2836,102.01,-0.0255
2837,102.004,-0.028
2838,101.988,-0.031
2839,101.951,-0.034
2840,101.842,-0.036
2841,101.642,-0.038
2842,101.448,-0.04
2843,101.443,-0.042
2844,101.761,-0.0438
2845,102.361,-0.0452
2846,103.03,-0.0473
2847,103.524,-0.0493
2848,103.703,-0.0515
2849,103.537,-0.0532
2850,103.056,-0.055
2851,102.332,-0.0567
2852,101.509,-0.059
2853,100.8,-0.0617
2854,100.391,-0.0648
2855,100.337,-0.0678
2856,100.524,-0.0705
2857,100.739,-0.0715
2858,100.841,-0.0725
2859,100.983,-0.0735
2860,101.46,-0.0742
2861,102.231,-0.0755
2862,102.819,-0.0765
2863,102.741,-0.0775
2864,101.906,-0.0793
2865,100.735,-0.0813
2866,99.853,-0.0833
2867,99.48,-0.0852
2868,99.348,-0.0892
2869,99.162,-0.0932
2870,98.854,-0.0975
2871,98.523,-0.1017
2872,98.327,-0.1053
2873,98.275,-0.109
2874,98.093,-0.1128
2875,97.443,-0.1165
2876,96.252,-0.1197
2877,94.68,-0.1233
2878,92.866,-0.1263
2879,90.861,-0.1295
2880,88.71,-0.1337
2881,86.528,-0.1378
2882,84.447,-0.1417
2883,82.442,-0.146
2884,80.328,-0.1505
2885,78.054,-0.1555
2886,75.894,-0.1605
2887,74.199,-0.1657
2888,72.944,-0.1715
2889,71.686,-0.1772
2890,70.06,-0.1832
2891,68.1,-0.1895
2892,66.105,-0.1962
2893,64.383,-0.2025
2894,62.989,-0.2097
2895,61.681,-0.2168
2896,60.24,-0.2245
2897,58.72,-0.2357
2898,57.258,-0.2482
2899,55.807,-0.265
2900,54.208,-0.284
2901,52.419,-0.3055
2902,50.577,-0.3312
2903,48.811,-0.364
2904,46.99,-0.4245
2905,44.815,-0.5085
2906,42.282,-0.6585
2907,39.876,-0.6726
2908,38.094,-0.6853
2909,36.843,-0.6989
2910,35.494,-0.7131
2911,33.549,-0.728
2912,31.104,-0.7447
2913,28.663,-0.7618
2914,26.664,-0.78
2915,25.14,-0.7994
2916,23.725,-0.8193
2917,22.042,-0.8403
2918,20.041,-0.8629
2919,17.879,-0.8867
2920,15.649,-0.9115
2921,13.274,-0.9388
2922,10.619,-0.6174
2923,7.752,-0.6174
2924,5.034,-0.6174
2925,2.857,-0.6174
2926,0,-0.6174
2977,0,-0.6174
2978,2.264,-0.6174
2979,4.529,-0.6174
2980,6.793,-0.6174
2981,10.742,-0.6174
2982,13.686,-0.2959
2983,15.319,-0.2804
2984,16.102,-0.2679
2985,16.632,-0.2564
2986,17.273,-0.2458
2987,18.069,-0.2359
2988,18.86,-0.2268
2989,19.454,-0.2183
2990,19.788,-0.2103
2991,20.093,-0.2029
2992,20.829,-0.1959
2993,22.302,-0.1891
2994,24.448,-0.1832
2995,26.922,-0.1777
2996,29.282,-0.1719
2997,31.275,-0.1665
2998,33.028,-0.1613
2999,34.87,-0.1564
3000,36.946,-0.1525
3001,39.098,-0.1113
3002,41.059,-0.0852
3003,42.693,-0.0692
3004,44.008,-0.0545
3005,45.071,-0.0408
3006,45.945,-0.0272
3007,46.632,-0.0185
3008,47.033,-0.015
3009,47.04,-0.012
3010,46.679,-0.009
3011,46.173,-0.0043
3012,45.834,0.0023
3013,45.841,0.0085
3014,46.099,0.0142
3015,46.405,0.018
3016,46.695,0.019
3017,47.033,0.0178
3018,47.51,0.0165
3019,48.323,0.0135
3020,49.714,0.0118
3021,51.659,0.01
3022,53.714,0.0085
3023,55.254,0.007
3024,55.894,0.0065
3025,55.859,0.005
3026,55.954,0.0035
3027,56.97,0.002
3028,59.066,0.0005
3029,61.74,-0.0013
3030,64.207,-0.0023
3031,65.85,-0.0032
3032,66.598,-0.004
3033,66.844,-0.0055
3034,66.997,-0.0065
3035,67.263,-0.0075
3036,67.745,-0.009
3037,68.521,-0.0107
3038,69.657,-0.0125
3039,71.138,-0.0142
3040,72.799,-0.0152
3041,74.493,-0.0163
3042,76.224,-0.0172
3043,78.019,-0.0182
3044,79.787,-0.0198
3045,81.373,-0.0212
3046,82.709,-0.0227
3047,83.925,-0.0243
3048,85.197,-0.025
3049,86.509,-0.0255
3050,87.639,-0.026
3051,88.367,-0.0265
3052,88.716,-0.0275
3053,89.011,-0.0285
3054,89.593,-0.0298
3055,90.464,-0.0312
3056,91.332,-0.0323
3057,92.057,-0.0333
3058,92.871,-0.0342
3059,94.124,-0.0353
3060,95.891,-0.0367
3061,97.772,-0.0387
3062,99.183,-0.0408
3063,99.953,-0.0427
3064,100.394,-0.0447
3065,100.819,-0.0457
3066,101.269,-0.0467
3067,101.657,-0.048
3068,101.963,-0.0493
3069,102.278,-0.0508
3070,102.649,-0.053
3071,102.899,-0.0553
3072,102.655,-0.058
3073,101.689,-0.0602
3074,100.344,-0.0625
3075,99.367,-0.0645
3076,99.222,-0.0668
3077,99.728,-0.0687
3078,100.324,-0.0708
3079,100.597,-0.0727
3080,100.653,-0.0747
3081,100.911,-0.0767
3082,101.553,-0.0788
3083,102.302,-0.0807
3084,102.707,-0.0828
3085,102.504,-0.0847
3086,101.815,-0.087
3087,101.137,-0.0892
3088,101.069,-0.0912
3089,101.77,-0.0932
3090,102.722,-0.0953
3091,103.175,-0.0972
3092,102.843,-0.0992
3093,102.068,-0.101
3094,101.398,-0.1025
3095,101.085,-0.1043
3096,101.017,-0.106
3097,101.031,-0.1077
3098,101.132,-0.1092
3099,101.388,-0.1108
3100,101.73,-0.1125
3101,101.962,-0.1138
3102,101.928,-0.115
3103,101.664,-0.1167
3104,101.439,-0.118
3105,101.568,-0.1192
3106,102.076,-0.1207
3107,102.655,-0.122
3108,102.928,-0.1235
3109,102.748,-0.1245
3110,102.33,-0.1253
3111,102.015,-0.1265
3112,101.92,-0.1275
3113,101.934,-0.1285
3114,101.957,-0.1298
3115,101.971,-0.131
3116,101.957,-0.132
3117,101.862,-0.133
3118,101.677,-0.1345
3119,101.49,-0.1365
3120,101.418,-0.1383
3121,101.508,-0.14
3122,101.7,-0.1417
3123,101.875,-0.1435
3124,101.954,-0.1452
3125,101.961,-0.147
3126,101.953,-0.1492
3127,101.952,-0.1515
3128,101.967,-0.154
3129,102.041,-0.1568
3130,102.194,-0.1598
3131,102.357,-0.1628
3132,102.427,-0.1657
3133,102.355,-0.1688
3134,102.186,-0.1718
3135,102.004,-0.1745
3136,101.84,-0.1775
3137,101.664,-0.1808
3138,101.508,-0.1842
3139,101.436,-0.188
3140,101.438,-0.191
3141,101.453,-0.194
3142,101.454,-0.197
3143,101.473,-0.2002
3144,101.566,-0.2043
3145,101.73,-0.2083
3146,101.874,-0.2117
3147,101.936,-0.214
3148,101.934,-0.216
3149,101.865,-0.2178
3150,101.668,-0.2213
3151,101.287,-0.2243
3152,100.664,-0.2273
3153,99.804,-0.2298
3154,98.909,-0.2312
3155,98.261,-0.233
3156,97.953,-0.2342
3157,97.904,-0.2355
3158,98.008,-0.2373
3159,98.165,-0.2385
3160,98.336,-0.2397
3161,98.497,-0.2407
3162,98.568,-0.2417
3163,98.546,-0.2427
3164,98.614,-0.2437
3165,98.912,-0.2445
3166,99.373,-0.2442
3167,99.854,-0.244
3168,100.258,-0.2435
3169,100.52,-0.2427
3170,100.609,-0.2417
3171,100.53,-0.2407
3172,100.355,-0.2395
3173,100.256,-0.2383
3174,100.4,-0.237
3175,100.783,-0.2355
3176,101.251,-0.2338
3177,101.657,-0.2318
3178,101.96,-0.2298
3179,102.19,-0.2273
3180,102.359,-0.2248
3181,102.425,-0.2223
3182,102.351,-0.2195
3183,102.178,-0.216
3184,102.019,-0.2122
3185,101.948,-0.2085
3186,101.938,-0.2047
3187,101.946,-0.2018
3188,102.02,-0.1988
3189,102.254,-0.196
3190,102.65,-0.1915
3191,103.039,-0.187
3192,103.187,-0.1825
3193,103.002,-0.1785
3194,102.65,-0.1742
3195,102.404,-0.17
3196,102.429,-0.1662
3197,102.687,-0.1625
3198,102.973,-0.1575
3199,103.07,-0.1525
3200,102.914,-0.1478
3201,102.599,-0.1432
3202,102.258,-0.138
3203,101.96,-0.1327
3204,101.659,-0.1275
3205,101.284,-0.1225
3206,100.821,-0.1177
3207,100.292,-0.1123
3208,99.749,-0.107
3209,99.268,-0.1017
3210,98.883,-0.0968
3211,98.56,-0.091
3212,98.268,-0.0855
3213,98.015,-0.0803
3214,97.857,-0.075
3215,97.873,-0.0697
3216,98.041,-0.0645
3217,98.205,-0.0593
3218,98.194,-0.054
3219,97.968,-0.049
3220,97.632,-0.0445
3221,97.32,-0.04
3222,97.088,-0.0358
3223,96.928,-0.0315
3224,96.849,-0.0272
3225,96.907,-0.0227
3226,97.146,-0.0182
3227,97.469,-0.0142
3228,97.631,-0.0103
3229,97.466,-0.0047
3230,97.078,0.0005
3231,96.744,0.0057
3232,96.664,0.0107
3233,96.833,0.0152
3234,97.136,0.0187
3235,97.471,0.0222
3236,97.776,0.0258
3237,98.02,0.0293
3238,98.176,0.033
3239,98.24,0.0367
3240,98.322,0.0405
3241,98.624,0.0443
3242,99.25,0.0475
3243,100.046,0.0508
3244,100.683,0.054
3245,100.9,0.0572
3246,100.714,0.0605
3247,100.448,0.0633
3248,100.506,0.066
3249,101.061,0.0685
3250,101.957,0.0713
3251,102.854,0.0735
3252,103.425,0.0757
3253,103.559,0.078
3254,103.436,0.0805
3255,103.321,0.0835
3256,103.291,0.0862
3257,103.226,0.089
3258,103.011,0.0917
3259,102.707,0.0948
3260,102.49,0.0978
3261,102.434,0.1007
3262,102.434,0.1037
3263,102.357,0.1077
3264,102.183,0.1118
3265,102.012,0.1155
3266,101.926,0.119
3267,101.908,0.1225
3268,101.908,0.1263
3269,101.91,0.1285
3270,101.915,0.131
3271,101.921,0.1335
3272,101.92,0.136
3273,101.916,0.1388
3274,101.92,0.1412
3275,101.94,0.1437
3276,101.952,0.1467
3277,101.895,0.1497
3278,101.733,0.1522
3279,101.481,0.1547
3280,101.172,0.1573
3281,100.843,0.1598
3282,100.555,0.162
3283,100.379,0.1643
3284,100.373,0.1665
3285,100.543,0.1688
3286,100.845,0.1713
3287,101.198,0.1737
3288,101.531,0.1762
3289,101.785,0.179
3290,101.866,0.1818
3291,101.685,0.1845
3292,101.274,0.1878
3293,100.781,0.191
3294,100.383,0.1945
3295,100.231,0.1975
3296,100.389,0.2008
3297,100.781,0.2037
3298,101.243,0.2063
3299,101.62,0.2085
3300,101.836,0.2112
3301,101.97,0.214
3302,102.195,0.2172
3303,102.595,0.2195
3304,103.075,0.2217
3305,103.42,0.2238
3306,103.439,0.2258
3307,103.127,0.228
3308,102.66,0.23
3309,102.252,0.231
3310,102.02,0.2318
3311,101.949,0.2332
3312,101.951,0.235
3313,101.959,0.237
3314,101.957,0.2393
3315,101.949,0.2415
3316,101.939,0.2427
3317,101.935,0.2442
3318,101.925,0.2457
3319,101.85,0.2477
3320,101.624,0.2498
3321,101.23,0.2512
3322,100.772,0.2527
3323,100.454,0.2543
3324,100.455,0.2557
3325,100.776,0.2573
3326,101.24,0.2585
3327,101.649,0.2595
3328,101.876,0.26
3329,101.87,0.2605
3330,101.651,0.261
3331,101.325,0.2612
3332,101.017,0.261
3333,100.782,0.261
3334,100.622,0.2605
3335,100.549,0.2603
3336,100.61,0.26
3337,100.859,0.26
3338,101.25,0.2605
3339,101.64,0.2612
3340,101.948,0.2617
3341,102.247,0.2622
3342,102.637,0.2622
3343,103.093,0.2622
3344,103.493,0.2627
3345,103.723,0.2635
3346,103.716,0.2642
3347,103.48,0.265
3348,103.137,0.2655
3349,102.888,0.267
3350,102.896,0.2685
3351,103.16,0.2695
3352,103.503,0.2707
3353,103.682,0.272
3354,103.606,0.2732
3355,103.36,0.2745
3356,103.041,0.2765
3357,102.703,0.2782
3358,102.385,0.28
3359,102.139,0.281
3360,102.063,0.2823
3361,102.239,0.284
3362,102.572,0.2858
3363,102.825,0.288
3364,102.827,0.2903
3365,102.583,0.2925
3366,102.255,0.295
3367,102.027,0.2975
3368,101.949,0.3005
3369,101.927,0.3035
3370,101.909,0.3067
3371,102.046,0.3098
3372,102.59,0.3125
3373,103.551,0.315
3374,104.527,0.3175
3375,105.021,0.32
3376,104.912,0.3225
3377,104.492,0.325
3378,104.101,0.3275
3379,103.801,0.3297
3380,103.408,0.3312
3381,102.844,0.3327
3382,102.288,0.3342
3383,101.91,0.3352
3384,101.607,0.3357
3385,101.168,0.3362
3386,100.561,0.3365
3387,99.934,0.3365
3388,99.405,0.3365
3389,98.938,0.3365
3390,98.418,0.3367
3391,97.778,0.3367
3392,97.067,0.336
3393,96.423,0.3352
3394,96.019,0.3345
3395,95.959,0.3335
3396,96.201,0.332
3397,96.569,0.3305
3398,96.878,0.329
3399,97.019,0.3282
3400,96.997,0.3255
3401,96.95,0.3223
3402,97.097,0.3187
3403,97.631,0.3148
3404,98.603,0.3125
3405,99.83,0.3102
3406,100.943,0.3077
3407,101.657,0.3047
3408,101.965,0.3027
3409,102.029,0.3008
3410,101.949,0.2985
3411,101.703,0.2968
3412,101.277,0.2955
3413,100.786,0.295
3414,100.466,0.2945
3415,100.474,0.2933
3416,100.669,0.292
3417,100.687,0.291
3418,100.297,0.29
3419,99.595,0.2885
3420,98.874,0.2875
3421,98.345,0.2868
3422,97.966,0.2868
3423,97.574,0.2875
3424,97.117,0.2878
3425,96.649,0.288
3426,96.178,0.289
3427,95.629,0.2903
3428,94.921,0.2918
3429,94.058,0.2933
3430,93.141,0.2942
3431,92.273,0.295
3432,91.49,0.2963
3433,90.8,0.2975
3434,90.253,0.2985
3435,89.88,0.3005
3436,89.582,0.303
3437,89.194,0.3055
3438,88.652,0.3085
3439,88.008,0.3112
3440,87.333,0.3158
3441,86.601,0.3207
3442,85.688,0.3257
3443,84.536,0.329
3444,83.261,0.3305
3445,82.068,0.332
3446,81.116,0.3335
3447,80.494,0.3355
3448,80.209,0.3365
3449,80.104,0.3375
3450,79.905,0.3385
3451,79.365,0.339
3452,78.423,0.3392
3453,77.284,0.3385
3454,76.3,0.3377
3455,75.73,0.337
3456,75.657,0.3362
3457,76.02,0.3352
3458,76.607,0.3342
3459,77.168,0.334
3460,77.575,0.3337
3461,77.855,0.333
3462,78.139,0.3315
3463,78.604,0.328
3464,79.368,0.325
3465,80.399,0.322
3466,81.505,0.3185
3467,82.445,0.3132
3468,83.078,0.308
3469,83.471,0.3027
3470,83.859,0.2978
3471,84.346,0.2928
3472,84.745,0.2878
3473,84.799,0.2828
3474,84.461,0.278
3475,83.931,0.2715
3476,83.448,0.2645
3477,83.056,0.2567
3478,82.638,0.2482
3479,82.194,0.2387
3480,81.938,0.2292
3481,82.041,0.2197
3482,82.403,0.2105
3483,82.731,0.203
3484,82.781,0.1958
3485,82.516,0.1885
3486,82.11,0.181
3487,81.765,0.1735
3488,81.571,0.1662
3489,81.575,0.159
3490,81.813,0.1515
3491,82.24,0.1447
3492,82.743,0.1383
3493,83.232,0.1318
3494,83.674,0.1253
3495,84.053,0.1192
3496,84.351,0.113
3497,84.566,0.1068
3498,84.712,0.1005
3499,84.865,0.0943
3500,85.111,0.0885
3501,85.363,0.0835
3502,85.388,0.0785
3503,85.082,0.0747
3504,84.595,0.0708
3505,84.17,0.0668
3506,83.948,0.0628
3507,83.888,0.0602
3508,83.808,0.058
3509,83.575,0.0558
3510,83.249,0.0535
3511,83,0.0515
3512,82.932,0.0493
3513,83.031,0.047
3514,83.212,0.0445
3515,83.373,0.045
3516,83.508,0.0445
3517,83.732,0.0447
3518,84.12,0.045
3519,84.594,0.046
3520,85,0.0465
3521,85.233,0.047
3522,85.302,0.0475
3523,85.295,0.048
3524,85.279,0.0483
3525,85.277,0.0493
3526,85.272,0.0505
3527,85.201,0.0517
3528,84.978,0.0527
3529,84.588,0.0537
3530,84.125,0.055
3531,83.734,0.0558
3532,83.506,0.0562
3533,83.439,0.0565
3534,83.503,0.0558
3535,83.729,0.055
3536,84.169,0.0545
3537,84.778,0.0542
3538,85.407,0.0553
3539,85.946,0.056
3540,86.426,0.0562
3541,86.951,0.056
3542,87.563,0.0567
3543,88.23,0.058
3544,88.975,0.0588
3545,89.963,0.0595
3546,91.355,0.0605
3547,93.106,0.0612
3548,94.921,0.0617
3549,96.449,0.0625
3550,97.54,0.0633
3551,98.307,0.064
3552,98.96,0.065
3553,99.692,0.0663
3554,100.707,0.0678
3555,102.102,0.0673
3556,103.59,0.0682
3557,104.57,0.0692
3558,104.559,0.0705
3559,103.566,0.0718
3560,102.128,0.0735
3561,100.914,0.0757
3562,100.184,0.0772
3563,99.801,0.0788
3564,99.667,0.0805
3565,99.842,0.0815
3566,100.338,0.082
3567,101.006,0.0825
3568,101.592,0.0843
3569,101.915,0.0865
3570,102.017,0.0885
3571,102.088,0.0905
3572,102.229,0.0925
3573,102.37,0.095
3574,102.416,0.0975
3575,102.402,0.1
3576,102.457,0.1027
3577,102.636,0.1053
3578,102.826,0.1058
3579,102.846,0.1063
3580,102.624,0.107
3581,102.226,0.108
3582,101.755,0.108
3583,101.263,0.108
3584,100.774,0.1087
3585,100.383,0.1095
3586,100.225,0.1105
3587,100.304,0.1118
3588,100.474,0.1128
3589,100.634,0.1135
3590,100.802,0.1143
3591,100.971,0.115
3592,101.056,0.1157
3593,100.977,0.116
3594,100.782,0.1165
3595,100.678,0.1175
3596,100.839,0.1182
3597,101.163,0.119
3598,101.34,0.1195
3599,101.178,0.12
3600,100.766,0.121
3601,100.35,0.1215
3602,100.104,0.1228
3603,100.033,0.1242
3604,100.054,0.125
3605,100.148,0.1258
3606,100.373,0.127
3607,100.761,0.1283
3608,101.293,0.1288
3609,101.916,0.1285
3610,102.541,0.1285
3611,103.078,0.129
3612,103.471,0.1295
3613,103.699,0.1298
3614,103.79,0.1313
3615,103.797,0.1325
3616,103.725,0.1335
3617,103.569,0.1345
3618,103.386,0.1363
3619,103.238,0.1393
3620,103.143,0.1415
3621,103.078,0.1435
3622,103.01,0.1452
3623,102.92,0.1473
3624,102.807,0.1497
3625,102.637,0.1522
3626,102.329,0.1542
3627,101.833,0.1568
3628,101.242,0.1595
3629,100.826,0.1625
3630,100.876,0.1655
3631,101.466,0.1685
3632,102.367,0.1708
3633,103.177,0.1733
3634,103.584,0.1755
3635,103.571,0.1775
3636,103.331,0.1808
3637,103.026,0.184
3638,102.717,0.1875
3639,102.435,0.191
3640,102.205,0.1933
3641,102.046,0.1955
3642,101.958,0.198
3643,101.931,0.201
3644,101.999,0.2045
3645,102.223,0.2085
3646,102.55,0.2122
3647,102.797,0.2145
3648,102.792,0.2162
3649,102.473,0.2175
3650,101.917,0.2197
3651,101.295,0.2223
3652,100.755,0.2248
3653,100.367,0.2275
3654,100.147,0.2292
3655,100.007,0.2312
3656,99.786,0.2332
3657,99.405,0.235
3658,98.955,0.2377
3659,98.553,0.2395
3660,98.154,0.2415
3661,97.601,0.2433
3662,96.923,0.2455
3663,96.429,0.2475
3664,96.43,0.249
3665,96.936,0.251
3666,97.624,0.2522
3667,98.107,0.253
3668,98.26,0.2537
3669,98.243,0.2543
3670,98.271,0.255
3671,98.484,0.2557
3672,98.961,0.257
3673,99.673,0.258
3674,100.428,0.259
3675,100.995,0.2595
3676,101.298,0.259
3677,101.431,0.2585
3678,101.529,0.258
3679,101.684,0.2573
3680,101.909,0.2567
3681,102.155,0.2563
3682,102.354,0.255
3683,102.442,0.253
3684,102.387,0.251
3685,102.229,0.249
3686,102.077,0.2467
3687,102.01,0.2457
3688,102.01,0.2447
3689,102.011,0.2445
3690,101.98,0.243
3691,101.955,0.2407
3692,102.072,0.2385
3693,102.445,0.2367
3694,103.011,0.2348
3695,103.552,0.2325
3696,103.87,0.2302
3697,103.918,0.2282
3698,103.824,0.225
3699,103.746,0.2215
3700,103.741,0.2182
3701,103.831,0.2152
3702,104.074,0.212
3703,104.484,0.2077
3704,104.965,0.2035
3705,105.369,0.1988
3706,105.596,0.1948
3707,105.658,0.19
3708,105.649,0.1852
3709,105.637,0.1805
3710,105.628,0.176
3711,105.631,0.1713
3712,105.723,0.1667
3713,105.957,0.1625
3714,106.219,0.1583
3715,106.303,0.1542
3716,106.122,0.15
3717,105.789,0.1457
3718,105.535,0.1415
3719,105.552,0.1385
3720,105.8,0.1358
3721,106.049,0.133
3722,106.135,0.1308
3723,106.063,0.1285
3724,105.878,0.126
3725,105.57,0.1228
3726,105.115,0.1197
3727,104.541,0.117
3728,103.929,0.1148
3729,103.38,0.111
3730,103.012,0.1075
3731,102.876,0.104
3732,102.882,0.1007
3733,102.832,0.0975
3734,102.517,0.0953
3735,101.861,0.0932
3736,101.063,0.0912
3737,100.499,0.0897
3738,100.418,0.088
3739,100.76,0.0862
3740,101.253,0.0845
3741,101.592,0.083
3742,101.597,0.0813
3743,101.348,0.0805
3744,101.102,0.0798
3745,101.011,0.079
3746,101.015,0.0788
3747,101.01,0.0793
3748,100.997,0.0798
3749,101.08,0.0803
3750,101.331,0.0805
3751,101.656,0.081
3752,101.895,0.0815
3753,102.05,0.082
3754,102.28,0.0825
3755,102.649,0.082
3756,103.029,0.0815
3757,103.264,0.081
3758,103.325,0.0805
3759,103.277,0.0788
3760,103.143,0.0772
3761,102.846,0.0757
3762,102.304,0.0742
3763,101.637,0.072
3764,101.153,0.0703
3765,101.06,0.0687
3766,101.308,0.0675
3767,101.729,0.0663
3768,102.199,0.0643
3769,102.679,0.0638
3770,103.135,0.063
3771,103.438,0.0622
3772,103.427,0.0612
3773,103.104,0.06
3774,102.69,0.0588
3775,102.392,0.0575
3776,102.103,0.056
3777,101.495,0.054
3778,100.545,0.053
3779,99.697,0.052
3780,99.429,0.051
3781,99.851,0.0498
3782,100.634,0.0483
3783,101.28,0.0467
3784,101.537,0.0452
3785,101.473,0.0438
3786,101.19,0.0413
3787,100.771,0.0385
3788,100.43,0.0358
3789,100.405,0.033
3790,100.726,0.03
3791,101.209,0.0267
3792,101.637,0.0235
3793,101.893,0.0202
3794,101.966,0.017
3795,101.869,0.0148
3796,101.601,0.0125
3797,101.247,0.0107
3798,101.02,0.0095
3799,101.125,0.0085
3800,101.558,0.007
3801,102.079,0.0055
3802,102.454,0.004
3803,102.68,0.0032
3804,102.902,0.0023
3805,103.209,0.0017
3806,103.541,0.0013
3807,103.749,0.0008
3808,103.719,0.0005
3809,103.461,0.0015
3810,103.11,0.0028
3811,102.867,0.004
3812,102.878,0.0053
3813,103.137,0.0065
3814,103.484,0.0077
3815,103.736,0.009
3816,103.832,0.0105
3817,103.839,0.0123
3818,103.826,0.0135
3819,103.808,0.0148
3820,103.804,0.016
3821,103.887,0.0178
3822,104.122,0.02
3823,104.445,0.0222
3824,104.676,0.0245
3825,104.678,0.027
3826,104.448,0.03
3827,104.063,0.0333
3828,103.567,0.0367
3829,102.986,0.0405
3830,102.537,0.0443
3831,102.607,0.0483
3832,103.332,0.0522
3833,104.279,0.056
3834,104.697,0.06
3835,104.106,0.064
3836,102.689,0.0682
3837,101.125,0.0723
3838,100.032,0.0757
3839,99.597,0.0793
3840,99.631,0.0835
3841,99.84,0.088
3842,100.021,0.0925
3843,100.177,0.0968
3844,100.48,0.1005
3845,101.02,0.1043
3846,101.664,0.108
3847,102.219,0.1118
3848,102.599,0.1157
3849,102.82,0.119
3850,102.966,0.1223
3851,103.118,0.1255
3852,103.275,0.1285
3853,103.356,0.1323
3854,103.218,0.136
3855,102.743,0.1398
3856,102.027,0.1435
3857,101.39,0.1473
3858,101.084,0.151
3859,101.102,0.1547
3860,101.27,0.1583
3861,101.374,0.1613
3862,101.233,0.1645
3863,100.702,0.1677
3864,99.673,0.171
3865,98.219,0.174
3866,96.678,0.1775
3867,95.475,0.1805
3868,94.931,0.1835
3869,95.138,0.1862
3870,95.852,0.1893
3871,96.602,0.1923
3872,97.016,0.1955
3873,97.064,0.199
3874,97.003,0.2022
3875,97.077,0.2057
3876,97.297,0.209
3877,97.534,0.212
3878,97.692,0.215
3879,97.761,0.2178
3880,97.787,0.2205
3881,97.785,0.223
3882,97.655,0.2255
3883,97.304,0.2285
3884,96.814,0.232
3885,96.387,0.2345
3886,96.193,0.2373
3887,96.313,0.24
3888,96.703,0.2425
3889,97.247,0.2445
3890,97.902,0.2467
3891,98.562,0.249
3892,98.963,0.2518
3893,98.962,0.2535
3894,98.708,0.255
3895,98.402,0.2565
3896,98.087,0.2583
3897,97.718,0.2597
3898,97.322,0.2612
3899,97.075,0.2627
3900,97.093,0.2662
3901,97.235,0.2702
3902,97.298,0.2735
3903,97.285,0.2767
3904,97.356,0.2785
3905,97.604,0.28
3906,97.952,0.281
3907,98.267,0.2825
3908,98.515,0.283
3909,98.758,0.2835
3910,99.05,0.284
3911,99.378,0.2845
3912,99.685,0.2848
3913,99.927,0.2843
3914,100.073,0.2833
3915,100.11,0.282
3916,100.096,0.2807
3917,100.165,0.2795
3918,100.403,0.2782
3919,100.724,0.2772
3920,100.955,0.276
3921,101.085,0.2747
3922,101.291,0.2727
3923,101.701,0.2705
3924,102.218,0.2687
3925,102.58,0.2675
3926,102.573,0.2662
3927,102.235,0.265
3928,101.824,0.2637
3929,101.55,0.2625
3930,101.404,0.261
3931,101.261,0.2595
3932,101.038,0.2577
3933,100.729,0.256
3934,100.403,0.2547
3935,100.165,0.2535
3936,100.063,0.252
3937,100.12,0.2505
3938,100.423,0.2488
3939,100.998,0.2472
3940,101.669,0.244
3941,102.154,0.2403
3942,102.305,0.2377
3943,102.255,0.2355
3944,102.309,0.2348
3945,102.619,0.2342
3946,103.009,0.2338
3947,103.191,0.2335
3948,103.104,0.234
3949,102.933,0.2345
3950,102.863,0.2352
3951,102.879,0.236
3952,102.809,0.237
3953,102.493,0.2383
3954,101.939,0.2403
3955,101.313,0.2425
3956,100.774,0.2447
3957,100.389,0.247
3958,100.177,0.2498
3959,100.119,0.253
3960,100.124,0.2563
3961,100.056,0.2595
3962,99.825,0.2637
3963,99.494,0.2687
3964,99.238,0.2735
3965,99.15,0.2785
3966,99.172,0.2833
3967,99.186,0.2885
3968,99.117,0.2938
3969,98.971,0.2988
3970,98.813,0.3037
3971,98.663,0.3095
3972,98.487,0.3152
3973,98.257,0.321
3974,97.949,0.3265
3975,97.54,0.3325
3976,97.073,0.3387
3977,96.669,0.3455
3978,96.428,0.353
3979,96.344,0.36
3980,96.345,0.367
3981,96.358,0.3743
3982,96.298,0.3808
3983,96.077,0.3867
3984,95.678,0.3927
3985,95.201,0.3985
3986,94.803,0.4045
3987,94.584,0.41
3988,94.528,0.4155
3989,94.535,0.4205
3990,94.541,0.4253
3991,94.551,0.4295
3992,94.548,0.4335
3993,94.395,0.4387
3994,93.926,0.4437
3995,93.177,0.4485
3996,92.445,0.4532
3997,92.098,0.458
3998,92.334,0.4622
3999,93.074,0.466
4000,94.087,0.4698
4001,95.198,0.4738
4002,96.359,0.4775
4003,97.581,0.4808
4004,98.834,0.4837
4005,100,0.4878
4006,100.95,0.4918
4007,101.645,0.4955
4008,102.162,0.4993
4009,102.621,0.5038
4010,103.08,0.5082
4011,103.48,0.512
4012,103.712,0.5155
4013,103.726,0.5192
4014,103.567,0.523
4015,103.327,0.5248
4016,103.096,0.5278
4017,102.92,0.5302
4018,102.796,0.533
4019,102.729,0.536
4020,102.746,0.539
4021,102.765,0.5423
4022,102.597,0.5465
4023,102.17,0.551
4024,101.646,0.5555
4025,101.306,0.5603
4026,101.324,0.5647
4027,101.591,0.5695
4028,101.851,0.5743
4029,102.027,0.5795
4030,102.255,0.584
4031,102.629,0.5893
4032,103.077,0.5945
4033,103.462,0.5998
4034,103.701,0.606
4035,103.792,0.6123
4036,103.746,0.6188
4037,103.532,0.6252
4038,103.146,0.6305
4039,102.679,0.6358
4040,102.281,0.6408
4041,102.052,0.6455
4042,101.98,0.6492
4043,101.977,0.6528
4044,101.98,0.657
4045,101.958,0.6603
4046,101.868,0.6635
4047,101.698,0.6663
4048,101.524,0.6693
4049,101.452,0.672
4050,101.526,0.6745
4051,101.698,0.677
4052,101.86,0.6797
4053,101.94,0.6822
4054,101.957,0.685
4055,101.963,0.6893
4056,101.972,0.6917
4057,101.975,0.6945
4058,101.968,0.6965
4059,101.958,0.6985
4060,101.94,0.7005
4061,101.864,0.7015
4062,101.634,0.7023
4063,101.169,0.703
4064,100.475,0.7037
4065,99.681,0.7045
4066,98.981,0.706
4067,98.51,0.7075
4068,98.283,0.7077
4069,98.223,0.709
4070,98.232,0.71
4071,98.252,0.711
4072,98.268,0.712
4073,98.283,0.7123
4074,98.294,0.7125
4075,98.293,0.7127
4076,98.296,0.7127
4077,98.37,0.7132
4078,98.577,0.7157
4079,98.877,0.7182
4080,99.156,0.721
4081,99.374,0.724
4082,99.604,0.728
4083,99.926,0.7322
4084,100.282,0.736
4085,100.444,0.739
4086,100.215,0.7417
4087,99.647,0.7448
4088,99.004,0.7475
4089,98.526,0.75
4090,98.284,0.7528
4091,98.206,0.7555
4092,98.191,0.7582
4093,98.191,0.761
4094,98.194,0.763
4095,98.144,0.765
4096,97.941,0.767
4097,97.505,0.7688
4098,96.821,0.7702
4099,95.951,0.7715
4100,95.005,0.7728
4101,94.116,0.7745
4102,93.402,0.7755
4103,92.935,0.7765
4104,92.708,0.7768
4105,92.641,0.777
4106,92.636,0.7762
4107,92.634,0.7755
4108,92.628,0.7745
4109,92.626,0.7725
4110,92.626,0.7712
4111,92.638,0.7708
4112,92.722,0.7695
4113,92.949,0.7682
4114,93.342,0.766
4115,93.87,0.7638
4116,94.478,0.7615
4117,95.103,0.7582
4118,95.721,0.7542
4119,96.363,0.7498
4120,97.063,0.7455
4121,97.84,0.7405
4122,98.704,0.7348
4123,99.628,0.7285
4124,100.573,0.722
4125,101.506,0.716
4126,102.365,0.7103
4127,103.054,0.703
4128,103.507,0.696
4129,103.727,0.689
4130,103.785,0.682
4131,103.774,0.6753
4132,103.753,0.6675
4133,103.739,0.6593
4134,103.739,0.6515
4135,103.742,0.6437
4136,103.681,0.6348
4137,103.465,0.6258
4138,103.075,0.6188
4139,102.615,0.612
4140,102.295,0.6068
4141,102.301,0.6015
4142,102.615,0.596
4143,103.009,0.5905
4144,103.263,0.5862
4145,103.328,0.5815
4146,103.261,0.577
4147,103.108,0.5727
4148,102.876,0.571
4149,102.571,0.57
4150,102.256,0.569
4151,102.039,0.5663
4152,101.978,0.5643
4153,102.054,0.5615
4154,102.208,0.5593
4155,102.37,0.557
4156,102.511,0.5548
4157,102.662,0.5533
4158,102.807,0.552
4159,102.865,0.551
4160,102.78,0.5497
4161,102.595,0.549
4162,102.434,0.5488
4163,102.385,0.5488
4164,102.394,0.5488
4165,102.342,0.549
4166,102.18,0.5495
4167,101.945,0.5513
4168,101.704,0.5525
4169,101.523,0.5537
4170,101.462,0.555
4171,101.546,0.556
4172,101.729,0.558
4173,101.899,0.5605
4174,101.981,0.563
4175,101.99,0.5653
4176,101.976,0.5687
4177,101.956,0.5723
4178,101.955,0.574
4179,102.041,0.5752
4180,102.22,0.575
4181,102.333,0.5747
4182,102.188,0.575
4183,101.769,0.5755
4184,101.261,0.5755
4185,100.93,0.5755
4186,100.924,0.5755
4187,101.106,0.575
4188,101.188,0.5735
4189,101.037,0.5712
4190,100.781,0.569
4191,100.656,0.5667
4192,100.816,0.5645
4193,101.206,0.5627
4194,101.607,0.5605
4195,101.839,0.5583
4196,101.912,0.556
4197,101.974,0.5535
4198,102.125,0.5508
4199,102.308,0.5522
4200,102.401,0.551
4201,102.336,0.5497
4202,102.176,0.548
4203,102.086,0.5477
4204,102.171,0.5475
4205,102.339,0.547
4206,102.424,0.5463
4207,102.354,0.5465
4208,102.181,0.547
4209,102.023,0.5475
4210,101.957,0.5477
4211,101.959,0.5485
4212,101.974,0.5493
4213,101.979,0.55
4214,101.979,0.5508
4215,101.969,0.5522
4216,101.967,0.554
4217,102.044,0.555
4218,102.271,0.5563
4219,102.59,0.5573
4220,102.819,0.5585
4221,102.808,0.5597
4222,102.545,0.5607
4223,102.136,0.5615
4224,101.742,0.563
4225,101.485,0.565
4226,101.414,0.567
4227,101.574,0.5695
4228,101.992,0.5715
4229,102.56,0.5735
4230,103.038,0.5757
4231,103.207,0.5787
4232,103.031,0.5827
4233,102.712,0.587
4234,102.553,0.5915
4235,102.645,0.596
4236,102.735,0.601
4237,102.512,0.6055
4238,101.948,0.61
4239,101.304,0.6108
4240,100.843,0.6143
4241,100.6,0.617
4242,100.381,0.6208
4243,99.989,0.623
4244,99.44,0.6252
4245,98.903,0.6293
4246,98.5,0.6322
4247,98.216,0.6348
4248,97.942,0.6372
4249,97.564,0.6408
4250,97.042,0.6442
4251,96.424,0.6472
4252,95.79,0.6502
4253,95.168,0.6535
4254,94.537,0.6575
4255,93.918,0.6615
4256,93.388,0.6655
4257,92.991,0.6703
4258,92.694,0.6755
4259,92.392,0.6815
4260,92.004,0.6873
4261,91.547,0.6933
4262,91.08,0.699
4263,90.619,0.7052
4264,90.144,0.7105
4265,89.673,0.7157
4266,89.282,0.7208
4267,89.053,0.7255
4268,88.981,0.7313
4269,88.973,0.7368
4270,88.899,0.742
4271,88.659,0.747
4272,88.269,0.7508
4273,87.875,0.7555
4274,87.638,0.7598
4275,87.581,0.764
4276,87.58,0.7678
4277,87.516,0.7718
4278,87.43,0.7752
4279,87.495,0.779
4280,87.816,0.7827
4281,88.35,0.787
4282,88.982,0.7915
4283,89.6,0.7952
4284,90.133,0.799
4285,90.586,0.8025
4286,91.032,0.8073
4287,91.571,0.8117
4288,92.266,0.8162
4289,93.059,0.8197
4290,93.836,0.824
4291,94.54,0.8283
4292,95.166,0.8325
4293,95.692,0.8363
4294,96.09,0.8393
4295,96.388,0.8417
4296,96.683,0.8455
4297,97.077,0.8493
4298,97.603,0.8523
4299,98.222,0.855
4300,98.848,0.8578
4301,99.395,0.86
4302,99.804,0.8625
4303,100.04,0.8645
4304,100.123,0.8668
4305,100.126,0.868
4306,100.114,0.8695
4307,100.104,0.871
4308,100.092,0.8727
4309,100.079,0.8745
4310,100.066,0.8762
4311,100.056,0.8783
4312,100.049,0.8807
4313,100.044,0.8825
4314,100.036,0.8845
4315,100.041,0.8865
4316,100.123,0.8885
4317,100.359,0.8905
4318,100.772,0.8932
4319,101.327,0.8955
4320,101.962,0.8977
4321,102.593,0.9
4322,103.135,0.9017
4323,103.53,0.904
4324,103.751,0.9062
4325,103.828,0.9067
4326,103.828,0.907
4327,103.75,0.9065
4328,103.52,0.906
4329,103.121,0.9052
4330,102.649,0.9038
4331,102.252,0.9022
4332,102.029,0.9007
4333,101.968,0.8998
4334,101.977,0.8982
4335,101.986,0.897
4336,101.98,0.8945
4337,101.968,0.8915
4338,101.949,0.8882
4339,101.942,0.8852
4340,102.015,0.8823
4341,102.253,0.879
4342,102.649,0.8762
4343,103.038,0.8735
4344,103.191,0.8705
4345,102.999,0.8682
4346,102.604,0.8658
4347,102.352,0.8632
4348,102.508,0.86
4349,103.005,0.8563
4350,103.544,0.8523
4351,103.871,0.8483
4352,103.931,0.8438
4353,103.85,0.8382
4354,103.785,0.8325
4355,103.787,0.827
4356,103.875,0.8215
4357,104.105,0.816
4358,104.493,0.81
4359,104.955,0.8042
4360,105.351,0.7985
4361,105.585,0.793
4362,105.665,0.7872
4363,105.669,0.782
4364,105.655,0.7768
4365,105.643,0.772
4366,105.705,0.7667
4367,105.995,0.7627
4368,106.629,0.759
4369,107.518,0.7555
4370,108.336,0.752
4371,108.675,0.7485
4372,108.341,0.7452
4373,107.524,0.7417
4374,106.635,0.7385
4375,105.992,0.735
4376,105.623,0.7315
4377,105.336,0.7285
4378,104.972,0.725
4379,104.514,0.722
4380,103.972,0.7193
4381,103.348,0.7173
4382,102.696,0.7147
4383,102.069,0.7125
4384,101.468,0.7105
4385,100.881,0.7095
4386,100.286,0.7087
4387,99.666,0.708
4388,99.041,0.707
4389,98.418,0.7067
4390,97.77,0.7065
4391,97.159,0.7063
4392,96.712,0.7063
4393,96.431,0.7067
4394,96.152,0.7075
4395,95.695,0.708
4396,94.998,0.7083
4397,94.12,0.7083
4398,93.176,0.7085
4399,92.29,0.7083
4400,91.57,0.708
4401,91.081,0.7075
4402,90.84,0.7075
4403,90.839,0.7072
4404,91.066,0.707
4405,91.468,0.7067
4406,91.936,0.707
4407,92.327,0.7067
4408,92.558,0.7063
4409,92.704,0.705
4410,92.948,0.704
4411,93.432,0.7027
4412,94.145,0.7015
4413,94.952,0.7003
4414,95.718,0.6997
4415,96.411,0.6995
4416,97.1,0.699
4417,97.849,0.6985
4418,98.638,0.6987
4419,99.401,0.6985
4420,100.102,0.698
4421,100.734,0.6973
4422,101.272,0.6955
4423,101.666,0.6937
4424,101.893,0.6925
4425,102.04,0.6905
4426,102.266,0.6883
4427,102.641,0.686
4428,103.088,0.684
4429,103.472,0.6825
4430,103.69,0.6813
4431,103.69,0.6803
4432,103.472,0.6785
4433,103.083,0.6777
4434,102.627,0.6767
4435,102.235,0.6757
4436,102.004,0.6753
4437,101.932,0.6757
4438,101.925,0.676
4439,101.856,0.6757
4440,101.63,0.6755
4441,101.244,0.6777
4442,100.791,0.679
4443,100.407,0.6803
4444,100.184,0.6817
4445,100.116,0.683
4446,100.105,0.6853
4447,100.043,0.6875
4448,99.885,0.6897
4449,99.639,0.6927
4450,99.327,0.6955
4451,99.008,0.6985
4452,98.784,0.7012
4453,98.707,0.7032
4454,98.719,0.7045
4455,98.719,0.7055
4456,98.612,0.71
4457,98.357,0.7145
4458,98.037,0.7185
4459,97.787,0.7225
4460,97.65,0.7268
4461,97.586,0.7315
4462,97.533,0.7372
4463,97.406,0.7428
4464,97.164,0.7502
4465,96.86,0.7575
4466,96.543,0.765
4467,96.226,0.7742
4468,95.923,0.7835
4469,95.617,0.7925
4470,95.296,0.8015
4471,94.988,0.8103
4472,94.752,0.818
4473,94.665,0.825
4474,94.756,0.8325
4475,94.923,0.8403
4476,95.014,0.8478
4477,94.945,0.8545
4478,94.697,0.8615
4479,94.301,0.8693
4480,93.832,0.8773
4481,93.37,0.883
4482,92.999,0.8895
4483,92.785,0.8962
4484,92.716,0.9028
4485,92.71,0.9093
4486,92.706,0.915
4487,92.699,0.921
4488,92.684,0.9272
4489,92.606,0.9362
4490,92.385,0.9458
4491,91.994,0.9555
4492,91.456,0.9652
4493,90.829,0.975
4494,90.205,0.9852
4495,89.657,0.9965
4496,89.184,1.005
4497,88.733,1.0138
4498,88.274,1.0235
4499,87.83,1.0335
4500,87.46,1.0435
4501,87.178,1.0528
4502,86.875,1.062
4503,86.394,1.0713
4504,85.686,1.0783
4505,84.883,1.084
4506,84.179,1.0897
4507,83.621,1.094
4508,83.079,1.0982
4509,82.456,1.1015
4510,81.826,1.105
4511,81.306,1.1085
4512,80.882,1.114
4513,80.379,1.1192
4514,79.616,1.125
4515,78.582,1.1305
4516,77.452,1.136
4517,76.415,1.1418
4518,75.617,1.1445
4519,75.169,1.1502
4520,75.056,1.1558
4521,75.084,1.1607
4522,75.021,1.1645
4523,74.777,1.1683
4524,74.455,1.172
4525,74.232,1.1755
4526,74.153,1.1785
4527,74.079,1.181
4528,73.857,1.1818
4529,73.463,1.1798
4530,72.995,1.179
4531,72.599,1.1775
4532,72.373,1.176
4533,72.287,1.175
4534,72.21,1.1738
4535,72.06,1.1713
4536,71.896,1.1678
4537,71.815,1.1638
4538,71.819,1.158
4539,71.831,1.152
4540,71.754,1.146
4541,71.526,1.1402
4542,71.204,1.1342
4543,70.967,1.128
4544,71.029,1.1213
4545,71.496,1.1165
4546,72.22,1.1115
4547,72.859,1.1067
4548,73.174,1.1018
4549,73.238,1.0967
4550,73.294,1.0915
4551,73.503,1.086
4552,73.873,1.0802
4553,74.392,1.0745
4554,75.107,1.067
4555,76.001,1.0595
4556,76.887,1.052
4557,77.53,1.044
4558,77.891,1.0393
4559,78.17,1.032
4560,78.611,1.0245
4561,79.311,1.0178
4562,80.189,1.0117
4563,81.04,1.0052
4564,81.672,0.999
4565,82.097,0.9928
4566,82.545,0.9867
4567,83.241,0.981
4568,84.189,0.9765
4569,85.17,0.9705
4570,85.931,0.9635
4571,86.402,0.9567
4572,86.692,0.9498
4573,86.913,0.9427
4574,87.071,0.9355
4575,87.114,0.9285
4576,87.03,0.9217
4577,86.91,0.9143
4578,86.925,0.9078
4579,87.251,0.9012
4580,88.034,0.8943
4581,89.256,0.8865
4582,90.567,0.879
4583,91.504,0.8717
4584,91.874,0.8648
4585,91.867,0.8565
4586,91.975,0.8485
4587,92.682,0.84
4588,94.04,0.8317
4589,95.63,0.8235
4590,96.989,0.8153
4591,97.919,0.8073
4592,98.508,0.7997
4593,98.977,0.7905
4594,99.499,0.7823
4595,100.122,0.774
4596,100.815,0.7658
4597,101.501,0.758
4598,102.063,0.75
4599,102.431,0.7417
4600,102.643,0.7325
4601,102.785,0.723
4602,102.923,0.7137
4603,103.089,0.7047
4604,103.252,0.695
4605,103.331,0.6853
4606,103.269,0.6755
4607,103.094,0.6655
4608,102.924,0.6585
4609,102.867,0.6528
4610,102.879,0.6448
4611,102.821,0.636
4612,102.67,0.6302
4613,102.581,0.6247
4614,102.671,0.6198
4615,102.826,0.615
4616,102.826,0.6105
4617,102.605,0.6088
4618,102.3,0.607
4619,102.078,0.605
4620,101.951,0.6035
4621,101.774,0.6032
4622,101.348,0.6038
4623,100.623,0.605
4624,99.916,0.6058
4625,99.74,0.6075
4626,100.307,0.609
4627,101.363,0.6118
4628,102.436,0.614
4629,103.225,0.6178
4630,103.795,0.6218
4631,104.219,0.6258
4632,104.141,0.631
4633,103.15,0.6382
4634,101.489,0.6455
4635,100.064,0.6537
4636,99.714,0.6627
4637,100.514,0.672
4638,101.779,0.6795
4639,102.709,0.6857
4640,102.974,0.692
4641,102.775,0.6983
4642,102.507,0.7045
4643,102.439,0.7127
4644,102.654,0.7208
4645,103.143,0.729
4646,103.788,0.7372
4647,104.309,0.7458
4648,104.42,0.7498
4649,104.093,0.7542
4650,103.582,0.762
4651,103.238,0.771
4652,103.223,0.7772
4653,103.32,0.7827
4654,103.167,0.7875
4655,102.696,0.7917
4656,102.167,0.796
4657,101.838,0.7987
4658,101.793,0.802
4659,101.955,0.8055
4660,102.184,0.8087
4661,102.365,0.8115
4662,102.433,0.8138
4663,102.364,0.8153
4664,102.196,0.8175
4665,102.034,0.818
4666,101.983,0.819
4667,102.069,0.819
4668,102.158,0.8202
4669,102.002,0.821
4670,101.485,0.8218
4671,100.821,0.8223
4672,100.396,0.8202
4673,100.43,0.8183
4674,100.793,0.8165
4675,101.118,0.814
4676,101.136,0.8115
4677,100.895,0.808
4678,100.584,0.8065
4679,100.263,0.807
4680,99.885,0.809
4681,99.432,0.8113
4682,98.895,0.8143
4683,98.202,0.8147
4684,97.268,0.816
4685,96.093,0.8175
4686,94.815,0.819
4687,93.64,0.8212
4688,92.693,0.8255
4689,92.012,0.8275
4690,91.654,0.8283
4691,91.614,0.83
4692,91.609,0.8317
4693,91.161,0.8345
4694,89.974,0.8375
4695,88.213,0.8412
4696,86.409,0.846
4697,85.029,0.8507
4698,84.046,0.8552
4699,83.055,0.8545
4700,81.786,0.8575
4701,80.362,0.862
4702,79.156,0.8665
4703,78.474,0.8685
4704,78.297,0.8705
4705,78.316,0.874
4706,78.198,0.8773
4707,77.811,0.8785
4708,77.256,0.879
4709,76.727,0.8795
4710,76.345,0.8798
4711,76.062,0.8788
4712,75.698,0.8785
4713,75.15,0.8783
4714,74.504,0.8778
4715,73.88,0.878
4716,73.286,0.877
4717,72.671,0.8778
4718,71.974,0.8783
4719,71.184,0.8755
4720,70.394,0.8725
4721,69.697,0.8693
4722,69.129,0.8655
4723,68.758,0.861
4724,68.6,0.8563
4725,68.517,0.851
4726,68.366,0.8458
4727,68.127,0.8405
4728,67.831,0.835
4729,67.511,0.8313
4730,67.213,0.8273
4731,66.97,0.8218
4732,66.81,0.8127
4733,66.745,0.8035
4734,66.742,0.7928
4735,66.749,0.7815
4736,66.749,0.769
4737,66.749,0.756
4738,66.753,0.7415
4739,66.75,0.7322
4740,66.752,0.719
4741,66.831,0.7047
4742,67.06,0.6907
4743,67.378,0.6793
4744,67.61,0.6675
4745,67.656,0.6537
4746,67.641,0.6402
4747,67.86,0.6285
4748,68.507,0.6168
4749,69.419,0.6035
4750,70.209,0.5885
4751,70.613,0.575
4752,70.653,0.5615
4753,70.521,0.548
4754,70.413,0.5345
4755,70.456,0.5197
4756,70.761,0.5055
4757,71.395,0.4902
4758,72.27,0.473
4759,73.139,0.458
4760,73.77,0.4425
4761,74.143,0.427
4762,74.441,0.4123
4763,74.834,0.398
4764,75.304,0.384
4765,75.712,0.3703
4766,75.961,0.3575
4767,76.093,0.344
4768,76.24,0.3297
4769,76.533,0.3142
4770,77.055,0.2983
4771,77.787,0.2825
4772,78.656,0.2702
4773,79.599,0.257
4774,80.549,0.2455
4775,81.454,0.234
4776,82.307,0.2227
4777,83.089,0.212
4778,83.771,0.2027
4779,84.34,0.1928
4780,84.721,0.183
4781,84.815,0.1723
4782,84.579,0.161
4783,83.984,0.1507
4784,83.098,0.1405
4785,82.322,0.1303
4786,82.232,0.1197
4787,83.048,0.1092
4788,84.386,0.0988
4789,85.565,0.0895
4790,86.148,0.0813
4791,86.216,0.073
4792,86.111,0.0648
4793,85.952,0.056
4794,85.557,0.0473
4795,84.816,0.039
4796,83.94,0.0293
4797,83.294,0.0192
4798,83.064,0.0112
4799,83.111,0.0032
4800,83.138,-0.004
4801,83.022,-0.0107
4802,82.93,-0.0185
4803,83.136,-0.0255
4804,83.73,-0.0325
4805,84.479,-0.0385
4806,85.042,-0.0455
4807,85.263,-0.0525
4808,85.221,-0.0595
4809,85.149,-0.065
4810,85.362,-0.07
4811,86.094,-0.075
4812,87.293,-0.08
4813,88.536,-0.0855
4814,89.354,-0.0907
4815,89.692,-0.096
4816,89.937,-0.1015
4817,90.514,-0.1073
4818,91.539,-0.113
4819,92.852,-0.118
4820,94.326,-0.123
4821,96.04,-0.1275
4822,98.084,-0.132
4823,100.302,-0.1375
4824,102.338,-0.1427
4825,103.901,-0.1447
4826,104.961,-0.1467
4827,105.698,-0.148
4828,106.313,-0.1495
4829,106.907,-0.151
4830,107.444,-0.1517
4831,107.828,-0.1525
4832,108.103,-0.154
4833,108.472,-0.1552
4834,109.086,-0.1568
4835,109.939,-0.1585
4836,110.909,-0.1593
4837,111.833,-0.1595
4838,112.593,-0.1598
4839,113.141,-0.1603
4840,113.487,-0.1608
4841,113.716,-0.1618
4842,113.959,-0.1628
4843,114.286,-0.164
4844,114.644,-0.1648
4845,114.886,-0.1665
4846,114.896,-0.1683
4847,114.665,-0.171
4848,114.262,-0.1733
4849,113.72,-0.1755
4850,112.965,-0.1777
4851,111.895,-0.18
4852,110.494,-0.1825
4853,108.84,-0.1835
4854,107.035,-0.1818
4855,105.164,-0.1818
4856,103.266,-0.1815
4857,101.395,-0.1813
4858,99.687,-0.1808
4859,98.29,-0.1813
4860,97.217,-0.1818
4861,96.386,-0.1822
4862,95.704,-0.1822
4863,95.043,-0.1822
4864,94.289,-0.1818
4865,93.46,-0.1825
4866,92.638,-0.1835
4867,91.859,-0.1852
4868,91.105,-0.187
4869,90.314,-0.1888
4870,89.453,-0.1905
4871,88.596,-0.1923
4872,87.811,-0.1925
4873,87.035,-0.1925
4874,86.195,-0.192
4875,85.34,-0.1913
4876,84.564,-0.1903
4877,83.881,-0.1895
4878,83.245,-0.1878
4879,82.62,-0.1857
4880,82.056,-0.1837
4881,81.666,-0.1818
4882,81.454,-0.1795
4883,81.305,-0.177
4884,81.148,-0.1752
4885,81.004,-0.174
4886,80.916,-0.1728
4887,80.918,-0.17
4888,81.001,-0.167
4889,81.139,-0.164
4890,81.378,-0.161
4891,81.822,-0.158
4892,82.526,-0.155
4893,83.406,-0.1517
4894,84.209,-0.1515
4895,84.676,-0.1495
4896,84.798,-0.1475
4897,84.843,-0.145
4898,85.116,-0.1427
4899,85.744,-0.1395
4900,86.678,-0.1363
4901,87.79,-0.133
4902,88.967,-0.1303
4903,90.124,-0.1275
4904,91.22,-0.1258
4905,92.291,-0.1245
4906,93.399,-0.123
4907,94.501,-0.1215
4908,95.451,-0.12
4909,96.153,-0.118
4910,96.644,-0.116
4911,97.094,-0.114
4912,97.748,-0.113
4913,98.745,-0.112
4914,99.971,-0.1113
4915,101.166,-0.1108
4916,102.067,-0.11
4917,102.51,-0.1092
4918,102.602,-0.1095
4919,102.644,-0.1098
4920,102.834,-0.1103
4921,103.164,-0.1108
4922,103.505,-0.1103
4923,103.678,-0.1098
4924,103.602,-0.1095
4925,103.356,-0.1087
4926,103.039,-0.108
4927,102.704,-0.1077
4928,102.394,-0.1075
4929,102.141,-0.1077
4930,101.966,-0.108
4931,101.893,-0.1087
4932,101.958,-0.1085
4933,102.199,-0.1092
4934,102.613,-0.11
4935,103.091,-0.1113
4936,103.428,-0.1125
4937,103.44,-0.1148
4938,103.122,-0.1177
4939,102.648,-0.1197
4940,102.227,-0.1218
4941,101.977,-0.1258
4942,101.889,-0.1308
4943,101.901,-0.1358
4944,101.986,-0.1405
4945,102.18,-0.1447
4946,102.514,-0.1505
4947,102.921,-0.1562
4948,103.205,-0.1618
4949,103.166,-0.1677
4950,102.756,-0.1742
4951,102.152,-0.1808
4952,101.693,-0.1867
4953,101.637,-0.1915
4954,101.962,-0.1962
4955,102.484,-0.2008
4956,103.002,-0.208
4957,103.386,-0.2152
4958,103.622,-0.2225
4959,103.747,-0.2292
4960,103.787,-0.236
4961,103.787,-0.2433
4962,103.783,-0.2508
4963,103.714,-0.2583
4964,103.461,-0.267
4965,103.032,-0.2762
4966,102.69,-0.2855
4967,102.822,-0.2963
4968,103.566,-0.307
4969,104.616,-0.3175
4970,105.522,-0.3282
4971,106.145,-0.3385
4972,106.675,-0.348
4973,107.247,-0.3568
4974,107.708,-0.366
4975,107.789,-0.3747
4976,107.432,-0.3838
4977,106.867,-0.3922
4978,106.362,-0.3995
4979,106.034,-0.4078
4980,105.948,-0.416
4981,106.196,-0.4225
4982,106.73,-0.4285
4983,107.291,-0.4347
4984,107.558,-0.441
4985,107.375,-0.4472
4986,106.872,-0.4517
4987,106.311,-0.4565
4988,105.829,-0.4613
4989,105.402,-0.468
4990,104.958,-0.474
4991,104.42,-0.4797
4992,103.736,-0.4857
4993,102.928,-0.4933
4994,102.059,-0.5008
4995,101.262,-0.5092
4996,100.768,-0.515
4997,100.732,-0.521
4998,101.069,-0.5272
4999,101.528,-0.534
5000,101.81,-0.541
5001,101.705,-0.549
5002,101.264,-0.5575
5003,100.715,-0.566
5004,100.125,-0.5723
5005,99.401,-0.578
5006,98.668,-0.5837
5007,98.361,-0.5882
5008,98.877,-0.5925
5009,100.24,-0.5965
5010,101.975,-0.6002
5011,103.392,-0.604
5012,104.125,-0.6095
5013,104.309,-0.6152
5014,104.307,-0.621
5015,104.378,-0.6267
5016,104.468,-0.6327
5017,104.233,-0.6388
5018,103.456,-0.644
5019,102.445,-0.6512
5020,101.875,-0.6587
5021,102.154,-0.6658
5022,102.971,-0.6723
5023,103.573,-0.6785
5024,103.496,-0.685
5025,102.914,-0.6913
5026,102.321,-0.6977
5027,102.079,-0.704
5028,102.23,-0.7097
5029,102.566,-0.7135
5030,102.812,-0.7185
5031,102.812,-0.7238
5032,102.589,-0.7295
5033,102.288,-0.735
5034,101.99,-0.7405
5035,101.608,-0.7452
5036,101.1,-0.7505
5037,100.664,-0.7555
5038,100.569,-0.7595
5039,100.882,-0.7638
5040,101.401,-0.7678
5041,101.82,-0.7702
5042,101.994,-0.773
5043,102.013,-0.7757
5044,102.006,-0.779
5045,101.988,-0.783
5046,101.898,-0.787
5047,101.718,-0.791
5048,101.535,-0.7952
5049,101.47,-0.7995
5050,101.557,-0.8037
5051,101.666,-0.808
5052,101.603,-0.812
5053,101.345,-0.8155
5054,101.104,-0.8178
5055,101.101,-0.8197
5056,101.358,-0.8212
5057,101.706,-0.8228
5058,101.948,-0.8255
5059,102.025,-0.827
5060,102.015,-0.8283
5061,101.997,-0.8297
5062,101.99,-0.831
5063,101.989,-0.8323
5064,101.99,-0.833
5065,101.99,-0.834
5066,101.983,-0.8357
5067,101.966,-0.8372
5068,101.966,-0.8393
5069,102.04,-0.8403
5070,102.207,-0.8405
5071,102.385,-0.8407
5072,102.456,-0.8405
5073,102.375,-0.84
5074,102.198,-0.8395
5075,102.041,-0.8388
5076,101.977,-0.8375
5077,101.978,-0.8355
5078,101.981,-0.8342
5079,101.964,-0.8325
5080,101.943,-0.8308
5081,101.924,-0.8285
5082,101.926,-0.8263
5083,102.009,-0.8247
5084,102.249,-0.8228
5085,102.652,-0.8188
5086,103.105,-0.8147
5087,103.421,-0.8103
5088,103.494,-0.806
5089,103.399,-0.8008
5090,103.259,-0.7955
5091,103.097,-0.7903
5092,102.866,-0.784
5093,102.57,-0.776
5094,102.327,-0.7685
5095,102.27,-0.7612
5096,102.368,-0.7545
5097,102.446,-0.7478
5098,102.389,-0.741
5099,102.227,-0.7335
5100,102.071,-0.7242
5101,101.989,-0.7162
5102,101.975,-0.7085
5103,102.045,-0.7007
5104,102.272,-0.6907
5105,102.659,-0.6825
5106,103.045,-0.6735
5107,103.196,-0.665
5108,103.025,-0.6578
5109,102.699,-0.6492
5110,102.469,-0.6417
5111,102.42,-0.6342
5112,102.437,-0.629
5113,102.371,-0.624
5114,102.2,-0.619
5115,102.029,-0.6158
5116,101.951,-0.6125
5117,101.952,-0.6112
5118,101.974,-0.61
5119,101.986,-0.609
5120,101.984,-0.6083
5121,101.979,-0.6078
5122,101.984,-0.6078
5123,101.99,-0.6078
5124,101.923,-0.6083
5125,101.686,-0.6103
5126,101.258,-0.6135
5127,100.775,-0.617
5128,100.508,-0.6195
5129,100.669,-0.6238
5130,101.189,-0.6282
5131,101.75,-0.6327
5132,102.008,-0.6382
5133,101.817,-0.6457
5134,101.384,-0.6532
5135,101.131,-0.6618
5136,101.297,-0.6698
5137,101.747,-0.6777
5138,102.106,-0.6857
5139,102.036,-0.693
5140,101.53,-0.702
5141,100.946,-0.709
5142,100.68,-0.716
5143,100.85,-0.7255
5144,101.282,-0.7372
5145,101.711,-0.747
5146,101.965,-0.7567
5147,102.04,-0.7647
5148,102.032,-0.7712
5149,102.016,-0.78
5150,102.008,-0.789
5151,102.003,-0.7963
5152,102,-0.8013
5153,101.992,-0.8067
5154,101.998,-0.8122
5155,102.069,-0.8155
5156,102.222,-0.8188
5157,102.382,-0.821
5158,102.436,-0.8237
5159,102.363,-0.8252
5160,102.264,-0.828
5161,102.263,-0.8308
5162,102.367,-0.833
5163,102.506,-0.8335
5164,102.66,-0.834
5165,102.872,-0.8327
5166,103.163,-0.8303
5167,103.463,-0.8263
5168,103.671,-0.8233
5169,103.811,-0.8195
5170,104.045,-0.8157
5171,104.445,-0.8117
5172,104.865,-0.8073
5173,105.053,-0.8027
5174,104.902,-0.7993
5175,104.579,-0.7937
5176,104.4,-0.7885
5177,104.55,-0.7823
5178,104.945,-0.776
5179,105.352,-0.7705
5180,105.599,-0.765
5181,105.679,-0.7607
5182,105.683,-0.7565
5183,105.677,-0.7508
5184,105.671,-0.7452
5185,105.673,-0.74
5186,105.745,-0.7345
5187,105.977,-0.7313
5188,106.368,-0.7282
5189,106.768,-0.7258
5190,106.933,-0.7213
5191,106.675,-0.7185
5192,106.029,-0.716
5193,105.297,-0.713
5194,104.812,-0.7092
5195,104.607,-0.7063
5196,104.411,-0.704
5197,103.959,-0.7045
5198,103.239,-0.7043
5199,102.5,-0.7052
5200,102.034,-0.7047
5201,101.889,-0.7057
5202,101.84,-0.7065
5203,101.648,-0.7065
5204,101.258,-0.7065
5205,100.777,-0.7085
5206,100.359,-0.7105
5207,100.114,-0.7132
5208,100.039,-0.7157
5209,100.054,-0.7215
5210,100.073,-0.7268
5211,100.005,-0.7325
5212,99.788,-0.7368
5213,99.46,-0.741
5214,99.136,-0.7445
5215,98.902,-0.7505
5216,98.813,-0.756
5217,98.884,-0.7625
5218,99.094,-0.769
5219,99.475,-0.775
5220,100.107,-0.781
5221,100.974,-0.7865
5222,101.94,-0.7923
5223,102.822,-0.7963
5224,103.425,-0.8002
5225,103.636,-0.804
5226,103.538,-0.808
5227,103.359,-0.8117
5228,103.287,-0.8155
5229,103.372,-0.8188
5230,103.554,-0.822
5231,103.72,-0.8252
5232,103.797,-0.8268
5233,103.804,-0.8283
5234,103.797,-0.8285
5235,103.797,-0.8287
5236,103.804,-0.8283
5237,103.796,-0.8247
5238,103.719,-0.8197
5239,103.556,-0.8147
5240,103.381,-0.8098
5241,103.303,-0.8035
5242,103.368,-0.797
5243,103.529,-0.7925
5244,103.679,-0.7883
5245,103.743,-0.7838
5246,103.74,-0.781
5247,103.731,-0.7755
5248,103.741,-0.77
5249,103.749,-0.7612
5250,103.678,-0.7512
5251,103.452,-0.7417
5252,103.123,-0.734
5253,102.874,-0.7262
5254,102.852,-0.719
5255,103.078,-0.7105
5256,103.5,-0.7015
5257,104.072,-0.6925
5258,104.69,-0.6827
5259,105.075,-0.6733
5260,104.859,-0.665
5261,103.847,-0.6565
5262,102.222,-0.6485
5263,100.437,-0.6412
5264,98.892,-0.634
5265,97.805,-0.6255
5266,97.303,-0.6178
5267,97.47,-0.6095
5268,98.301,-0.6012
5269,99.64,-0.5917
5270,101.144,-0.582
5271,102.378,-0.5723
5272,103.007,-0.564
5273,102.944,-0.556
5274,102.47,-0.55
5275,102.101,-0.5435
5276,102.189,-0.537
5277,102.684,-0.5305
5278,103.275,-0.5258
5279,103.677,-0.521
5280,103.823,-0.5163
5281,103.817,-0.5112
5282,103.722,-0.5068
5283,103.489,-0.502
5284,103.095,-0.4965
5285,102.628,-0.4908
5286,102.227,-0.4833
5287,101.988,-0.4793
5288,101.908,-0.4752
5289,101.888,-0.4705
5290,101.815,-0.4672
5291,101.655,-0.4633
5292,101.486,-0.4595
5293,101.409,-0.455
5294,101.485,-0.4495
5295,101.744,-0.4437
5296,102.154,-0.4387
5297,102.584,-0.4335
5298,102.855,-0.429
5299,102.855,-0.424
5300,102.603,-0.4177
5301,102.259,-0.4123
5302,102.018,-0.406
5303,101.94,-0.4005
5304,101.947,-0.394
5305,101.962,-0.389
5306,101.965,-0.3832
5307,101.966,-0.3775
5308,101.968,-0.3717
5309,101.969,-0.3665
5310,101.963,-0.362
5311,101.968,-0.3575
5312,102.04,-0.353
5313,102.198,-0.3473
5314,102.37,-0.3402
5315,102.448,-0.334
5316,102.385,-0.3282
5317,102.227,-0.3225
5318,102.077,-0.3168
5319,102.009,-0.311
5320,102.003,-0.3043
5321,102.011,-0.2978
5322,102.015,-0.2913
5323,102.02,-0.2848
5324,102.024,-0.2787
5325,102.024,-0.274
5326,102.016,-0.269
5327,102.001,-0.264
5328,101.982,-0.2595
5329,101.967,-0.2557
5330,101.948,-0.2515
5331,101.862,-0.2472
5332,101.629,-0.2423
5333,101.237,-0.238
5334,100.777,-0.2342
5335,100.385,-0.2298
5336,100.151,-0.2248
5337,100.078,-0.22
5338,100.149,-0.2152
5339,100.38,-0.2112
5340,100.787,-0.2073
5341,101.326,-0.2027
5342,101.884,-0.1982
5343,102.354,-0.193
5344,102.72,-0.1888
5345,103.051,-0.1842
5346,103.437,-0.1797
5347,103.915,-0.1742
5348,104.38,-0.1688
5349,104.664,-0.1638
5350,104.794,-0.1588
5351,104.995,-0.1535
5352,105.402,-0.1483
5353,105.9,-0.144
5354,106.228,-0.143
5355,106.211,-0.1405
5356,105.961,-0.1375
5357,105.733,-0.1345
5358,105.597,-0.1315
5359,105.4,-0.1278
5360,105.017,-0.125
5361,104.474,-0.1223
5362,103.91,-0.12
5363,103.482,-0.1177
5364,103.252,-0.116
5365,103.228,-0.1133
5366,103.457,-0.111
5367,103.938,-0.1087
5368,104.554,-0.1058
5369,105.144,-0.1027
5370,105.541,-0.1
5371,105.636,-0.0968
5372,105.425,-0.0948
5373,104.944,-0.0927
5374,104.235,-0.0907
5375,103.419,-0.0895
5376,102.693,-0.0888
5377,102.205,-0.088
5378,101.961,-0.0875
5379,101.824,-0.087
5380,101.608,-0.0875
5381,101.233,-0.088
5382,100.778,-0.0885
5383,100.383,-0.089
5384,100.161,-0.0902
5385,100.166,-0.0917
5386,100.393,-0.0932
5387,100.788,-0.0963
5388,101.245,-0.1002
5389,101.636,-0.1045
5390,101.857,-0.1087
5391,101.863,-0.1133
5392,101.65,-0.1165
5393,101.187,-0.1197
5394,100.419,-0.121
5395,99.391,-0.1235
5396,98.357,-0.127
5397,97.653,-0.1305
5398,97.431,-0.134
5399,97.485,-0.1383
5400,97.383,-0.1422
5401,96.832,-0.146
5402,95.882,-0.149
5403,94.81,-0.152
5404,93.947,-0.1542
5405,93.557,-0.1555
5406,93.665,-0.1573
5407,93.987,-0.1588
5408,94.14,-0.1603
5409,93.913,-0.1608
5410,93.393,-0.1615
5411,92.837,-0.1628
5412,92.334,-0.1643
5413,91.693,-0.1657
5414,90.765,-0.1653
5415,89.714,-0.1648
5416,88.882,-0.164
5417,88.506,-0.1645
5418,88.598,-0.1648
5419,89.018,-0.1625
5420,89.574,-0.1593
5421,90.181,-0.1578
5422,90.955,-0.1562
5423,92.043,-0.1547
5424,93.392,-0.1525
5425,94.718,-0.1505
5426,95.712,-0.1483
5427,96.354,-0.1455
5428,97.012,-0.1417
5429,98.108,-0.1388
5430,99.68,-0.1358
5431,101.375,-0.1323
5432,102.788,-0.1278
5433,103.787,-0.1255
5434,104.543,-0.1233
5435,105.286,-0.1205
5436,106.063,-0.1167
5437,106.743,-0.1128
5438,107.206,-0.1082
5439,107.498,-0.1017
5440,107.782,-0.0955
5441,108.166,-0.0895
5442,108.628,-0.083
5443,109.102,-0.0772
5444,109.567,-0.0718
5445,110.035,-0.067
5446,110.504,-0.062
5447,110.962,-0.057
5448,111.409,-0.0513
5449,111.878,-0.0462
5450,112.429,-0.0408
5451,113.049,-0.0353
5452,113.609,-0.0295
5453,113.995,-0.0238
5454,114.218,-0.0202
5455,114.358,-0.0172
5456,114.509,-0.0142
5457,114.76,-0.011
5458,115.08,-0.0077
5459,115.325,-0.0053
5460,115.399,-0.0032
5461,115.32,0.0005
5462,115.149,0.0032
5463,114.928,0.0047
5464,114.646,0.0063
5465,114.26,0.0085
5466,113.736,0.01
5467,113.042,0.0115
5468,112.112,0.013
5469,110.884,0.015
5470,109.39,0.0172
5471,107.757,0.0163
5472,106.114,0.013
5473,104.53,0.012
5474,103.043,0.0152
5475,101.692,0.018
5476,100.527,0.0208
5477,99.599,0.024
5478,98.913,0.026
5479,98.414,0.026
5480,97.985,0.0258
5481,97.479,0.0255
5482,96.807,0.0253
5483,96.023,0.0258
5484,95.245,0.0272
5485,94.534,0.0287
5486,93.904,0.0302
5487,93.384,0.0285
5488,93,0.031
5489,92.714,0.0335
5490,92.426,0.0355
5491,92.017,0.0385
5492,91.409,0.0418
5493,90.629,0.0457
5494,89.829,0.05
5495,89.143,0.0542
5496,88.584,0.0583
5497,88.07,0.0638
5498,87.47,0.0692
5499,86.673,0.0695
5500,85.671,0.0772
5501,84.542,0.086
5502,83.434,0.0958
5503,82.579,0.1068
5504,82.199,0.1172
5505,82.304,0.1273
5506,82.633,0.1378
5507,82.876,0.1483
5508,82.959,0.158
5509,83.05,0.1683
5510,83.307,0.1818
5511,83.664,0.198
5512,83.906,0.215
5513,83.897,0.231
5514,83.708,0.2427
5515,83.514,0.2545
5516,83.418,0.267
5517,83.415,0.2787
5518,83.509,0.2913
5519,83.737,0.3045
5520,84.053,0.3185
5521,84.352,0.3325
5522,84.57,0.3458
5523,84.727,0.359
5524,84.881,0.3733
5525,85.053,0.3877
5526,85.133,0.4027
5527,84.978,0.4208
5528,84.59,0.434
5529,84.115,0.447
5530,83.712,0.46
5531,83.477,0.469
5532,83.405,0.4788
5533,83.4,0.4878
5534,83.333,0.4967
5535,83.107,0.511
5536,82.715,0.526
5537,82.253,0.54
5538,81.858,0.5543
5539,81.626,0.5723
5540,81.556,0.5835
5541,81.553,0.5938
5542,81.49,0.604
5543,81.267,0.615
5544,80.877,0.6265
5545,80.414,0.638
5546,80.017,0.6495
5547,79.787,0.661
5548,79.716,0.6715
5549,79.717,0.6817
5550,79.721,0.6885
5551,79.717,0.695
5552,79.697,0.7007
5553,79.625,0.7072
5554,79.473,0.7143
5555,79.247,0.7208
5556,78.962,0.7265
5557,78.642,0.732
5558,78.338,0.7372
5559,78.09,0.7437
5560,77.929,0.7498
5561,77.864,0.7555
5562,77.857,0.761
5563,77.857,0.7665
5564,77.847,0.769
5565,77.835,0.77
5566,77.845,0.772
5567,77.92,0.7742
5568,78.085,0.776
5569,78.327,0.7772
5570,78.624,0.779
5571,78.94,0.7838
5572,79.239,0.788
5573,79.545,0.7923
5574,79.931,0.7965
5575,80.465,0.7955
5576,81.191,0.795
5577,82.071,0.7947
5578,82.93,0.7943
5579,83.554,0.7933
5580,83.9,0.792
5581,84.18,0.7907
5582,84.631,0.7912
5583,85.213,0.7917
5584,85.582,0.7917
5585,85.429,0.7915
5586,84.797,0.791
5587,84.062,0.7903
5588,83.591,0.795
5589,83.449,0.799
5590,83.465,0.803
5591,83.49,0.807
5592,83.488,0.8098
5593,83.485,0.8127
5594,83.535,0.8193
5595,83.681,0.8263
5596,83.907,0.8337
5597,84.132,0.8412
5598,84.227,0.8488
5599,84.118,0.854
5600,83.872,0.8585
5601,83.678,0.8675
5602,83.736,0.8765
5603,84.154,0.8818
5604,84.869,0.8863
5605,85.66,0.8943
5606,86.3,0.9007
5607,86.782,0.9075
5608,87.255,0.914
5609,87.69,0.9185
5610,87.846,0.9253
5611,87.578,0.9317
5612,87.029,0.938
5613,86.569,0.944
5614,86.551,0.9498
5615,87.009,0.9572
5616,87.729,0.9633
5617,88.541,0.9698
5618,89.366,0.9763
5619,90.075,0.984
5620,90.529,0.9917
5621,90.711,0.999
5622,90.802,1.005
5623,91.148,1.0103
5624,92.012,1.016
5625,93.323,1.022
5626,94.698,1.033
5627,95.747,1.0443
5628,96.409,1.0513
5629,96.998,1.059
5630,97.856,1.0668
5631,99.035,1.0733
5632,100.327,1.081
5633,101.492,1.089
5634,102.414,1.093
5635,103.085,1.0973
5636,103.519,1.1013
5637,103.736,1.1058
5638,103.795,1.1113
5639,103.78,1.1175
5640,103.753,1.1245
5641,103.734,1.1265
5642,103.729,1.1288
5643,103.747,1.1355
5644,103.769,1.1442
5645,103.72,1.1545
5646,103.503,1.1623
5647,103.109,1.168
5648,102.622,1.174
5649,102.137,1.1825
5650,101.68,1.188
5651,101.214,1.1943
5652,100.681,1.2005
5653,100.073,1.2085
5654,99.449,1.2165
5655,98.837,1.222
5656,98.213,1.2275
5657,97.597,1.2328
5658,97.062,1.238
5659,96.675,1.241
5660,96.452,1.2455
5661,96.293,1.2505
5662,96.045,1.2552
5663,95.724,1.259
5664,95.549,1.2628
5665,95.712,1.2668
5666,96.202,1.2703
5667,96.833,1.272
5668,97.374,1.2715
5669,97.731,1.271
5670,98.03,1.271
5671,98.485,1.2722
5672,99.201,1.2735
5673,100.112,1.2743
5674,101.01,1.2755
5675,101.66,1.2755
5676,101.966,1.2752
5677,102.03,1.2748
5678,101.997,1.2735
5679,101.891,1.272
5680,101.637,1.2703
5681,101.224,1.2692
5682,100.749,1.268
5683,100.36,1.2677
5684,100.152,1.267
5685,100.104,1.2628
5686,100.11,1.2612
5687,100.11,1.2615
5688,100.165,1.2615
5689,100.378,1.265
5690,100.768,1.2665
5691,101.252,1.2677
5692,101.732,1.2695
5693,102.12,1.2703
5694,102.342,1.271
5695,102.396,1.273
5696,102.371,1.2755
5697,102.408,1.2807
5698,102.657,1.2863
5699,103.236,1.2945
5700,104.137,1.3015
5701,105.134,1.3097
5702,105.843,1.3182
5703,105.975,1.326
5704,105.566,1.3345
5705,105.011,1.344
5706,104.789,1.3495
5707,105.069,1.3572
5708,105.548,1.3705
5709,105.7,1.3882
5710,105.228,1.4065
5711,104.259,1.4257
5712,103.187,1.4435
5713,102.388,1.4623
5714,101.963,1.4772
5715,101.683,1.4945
5716,101.253,1.512
5717,100.572,1.536
5718,99.701,1.5605
5719,98.695,1.586
5720,97.511,1.6108
5721,96.088,1.636
5722,94.509,1.6622
5723,93.01,1.6872
5724,91.794,1.7132
5725,90.848,1.7375
5726,89.964,1.7663
5727,88.905,1.7955
5728,87.566,1.8253
5729,86.048,1.852
5730,84.543,1.8793
5731,83.188,1.906
5732,82.045,1.9325
5733,81.125,1.9582
5734,80.375,1.983
5735,79.697,2.0107
5736,79.004,2.0393
5737,78.248,2.0663
5738,77.456,2.0935
5739,76.7,2.1202
5740,76.002,2.1442
5741,75.305,2.1677
5742,74.55,2.1902
5743,73.756,2.218
5744,72.989,2.2437
5745,72.289,2.269
5746,71.663,2.2973
5747,71.129,2.32
5748,70.751,2.341
5749,70.613,2.3578
5750,70.712,2.3742
5751,70.908,2.3918
5752,71.005,2.41
5753,70.791,2.4268
5754,70.073,2.4425
5755,68.862,2.4577
5756,67.419,2.471
5757,66.069,2.4775
5758,65.006,2.4832
5759,64.186,2.4842
5760,63.361,2.49
5761,62.333,2.4983
5762,61.176,2.5065
5763,60.158,2.5145
5764,59.462,2.5183
5765,58.981,2.5208
5766,58.407,2.5227
5767,57.543,2.5245
5768,56.547,2.5263
5769,55.867,2.5278
5770,55.815,2.53
5771,56.292,2.533
5772,56.973,2.5365
5773,57.624,2.5408
5774,58.187,2.5483
5775,58.696,2.5525
5776,59.103,2.5558
5777,59.201,2.5577
5778,58.806,2.5583
5779,57.989,2.5602
5780,57.094,2.5648
5781,56.51,2.569
5782,56.378,2.574
5783,56.488,2.577
5784,56.5,2.5802
5785,56.274,2.5825
5786,55.947,2.5815
5787,55.705,2.587
5788,55.546,2.5922
5789,55.322,2.597
5790,54.951,2.6025
5791,54.491,2.607
5792,54.029,2.614
5793,53.641,2.6218
5794,53.395,2.633
5795,53.328,2.6437
5796,53.41,2.658
5797,53.508,2.6732
5798,53.422,2.6892
5799,53.083,2.7075
5800,52.683,2.7212
5801,52.493,2.732
5802,52.597,2.742
5803,52.853,2.7535
5804,53.036,2.7652
5805,52.981,2.7797
5806,52.648,2.7905
5807,52.098,2.8008
5808,51.431,2.8085
5809,50.79,2.8145
5810,50.326,2.822
5811,50.101,2.8293
5812,50.04,2.835
5813,49.976,2.8407
5814,49.764,2.844
5815,49.383,2.8478
5816,48.933,2.8497
5817,48.552,2.8522
5818,48.331,2.8567
5819,48.259,2.8605
5820,48.255,2.865
5821,48.255,2.8708
5822,48.248,2.8775
5823,48.236,2.8832
5824,48.225,2.8897
5825,48.218,2.8948
5826,48.201,2.8985
5827,48.129,2.901
5828,47.973,2.903
5829,47.737,2.9045
5830,47.444,2.9028
5831,47.129,2.8995
5832,46.845,2.895
5833,46.633,2.8897
5834,46.505,2.8845
5835,46.388,2.8765
5836,46.081,2.8672
5837,45.376,2.857
5838,44.26,2.8463
5839,42.97,2.8367
5840,41.843,2.8285
5841,41.131,2.82
5842,40.899,2.811
5843,41.08,2.7995
5844,41.578,2.7928
5845,42.293,2.785
5846,43.078,2.7772
5847,43.767,2.7692
5848,44.301,2.7647
5849,44.753,2.761
5850,45.205,2.7565
5851,45.674,2.7517
5852,46.144,2.748
5853,46.617,2.7455
5854,47.084,2.7425
5855,47.479,2.7385
5856,47.706,2.7363
5857,47.761,2.7355
5858,47.752,2.7345
5859,47.822,2.7325
5860,48.061,2.7297
5861,48.442,2.725
5862,48.846,2.719
5863,49.172,2.7117
5864,49.405,2.7043
5865,49.572,2.6985
5866,49.726,2.6935
5867,49.898,2.6885
5868,50.04,2.683
5869,50.083,2.678
5870,50.063,2.6745
5871,50.115,2.6677
5872,50.365,2.661
5873,50.809,2.655
5874,51.242,2.6488
5875,51.357,2.6437
5876,51.013,2.6375
5877,50.401,2.631
5878,49.897,2.6245
5879,49.797,2.618
5880,50.143,2.613
5881,50.736,2.6088
5882,51.305,2.605
5883,51.63,2.6013
5884,51.601,2.598
5885,51.337,2.596
5886,51.174,2.5935
5887,51.335,2.5913
5888,51.673,2.59
5889,51.823,2.5897
5890,51.62,2.589
5891,51.316,2.5885
5892,51.376,2.5892
5893,52.042,2.5882
5894,53.113,2.5878
5895,54.104,2.588
5896,54.589,2.5895
5897,54.485,2.589
5898,54.049,2.588
5899,53.624,2.5863
5900,53.383,2.584
5901,53.256,2.5815
5902,53.095,2.5795
5903,52.884,2.5777
5904,52.742,2.576
5905,52.738,2.5725
5906,52.76,2.5695
5907,52.66,2.5657
5908,52.434,2.5617
5909,52.191,2.556
5910,52.026,2.5497
5911,51.957,2.5473
5912,51.948,2.546
5913,51.951,2.549
5914,51.95,2.5485
5915,51.95,2.549
5916,51.954,2.5497
5917,51.957,2.5522
5918,51.951,2.5545
5919,51.95,2.551
5920,52.02,2.5448
5921,52.247,2.5403
5922,52.637,2.5343
5923,53.09,2.5285
5924,53.479,2.52
5925,53.778,2.5157
5926,54.082,2.5067
5927,54.481,2.497
5928,54.943,2.4845
5929,55.337,2.4728
5930,55.561,2.46
5931,55.617,2.447
5932,55.601,2.429
5933,55.645,2.4152
5934,55.865,2.402
5935,56.334,2.3885
5936,57.048,2.3735
5937,57.932,2.358
5938,58.866,2.3395
5939,59.739,2.3175
5940,60.506,2.2957
5941,61.2,2.274
5942,61.898,2.2517
5943,62.652,2.2312
5944,63.441,2.211
5945,64.206,2.1923
5946,64.918,2.1725
5947,65.555,2.153
5948,66.027,2.1317
5949,66.2,2.1128
5950,66.021,2.096
5951,65.605,2.0793
5952,65.195,2.0615
5953,65.023,2.0393
5954,65.18,2.0195
5955,65.578,2.0005
5956,66.06,1.9852
5957,66.533,1.9695
5958,66.989,1.9535
5959,67.451,1.938
5960,67.909,1.9235
5961,68.286,1.9065
5962,68.516,1.8905
5963,68.67,1.8763
5964,68.907,1.8625
5965,69.297,1.8438
5966,69.754,1.8302
5967,70.15,1.814
5968,70.456,1.7982
5969,70.762,1.7812
5970,71.154,1.7655
5971,71.615,1.7523
5972,72.083,1.7423
5973,72.533,1.7285
5974,73,1.7105
5975,73.534,1.6925
5976,74.14,1.6733
5977,74.761,1.6538
5978,75.369,1.6383
5979,76.001,1.626
5980,76.699,1.6142
5981,77.466,1.5995
5982,78.257,1.5883
5983,79.007,1.5755
5984,79.695,1.562
5985,80.393,1.5485
5986,81.225,1.5333
5987,82.25,1.5217
5988,83.414,1.5075
5989,84.583,1.4928
5990,85.604,1.4763
5991,86.374,1.4587
5992,86.923,1.4403
5993,87.38,1.422
5994,87.84,1.4058
5995,88.297,1.3902
5996,88.685,1.3705
5997,88.983,1.35
5998,89.274,1.3302
5999,89.66,1.3193
6000,90.171,1.3025
6001,90.777,1.286
6002,91.467,1.2703
6003,92.314,1.2535
6004,93.427,1.2393
6005,94.827,1.2257
6006,96.405,1.2123
6007,97.982,1.2013
6008,99.383,1.1923
6009,100.488,1.1835
6010,101.263,1.1723
6011,101.719,1.1585
6012,101.859,1.1455
6013,101.692,1.1335
6014,101.288,1.1258
6015,100.735,1.1185
6016,100.105,1.1128
6017,99.483,1.1082
6018,98.939,1.1025
6019,98.467,1.097
6020,98.015,1.0913
6021,97.553,1.089
6022,97.083,1.0828
6023,96.619,1.0765
6024,96.16,1.0697
6025,95.697,1.064
6026,95.226,1.061
6027,94.75,1.0545
6028,94.291,1.053
6029,93.889,1.0515
6030,93.579,1.0497
6031,93.358,1.0515
6032,93.195,1.054
6033,93.036,1.0563
6034,92.85,1.0582
6035,92.685,1.0553
6036,92.609,1.053
6037,92.61,1.0537
6038,92.629,1.0542
6039,92.643,1.049
6040,92.728,1.0493
6041,93.043,1.0495
6042,93.682,1.0495
6043,94.491,1.0515
6044,95.14,1.0513
6045,95.409,1.0507
6046,95.418,1.0485
6047,95.588,1.0473
6048,96.34,1.0478
6049,97.711,1.0483
6050,99.318,1.0518
6051,100.701,1.0555
6052,101.631,1.0593
6053,102.149,1.0608
6054,102.453,1.0605
6055,102.74,1.0603
6056,103.042,1.0603
6057,103.262,1.0597
6058,103.338,1.0593
6059,103.325,1.0608
6060,103.321,1.059
6061,103.398,1.0573
6062,103.555,1.0563
6063,103.7,1.0555
6064,103.765,1.0565
6065,103.778,1.057
6066,103.782,1.058
6067,103.735,1.058
6068,103.524,1.058
6069,103.064,1.0582
6070,102.372,1.0585
6071,101.57,1.0573
6072,100.792,1.0557
6073,100.088,1.0542
6074,99.46,1.0533
6075,98.929,1.0563
6076,98.541,1.0582
6077,98.313,1.0575
6078,98.173,1.0568
6079,98.014,1.0608
6080,97.795,1.0622
6081,97.515,1.0637
6082,97.125,1.064
6083,96.512,1.063
6084,95.612,1.062
6085,94.564,1.0595
6086,93.706,1.0587
6087,93.325,1.058
6088,93.376,1.0497
6089,93.481,1.0413
6090,93.252,1.0328
6091,92.597,1.0232
6092,91.708,1.0145
6093,90.843,1.0063
6094,90.148,0.9952
6095,89.636,0.9838
6096,89.271,0.972
6097,88.994,0.9595
6098,88.691,0.9467
6099,88.277,0.9362
6100,87.793,0.9255
6101,87.378,0.912
6102,87.134,0.898
6103,87.064,0.8872
6104,87.137,0.8757
6105,87.385,0.8637
6106,87.866,0.8512
6107,88.565,0.8388
6108,89.362,0.8263
6109,90.126,0.8138
6110,90.822,0.8077
6111,91.513,0.8013
6112,92.277,0.7945
6113,93.137,0.781
6114,94.056,0.767
6115,94.998,0.7528
6116,95.991,0.7398
6117,97.081,0.7265
6118,98.253,0.7125
6119,99.42,0.695
6120,100.458,0.68
6121,101.302,0.664
6122,101.997,0.6492
6123,102.602,0.6335
6124,103.12,0.6172
6125,103.509,0.6022
6126,103.736,0.584
6127,103.807,0.5657
6128,103.733,0.5505
6129,103.489,0.5355
6130,103.085,0.5212
6131,102.6,0.509
6132,102.124,0.496
6133,101.736,0.4833
6134,101.496,0.475
6135,101.426,0.4675
6136,101.506,0.46
6137,101.673,0.4532
6138,101.837,0.446
6139,101.987,0.4343
6140,102.254,0.4265
6141,102.742,0.4215
6142,103.323,0.417
6143,103.678,0.4093
6144,103.582,0.4015
6145,103.099,0.3905
6146,102.514,0.3822
6147,102.105,0.3747
6148,101.953,0.371
6149,101.947,0.3673
6150,101.951,0.3533
6151,101.871,0.3367
6152,101.637,0.3205
6153,101.244,0.3112
6154,100.784,0.302
6155,100.396,0.2928
6156,100.175,0.283
6157,100.098,0.2732
6158,100.021,0.2645
6159,99.796,0.2567
6160,99.395,0.249
6161,98.931,0.242
6162,98.611,0.236
6163,98.608,0.23
6164,98.917,0.2233
6165,99.374,0.2165
6166,99.842,0.209
6167,100.291,0.2015
6168,100.761,0.1972
6169,101.306,0.1965
6170,101.925,0.1913
6171,102.562,0.1847
6172,103.196,0.1775
6173,103.852,0.1703
6174,104.482,0.163
6175,104.947,0.155
6176,105.158,0.1465
6177,105.187,0.1378
6178,105.228,0.1298
6179,105.441,0.1212
6180,105.845,0.1172
6181,106.385,0.1133
6182,107.029,0.1037
6183,107.749,0.094
6184,108.461,0.086
6185,109.015,0.0815
6186,109.304,0.0742
6187,109.379,0.0655
6188,109.384,0.0532
6189,109.387,0.0393
6190,109.329,0.031
6191,109.1,0.025
6192,108.631,0.0185
6193,107.933,0.012
6194,107.062,0.0057
6195,106.058,-0.0005
6196,104.959,-0.006
6197,103.846,-0.0115
6198,102.82,-0.0172
6199,101.954,-0.024
6200,101.321,-0.0307
6201,101.003,-0.0372
6202,101.08,-0.0443
6203,101.577,-0.0493
6204,102.336,-0.053
6205,102.981,-0.0565
6206,103.144,-0.056
6207,102.788,-0.0558
6208,102.32,-0.06
6209,102.277,-0.068
6210,102.85,-0.0723
6211,103.772,-0.077
6212,104.607,-0.0813
6213,105.102,-0.0855
6214,105.326,-0.0867
6215,105.469,-0.0878
6216,105.598,-0.0888
6217,105.727,-0.094
6218,105.943,-0.099
6219,106.32,-0.1035
6220,106.854,-0.1125
6221,107.498,-0.1212
6222,108.165,-0.1247
6223,108.664,-0.128
6224,108.703,-0.132
6225,108.056,-0.1345
6226,106.832,-0.14
6227,105.459,-0.1445
6228,104.343,-0.1488
6229,103.586,-0.1512
6230,102.96,-0.1547
6231,102.181,-0.157
6232,101.296,-0.159
6233,100.721,-0.161
6234,100.827,-0.1657
6235,101.586,-0.1723
6236,102.523,-0.1792
6237,102.971,-0.1857
6238,102.582,-0.1923
6239,101.606,-0.1978
6240,100.553,-0.2015
6241,99.751,-0.2055
6242,99.222,-0.21
6243,98.773,-0.2193
6244,98.223,-0.2268
6245,97.597,-0.2342
6246,97.023,-0.2415
6247,96.558,-0.2485
6248,96.185,-0.2535
6249,95.832,-0.2575
6250,95.398,-0.2612
6251,94.857,-0.265
6252,94.265,-0.269
6253,93.703,-0.2735
6254,93.252,-0.2787
6255,92.966,-0.2848
6256,92.837,-0.2903
6257,92.755,-0.2913
6258,92.469,-0.2925
6259,91.682,-0.2898
6260,90.308,-0.2863
6261,88.664,-0.2848
6262,87.29,-0.2833
6263,86.51,-0.2818
6264,86.239,-0.2782
6265,86.2,-0.2762
6266,86.21,-0.274
6267,86.219,-0.271
6268,86.148,-0.2685
6269,85.829,-0.2645
6270,85.189,-0.261
6271,84.397,-0.2587
6272,83.701,-0.2565
6273,83.174,-0.2515
6274,82.718,-0.2447
6275,82.261,-0.2363
6276,81.868,-0.2275
6277,81.634,-0.2152
6278,81.545,-0.2077
6279,81.476,-0.2018
6280,81.335,-0.1975
6281,81.13,-0.1925
6282,80.856,-0.1875
6283,80.398,-0.1808
6284,79.632,-0.1752
6285,78.637,-0.1698
6286,77.731,-0.1645
6287,77.246,-0.1608
6288,77.267,-0.1565
6289,77.568,-0.153
6290,77.736,-0.1502
6291,77.448,-0.1462
6292,76.715,-0.1427
6293,75.88,-0.1388
6294,75.315,-0.1375
6295,75.157,-0.1348
6296,75.27,-0.1325
6297,75.428,-0.1303
6298,75.586,-0.1278
6299,75.904,-0.128
6300,76.459,-0.13
6301,77.076,-0.1303
6302,77.554,-0.1303
6303,77.919,-0.1298
6304,78.377,-0.1313
6305,79.095,-0.1327
6306,80.041,-0.1332
6307,80.972,-0.1337
6308,81.563,-0.1332
6309,81.639,-0.134
6310,81.404,-0.1348
6311,81.43,-0.136
6312,82.276,-0.1365
6313,84.119,-0.1398
6314,86.686,-0.1427
6315,89.396,-0.147
6316,91.737,-0.149
6317,93.536,-0.155
6318,94.882,-0.1562
6319,95.999,-0.1555
6320,97.159,-0.155
6321,98.482,-0.155
6322,99.823,-0.1562
6323,100.935,-0.1562
6324,101.729,-0.1568
6325,102.338,-0.1573
6326,102.894,-0.1578
6327,103.366,-0.158
6328,103.651,-0.1575
6329,103.709,-0.1568
6330,103.58,-0.1555
6331,103.333,-0.155
6332,103.01,-0.155
6333,102.683,-0.154
6334,102.533,-0.1525
6335,102.698,-0.1517
6336,103.097,-0.1517
6337,103.484,-0.1517
6338,103.613,-0.152
6339,103.425,-0.1532
6340,103.175,-0.1555
6341,103.263,-0.1578
6342,103.781,-0.1603
6343,104.317,-0.1633
6344,104.331,-0.1675
6345,103.721,-0.1718
6346,102.946,-0.1742
6347,102.589,-0.1767
6348,102.833,-0.1808
6349,103.392,-0.185
6350,103.949,-0.1893
6351,104.454,-0.193
6352,105.019,-0.1982
6353,105.66,-0.2045
6354,106.203,-0.2097
6355,106.431,-0.2137
6356,106.32,-0.22
6357,106.054,-0.2273
6358,105.826,-0.2345
6359,105.691,-0.2423
6360,105.562,-0.2495
6361,105.376,-0.2567
6362,105.286,-0.263
6363,105.587,-0.2695
6364,106.377,-0.276
6365,107.423,-0.2833
6366,108.392,-0.2898
6367,109.107,-0.295
6368,109.548,-0.3015
6369,109.774,-0.3083
6370,109.902,-0.315
6371,110.067,-0.32
6372,110.327,-0.3237
6373,110.595,-0.3285
6374,110.633,-0.3332
6375,110.217,-0.3372
6376,109.404,-0.3397
6377,108.508,-0.3432
6378,107.775,-0.3468
6379,107.171,-0.3495
6380,106.507,-0.3508
6381,105.672,-0.352
6382,104.677,-0.3533
6383,103.583,-0.3525
6384,102.529,-0.351
6385,101.736,-0.3495
6386,101.427,-0.3478
6387,101.612,-0.346
6388,101.902,-0.344
6389,101.807,-0.3417
6390,101.29,-0.342
6391,100.826,-0.3422
6392,100.932,-0.343
6393,101.753,-0.3427
6394,102.984,-0.3427
6395,104.143,-0.3427
6396,104.894,-0.3427
6397,105.147,-0.3417
6398,104.962,-0.3407
6399,104.467,-0.34
6400,103.819,-0.3392
6401,103.152,-0.3385
6402,102.517,-0.338
6403,101.953,-0.3362
6404,101.558,-0.3345
6405,101.425,-0.332
6406,101.579,-0.3297
6407,101.993,-0.3287
6408,102.561,-0.3277
6409,103.126,-0.3267
6410,103.547,-0.3255
6411,103.705,-0.326
6412,103.542,-0.3267
6413,103.135,-0.3295
6414,102.655,-0.3317
6415,102.252,-0.3348
6416,102.006,-0.338
6417,101.921,-0.3402
6418,101.99,-0.343
6419,102.249,-0.3465
6420,102.658,-0.35
6421,102.959,-0.3538
6422,102.865,-0.357
6423,102.473,-0.3618
6424,102.281,-0.3665
6425,102.708,-0.3743
6426,103.633,-0.378
6427,104.427,-0.383
6428,104.485,-0.3877
6429,103.8,-0.3927
6430,102.934,-0.3942
6431,102.496,-0.3965
6432,102.755,-0.397
6433,103.529,-0.3975
6434,104.321,-0.398
6435,104.646,-0.3985
6436,104.326,-0.399
6437,103.564,-0.3995
6438,102.75,-0.3982
6439,102.132,-0.3967
6440,101.656,-0.3935
6441,101.188,-0.3903
6442,100.789,-0.387
6443,100.694,-0.385
6444,101.029,-0.383
6445,101.613,-0.3795
6446,102.098,-0.375
6447,102.264,-0.371
6448,102.16,-0.367
6449,101.992,-0.363
6450,101.912,-0.359
6451,101.916,-0.355
6452,101.934,-0.3508
6453,101.927,-0.346
6454,101.926,-0.3407
6455,102.081,-0.334
6456,102.531,-0.3297
6457,103.192,-0.3255
6458,103.821,-0.3225
6459,104.277,-0.3182
6460,104.59,-0.3135
6461,104.875,-0.3085
6462,105.147,-0.3035
6463,105.228,-0.2988
6464,104.97,-0.294
6465,104.49,-0.2863
6466,104.046,-0.2828
6467,103.788,-0.2747
6468,103.705,-0.267
6469,103.705,-0.2593
6470,103.721,-0.2527
6471,103.732,-0.2455
6472,103.758,-0.2385
6473,103.846,-0.2308
6474,104.014,-0.2248
6475,104.188,-0.2188
6476,104.262,-0.2115
6477,104.201,-0.2033
6478,104.111,-0.2005
6479,104.181,-0.1978
6480,104.508,-0.197
6481,104.962,-0.1945
6482,105.272,-0.195
6483,105.269,-0.1958
6484,105.108,-0.1955
6485,105.122,-0.1968
6486,105.406,-0.1982
6487,105.693,-0.1995
6488,105.633,-0.2008
6489,105.06,-0.202
6490,104.084,-0.2035
6491,102.964,-0.2037
6492,101.838,-0.2055
6493,100.716,-0.2057
6494,99.705,-0.2073
6495,99.014,-0.211
6496,98.719,-0.2122
6497,98.685,-0.2115
6498,98.714,-0.209
6499,98.661,-0.2083
6500,98.43,-0.2097
6501,97.975,-0.2112
6502,97.342,-0.2135
6503,96.676,-0.216
6504,96.133,-0.2213
6505,95.751,-0.2265
6506,95.388,-0.232
6507,94.864,-0.2393
6508,94.216,-0.2477
6509,93.681,-0.2563
6510,93.379,-0.2645
6511,93.165,-0.2727
6512,92.8,-0.281
6513,92.245,-0.2908
6514,91.776,-0.2985
6515,91.68,-0.3063
6516,91.863,-0.3138
6517,91.948,-0.3227
6518,91.699,-0.3277
6519,91.215,-0.3332
6520,90.804,-0.3387
6521,90.684,-0.346
6522,90.759,-0.3493
6523,90.772,-0.352
6524,90.621,-0.3563
6525,90.353,-0.3612
6526,90.037,-0.3675
6527,89.774,-0.3727
6528,89.695,-0.3782
6529,89.843,-0.3838
6530,90.161,-0.3892
6531,90.57,-0.396
6532,91.032,-0.4012
6533,91.585,-0.4065
6534,92.279,-0.4125
6535,93.048,-0.4177
6536,93.739,-0.423
6537,94.29,-0.432
6538,94.749,-0.441
6539,95.127,-0.4475
6540,95.443,-0.4528
6541,95.864,-0.4577
6542,96.641,-0.4625
6543,97.914,-0.47
6544,99.585,-0.4748
6545,101.29,-0.4797
6546,102.615,-0.483
6547,103.399,-0.4878
6548,103.689,-0.4933
6549,103.54,-0.4987
6550,103.03,-0.5042
6551,102.355,-0.5097
6552,101.837,-0.5157
6553,101.765,-0.52
6554,102.182,-0.5232
6555,102.845,-0.527
6556,103.418,-0.5318
6557,103.708,-0.5358
6558,103.76,-0.54
6559,103.73,-0.5485
6560,103.712,-0.5543
6561,103.714,-0.56
6562,103.724,-0.5663
6563,103.735,-0.5727
6564,103.742,-0.5805
6565,103.743,-0.5867
6566,103.74,-0.593
6567,103.745,-0.5968
6568,103.747,-0.6002
6569,103.675,-0.6038
6570,103.452,-0.6072
6571,103.127,-0.6118
6572,102.883,-0.6162
6573,102.878,-0.6202
6574,103.115,-0.6225
6575,103.441,-0.6247
6576,103.669,-0.6267
6577,103.743,-0.6267
6578,103.732,-0.6287
6579,103.707,-0.635
6580,103.711,-0.6385
6581,103.803,-0.6422
6582,103.982,-0.6422
6583,104.092,-0.644
6584,103.941,-0.6457
6585,103.536,-0.6462
6586,103.117,-0.6482
6587,102.961,-0.647
6588,103.135,-0.646
6589,103.393,-0.6448
6590,103.405,-0.6435
6591,103.094,-0.642
6592,102.698,-0.641
6593,102.529,-0.6412
6594,102.721,-0.6422
6595,103.146,-0.6428
6596,103.491,-0.6432
6597,103.484,-0.6435
6598,103.122,-0.6422
6599,102.685,-0.6402
6600,102.512,-0.6378
6601,102.697,-0.6352
6602,102.953,-0.6327
6603,102.89,-0.6305
6604,102.52,-0.626
6605,102.322,-0.6222
6606,102.724,-0.6185
6607,103.636,-0.6165
6608,104.51,-0.6148
6609,104.813,-0.6132
6610,104.486,-0.6182
6611,103.969,-0.6222
6612,103.735,-0.6262
6613,103.877,-0.6235
6614,104.184,-0.6212
6615,104.518,-0.619
6616,104.913,-0.617
6617,105.414,-0.6152
6618,105.947,-0.6108
6619,106.271,-0.604
6620,106.102,-0.5998
6621,105.433,-0.5948
6622,104.607,-0.5935
6623,103.988,-0.5877
6624,103.685,-0.5815
6625,103.528,-0.576
6626,103.171,-0.5705
6627,102.343,-0.5683
6628,101.151,-0.5627
6629,100.116,-0.5575
6630,99.77,-0.553
6631,100.219,-0.5485
6632,101.128,-0.5437
6633,102.005,-0.5387
6634,102.486,-0.5343
6635,102.552,-0.53
6636,102.463,-0.5272
6637,102.412,-0.525
6638,102.398,-0.5242
6639,102.387,-0.519
6640,102.463,-0.5175
6641,102.773,-0.516
6642,103.285,-0.5145
6643,103.714,-0.5128
6644,103.775,-0.5102
6645,103.439,-0.5078
6646,102.935,-0.5052
6647,102.51,-0.503
6648,102.188,-0.504
6649,101.919,-0.505
6650,101.834,-0.4955
6651,102.112,-0.486
6652,102.695,-0.4765
6653,103.306,-0.474
6654,103.629,-0.4718
6655,103.536,-0.4695
6656,103.207,-0.4667
6657,102.938,-0.463
6658,102.843,-0.46
6659,102.837,-0.457
6660,102.825,-0.4537
6661,102.805,-0.4512
6662,102.81,-0.4497
6663,102.839,-0.4483
6664,102.859,-0.446
6665,102.853,-0.4443
6666,102.859,-0.4427
6667,102.931,-0.4412
6668,103.064,-0.441
6669,103.2,-0.4445
6670,103.348,-0.443
6671,103.585,-0.4418
6672,103.89,-0.4392
6673,104.149,-0.4367
6674,104.317,-0.4343
6675,104.392,-0.4318
6676,104.312,-0.427
6677,104.065,-0.4222
6678,103.747,-0.4175
6679,103.434,-0.4133
6680,103.141,-0.4153
6681,102.868,-0.4173
6682,102.568,-0.414
6683,102.19,-0.4108
6684,101.743,-0.412
6685,101.263,-0.4137
6686,100.784,-0.4155
6687,100.387,-0.4155
6688,100.169,-0.412
6689,100.118,-0.4083
6690,100.062,-0.4085
6691,99.771,-0.4085
6692,99.134,-0.408
6693,98.245,-0.4078
6694,97.347,-0.4073
6695,96.686,-0.406
6696,96.377,-0.4055
6697,96.367,-0.4055
6698,96.482,-0.4055
6699,96.529,-0.4062
6700,96.385,-0.4068
6701,96.028,-0.4073
6702,95.542,-0.4073
6703,95.089,-0.4068
6704,94.776,-0.4075
6705,94.609,-0.408
6706,94.602,-0.4065
6707,94.805,-0.4047
6708,95.258,-0.4027
6709,95.955,-0.397
6710,96.824,-0.3955
6711,97.762,-0.3937
6712,98.708,-0.3925
6713,99.641,-0.3913
6714,100.507,-0.39
6715,101.222,-0.3885
6716,101.762,-0.3897
6717,102.213,-0.391
6718,102.742,-0.392
6719,103.493,-0.393
6720,104.442,-0.387
6721,105.386,-0.3812
6722,106.089,-0.3808
6723,106.407,-0.3802
6724,106.365,-0.3768
6725,106.192,-0.3727
6726,106.159,-0.3687
6727,106.381,-0.3658
6728,106.782,-0.3645
6729,107.18,-0.3632
6730,107.424,-0.362
6731,107.499,-0.3622
6732,107.505,-0.3632
6733,107.575,-0.3642
6734,107.813,-0.3632
6736,108.611,-0.3628
6737,108.778,-0.3635
6738,108.597,-0.3642
6739,108.187,-0.364
6740,107.848,-0.3635
6741,107.84,-0.363
6742,108.184,-0.362
6743,108.691,-0.361
6744,109.123,-0.36
6745,109.3,-0.359
6746,109.143,-0.36
6747,108.675,-0.3593
6748,107.969,-0.3583
6749,107.097,-0.357
6750,106.082,-0.356
6751,104.898,-0.356
6752,103.545,-0.3563
6753,102.132,-0.356
6754,100.867,-0.3558
6755,99.93,-0.3558
6756,99.333,-0.3545
6757,98.954,-0.3533
6758,98.673,-0.3523
6759,98.442,-0.3525
6760,98.289,-0.354
6761,98.297,-0.3553
6762,98.515,-0.3565
6763,98.916,-0.358
6764,99.451,-0.3573
6765,100.068,-0.3565
6766,100.691,-0.3558
6767,101.232,-0.357
6768,101.641,-0.3565
6769,101.944,-0.357
6770,102.247,-0.3573
6771,102.645,-0.3565
6772,103.091,-0.3555
6773,103.407,-0.3568
6774,103.478,-0.3602
6775,103.395,-0.3642
6776,103.336,-0.3678
6777,103.343,-0.374
6778,103.289,-0.3762
6779,103.065,-0.3778
6780,102.747,-0.3798
6781,102.519,-0.3822
6782,102.433,-0.3847
6783,102.352,-0.3877
6784,102.185,-0.3913
6785,102.074,-0.3933
6786,102.235,-0.395
6787,102.701,-0.4
6788,103.265,-0.4052
6789,103.665,-0.4108
6790,103.808,-0.4133
6791,103.824,-0.4157
6792,103.89,-0.4208
6793,104.053,-0.4262
6794,104.217,-0.4313
6795,104.277,-0.4365
6796,104.255,-0.442
6797,104.299,-0.4475
6798,104.544,-0.453
6799,104.952,-0.4582
6800,105.283,-0.4617
6801,105.295,-0.4653
6802,104.971,-0.468
6803,104.503,-0.4712
6804,104.104,-0.4765
6805,103.877,-0.4825
6806,103.802,-0.4865
6807,103.794,-0.4893
6808,103.794,-0.492
6809,103.791,-0.4933
6810,103.793,-0.4947
6811,103.782,-0.4958
6812,103.703,-0.497
6813,103.539,-0.493
6814,103.372,-0.4922
6815,103.317,-0.49
6816,103.405,-0.4888
6817,103.517,-0.4828
6818,103.453,-0.4808
6819,103.127,-0.4803
6820,102.659,-0.4815
6821,102.227,-0.4825
6822,101.891,-0.4823
6823,101.642,-0.4823
6824,101.582,-0.4817
6825,101.871,-0.4828
6826,102.429,-0.4837
6827,102.802,-0.4828
6828,102.471,-0.483
6829,101.321,-0.4833
6830,99.819,-0.4862
6831,98.642,-0.4885
6832,98.106,-0.4878
6833,97.99,-0.4885
6834,97.886,-0.4898
6835,97.564,-0.4905
6836,97.034,-0.4898
6837,96.404,-0.4873
6838,95.782,-0.4845
6839,95.246,-0.4808
6840,94.855,-0.4765
6841,94.643,-0.4692
6842,94.564,-0.464
6843,94.46,-0.458
6844,94.227,-0.452
6845,93.96,-0.4452
6846,93.807,-0.4403
6847,93.757,-0.4358
6848,93.685,-0.4275
6849,93.47,-0.4197
6850,93.057,-0.412
6851,92.503,-0.4073
6852,91.933,-0.4012
6853,91.487,-0.3982
6854,91.361,-0.3922
6855,91.759,-0.3877
6856,92.718,-0.3825
6857,94.004,-0.3765
6858,95.211,-0.3705
6859,96.054,-0.364
6860,96.587,-0.3578
6861,97.103,-0.3513
6862,97.826,-0.346
6863,98.713,-0.3407
6864,99.52,-0.3355
6865,100.079,-0.3305
6866,100.466,-0.3253
6867,100.796,-0.321
6868,100.996,-0.3152
6869,100.942,-0.3105
6870,100.719,-0.3057
6871,100.66,-0.301
6872,101.065,-0.297
6873,101.89,-0.2903
6874,102.793,-0.2835
6875,103.44,-0.2775
6876,103.73,-0.2725
6877,103.78,-0.2682
6878,103.76,-0.2642
6879,103.757,-0.2607
6880,103.762,-0.2575
6881,103.695,-0.2573
6882,103.469,-0.2567
6883,103.076,-0.258
6884,102.612,-0.2593
6885,102.223,-0.2605
6886,101.989,-0.262
6887,101.86,-0.263
6888,101.717,-0.2678
6889,101.496,-0.272
6890,101.199,-0.2737
6891,100.864,-0.2727
6892,100.57,-0.2727
6893,100.411,-0.2727
6894,100.433,-0.273
6895,100.549,-0.2727
6896,100.546,-0.2725
6897,100.245,-0.2737
6898,99.666,-0.2752
6899,99.011,-0.2765
6900,98.517,-0.2757
6901,98.352,-0.275
6902,98.598,-0.2745
6903,99.166,-0.275
6904,99.795,-0.2752
6905,100.239,-0.2752
6906,100.497,-0.2755
6907,100.819,-0.2742
6908,101.458,-0.273
6909,102.409,-0.2695
6910,103.382,-0.266
6911,104.053,-0.2625
6912,104.366,-0.2597
6913,104.467,-0.2583
6914,104.456,-0.2567
6915,104.37,-0.2527
6916,104.293,-0.2492
6917,104.341,-0.247
6918,104.577,-0.2445
6919,104.901,-0.2417
6920,105.061,-0.238
6921,104.904,-0.2367
6922,104.58,-0.2345
6923,104.387,-0.231
6924,104.459,-0.2275
6925,104.689,-0.225
6926,104.915,-0.2238
6927,105.068,-0.2193
6928,105.209,-0.2147
6929,105.457,-0.2107
6930,105.848,-0.2107
6931,106.263,-0.21
6932,106.532,-0.2097
6933,106.539,-0.2095
6934,106.228,-0.2095
6935,105.602,-0.2083
6936,104.75,-0.2067
6937,103.793,-0.206
6938,102.831,-0.2055
6939,101.958,-0.2053
6940,101.248,-0.207
6941,100.718,-0.2087
6942,100.342,-0.2093
6943,100.064,-0.2083
6944,99.783,-0.2075
6945,99.404,-0.2053
6946,98.879,-0.2057
6947,98.186,-0.206
6948,97.324,-0.2063
6949,96.362,-0.2077
6950,95.474,-0.2103
6951,94.913,-0.2127
6952,94.845,-0.2142
6953,95.185,-0.214
6954,95.694,-0.214
6955,96.176,-0.217
6956,96.54,-0.2195
6957,96.83,-0.2217
6958,97.262,-0.2227
6959,98.031,-0.2235
6960,99.076,-0.2268
6961,100.117,-0.227
6962,100.826,-0.2278
6963,101.045,-0.2288
6964,101.002,-0.2298
6965,101.143,-0.2298
6966,101.688,-0.2285
6967,102.561,-0.232
6968,103.619,-0.2355
6969,104.715,-0.239
6970,105.654,-0.2407
6971,106.184,-0.244
6972,106.138,-0.2467
6973,105.699,-0.251
6974,105.356,-0.2525
6975,105.394,-0.2553
6976,105.583,-0.2583
6977,105.458,-0.2625
6978,104.816,-0.2645
6979,103.899,-0.2662
6980,103.118,-0.266
6981,102.709,-0.2642
6982,102.652,-0.2637
6983,102.782,-0.2635
6984,102.883,-0.2642
6985,102.761,-0.2652
6986,102.347,-0.2612
6987,101.756,-0.2587
6988,101.2,-0.2563
6989,100.847,-0.2537
6990,100.792,-0.2502
6991,101.073,-0.2488
6992,101.557,-0.2457
6993,101.846,-0.2442
6994,101.573,-0.2425
6995,100.866,-0.2393
6996,100.336,-0.2348
6997,100.618,-0.2318
6998,101.889,-0.2302
6999,103.626,-0.2278
7000,104.882,-0.2235
7001,104.975,-0.2197
7002,103.944,-0.2155
7003,102.451,-0.2105
7004,101.283,-0.2043
7005,100.788,-0.198
7006,100.733,-0.1918
7007,100.74,-0.184
7008,100.762,-0.177
7009,101,-0.17
7010,101.516,-0.1633
7011,102.196,-0.1557
7012,103.016,-0.1492
7013,104.065,-0.1412
7014,105.378,-0.1353
7015,106.794,-0.1293
7016,107.861,-0.1242
7017,108.117,-0.118
7018,107.496,-0.1135
7019,106.326,-0.1092
7020,105.095,-0.1053
7021,104.233,-0.1027
7022,103.859,-0.1
7023,103.719,-0.0972
7024,103.51,-0.0927
7025,103.171,-0.0902
7026,102.842,-0.09
7027,102.673,-0.089
7028,102.74,-0.0875
7029,102.991,-0.0845
7030,103.286,-0.0828
7031,103.524,-0.079
7032,103.674,-0.0777
7033,103.733,-0.0767
7034,103.735,-0.075
7035,103.725,-0.0735
7036,103.722,-0.0732
7037,103.722,-0.0723
7038,103.724,-0.0713
7039,103.726,-0.0713
7040,103.729,-0.072
7041,103.736,-0.0727
7042,103.75,-0.0735
7043,103.766,-0.0742
7044,103.769,-0.0767
7045,103.77,-0.079
7046,103.848,-0.0813
7047,104.086,-0.0835
7048,104.44,-0.0845
7049,104.709,-0.0852
7050,104.661,-0.0867
7051,104.19,-0.0883
7052,103.381,-0.088
7053,102.44,-0.0878
7054,101.54,-0.0875
7055,100.75,-0.0867
7056,100.116,-0.085
7057,99.719,-0.0833
7058,99.6,-0.0825
7059,99.695,-0.0803
7060,99.873,-0.0767
7061,100.018,-0.0732
7062,100.137,-0.0697
7063,100.353,-0.0663
7064,100.733,-0.0612
7065,101.213,-0.0555
7066,101.701,-0.0498
7067,102.174,-0.0457
7068,102.648,-0.0423
7069,103.114,-0.0387
7070,103.501,-0.034
7071,103.733,-0.029
7072,103.807,-0.0243
7073,103.742,-0.019
7074,103.502,-0.0152
7075,103.026,-0.0115
7076,102.323,-0.0077
7077,101.528,-0.002
7078,100.839,0.0057
7079,100.375,0.0135
7080,100.085,0.0208
7081,99.793,0.0287
7082,99.321,0.0325
7083,98.625,0.0405
7084,97.827,0.049
7085,97.11,0.0572
7086,96.562,0.066
7087,96.188,0.071
7088,95.968,0.0785
7089,95.837,0.0857
7090,95.709,0.0943
7091,95.566,0.1027
7092,95.405,0.1103
7093,95.178,0.1177
7094,94.865,0.1253
7095,94.471,0.1323
7096,93.999,0.1388
7097,93.515,0.1452
7098,93.124,0.1515
7099,92.864,0.1562
7100,92.767,0.1595
7101,92.863,0.1628
7102,93.101,0.166
7103,93.358,0.1693
7104,93.531,0.1703
7105,93.581,0.1713
7106,93.567,0.1723
7107,93.673,0.1742
7108,94.108,0.1765
7109,94.967,0.1775
7110,96.157,0.1785
7111,97.434,0.1792
7112,98.548,0.1813
7113,99.412,0.1827
7114,100.112,0.185
7115,100.729,0.1872
7116,101.251,0.1895
7117,101.642,0.19
7118,101.936,0.1888
7119,102.237,0.1875
7120,102.633,0.1857
7121,103.087,0.1832
7122,103.471,0.185
7123,103.69,0.1825
7124,103.764,0.1795
7125,103.765,0.1765
7126,103.691,0.173
7127,103.462,0.1733
7128,103.06,0.1695
7129,102.602,0.1657
7130,102.291,0.1615
7131,102.236,0.1573
7132,102.333,0.1527
7133,102.394,0.1483
7134,102.377,0.1437
7135,102.42,0.139
7136,102.659,0.1355
7137,103.066,0.132
7138,103.481,0.1298
7139,103.798,0.1263
7140,104.032,0.123
7141,104.203,0.121
7142,104.274,0.1175
7143,104.218,0.114
7144,104.061,0.1095
7145,103.832,0.105
7146,103.454,0.0997
7147,102.814,0.0945
7148,101.948,0.089
7149,101.081,0.083
7150,100.458,0.077
7151,100.157,0.071
7152,100.089,0.066
7153,100.149,0.059
7154,100.299,0.052
7155,100.54,0.045
7156,100.85,0.0382
7157,101.137,0.031
7158,101.226,0.0235
7159,100.91,0.016
7160,100.092,0.008
7161,98.981,0
7162,98.078,-0.0083
7163,97.821,-0.0165
7164,98.26,-0.022
7165,99.105,-0.0267
7166,99.98,-0.0315
7167,100.691,-0.0362
7168,101.292,-0.0395
7169,101.904,-0.0427
7170,102.531,-0.046
7171,103.092,-0.0493
7172,103.512,-0.0527
7173,103.751,-0.0562
7174,103.827,-0.0598
7175,103.82,-0.063
7176,103.801,-0.0675
7177,103.791,-0.0705
7178,103.797,-0.0735
7179,103.804,-0.0752
7180,103.743,-0.0757
7181,103.524,-0.0775
7182,103.139,-0.0777
7183,102.669,-0.078
7184,102.209,-0.0752
7185,101.816,-0.0723
7186,101.478,-0.0685
7187,101.153,-0.0648
7188,100.895,-0.0602
7189,100.821,-0.0555
7190,100.918,-0.0505
7191,101.021,-0.0457
7192,100.972,-0.0427
7193,100.733,-0.0377
7194,100.412,-0.0328
7195,100.192,-0.0285
7196,100.179,-0.0238
7197,100.336,-0.018
7198,100.584,-0.0123
7199,100.868,-0.0057
7200,101.107,0.0017
7201,101.234,0.009
7202,101.281,0.0165
7203,101.353,0.024
7204,101.562,0.0293
7205,101.978,0.0335
7206,102.543,0.0362
7207,103.09,0.039
7208,103.488,0.0415
7209,103.702,0.0447
7210,103.774,0.048
7211,103.791,0.0513
7212,103.805,0.0553
7213,103.814,0.0588
7214,103.831,0.0622
7215,103.914,0.0658
7216,104.072,0.0737
7217,104.158,0.0803
7218,103.994,0.086
7219,103.595,0.092
7220,103.179,0.097
7221,102.962,0.102
7222,102.989,0.1063
7223,103.084,0.1123
7224,102.955,0.1162
7225,102.41,0.12
7226,101.475,0.1238
7227,100.342,0.1268
7228,99.291,0.13
7229,98.582,0.1332
7230,98.265,0.1388
7231,98.138,0.1422
7232,97.926,0.1467
7233,97.472,0.1512
7234,96.778,0.1555
7235,95.982,0.1605
7236,95.283,0.1648
7237,94.822,0.169
7238,94.602,0.173
7239,94.475,0.176
7240,94.248,0.1775
7241,93.844,0.1805
7242,93.356,0.1835
7243,92.95,0.1867
7244,92.734,0.1878
7245,92.668,0.189
7246,92.6,0.1918
7247,92.439,0.1925
7248,92.255,0.1928
7249,92.17,0.1923
7250,92.231,0.1918
7251,92.394,0.1923
7252,92.606,0.192
7253,92.9,0.1923
7254,93.382,0.1933
7255,94.101,0.1948
7256,94.93,0.1905
7257,95.643,0.1862
7258,96.11,0.1827
7259,96.392,0.1795
7260,96.673,0.1755
7261,97.072,0.1725
7262,97.551,0.1703
7263,97.961,0.1665
7264,98.205,0.16
7265,98.356,0.1535
7266,98.574,0.147
7267,98.942,0.1425
7268,99.462,0.1363
7269,100.151,0.1313
7270,101,0.1238
7271,101.882,0.1187
7272,102.609,0.1128
7273,103.064,0.1068
7274,103.276,0.101
7275,103.391,0.0958
7276,103.528,0.0905
7277,103.665,0.0857
7278,103.733,0.0813
7279,103.741,0.076
7280,103.745,0.0723
7281,103.746,0.0665
7282,103.683,0.0607
7283,103.525,0.0548
7284,103.346,0.051
7285,103.259,0.046
7286,103.322,0.041
7287,103.498,0.04
7288,103.664,0.0393
7289,103.676,0.0377
7290,103.468,0.0335
7291,103.084,0.0282
7292,102.632,0.0262
7293,102.244,0.0243
7294,102.013,0.0215
7295,101.936,0.0182
7296,101.935,0.0163
7297,101.942,0.0142
7298,101.94,0.0123
7299,101.934,0.0097
7300,101.93,0.008
7301,101.931,0.0053
7302,101.936,0.0017
7303,101.944,-0.002
7304,101.94,-0.003
7305,101.863,-0.0032
7306,101.635,-0.0035
7307,101.251,-0.005
7308,100.788,-0.0045
7309,100.323,-0.0063
7310,99.87,-0.008
7311,99.392,-0.01
7312,98.834,-0.0115
7313,98.217,-0.0163
7314,97.678,-0.0175
7315,97.319,-0.0192
7316,97.054,-0.0217
7317,96.687,-0.0262
7318,96.065,-0.0307
7319,95.179,-0.0342
7320,94.207,-0.036
7321,93.35,-0.0367
7322,92.648,-0.0375
7323,92.031,-0.0382
7324,91.429,-0.0385
7325,90.812,-0.0375
7326,90.197,-0.0365
7327,89.592,-0.0375
7328,88.974,-0.038
7329,88.366,-0.0377
7330,87.821,-0.0347
7331,87.358,-0.0318
7332,86.975,-0.0307
7333,86.647,-0.0287
7334,86.332,-0.0267
7335,86.072,-0.0248
7336,85.993,-0.0225
7337,86.145,-0.022
7338,86.473,-0.0205
7339,86.89,-0.019
7340,87.274,-0.0175
7341,87.526,-0.0187
7342,87.671,-0.018
7343,87.814,-0.0152
7344,88.03,-0.0132
7345,88.32,-0.012
7346,88.632,-0.0107
7347,88.919,-0.0092
7348,89.224,-0.0123
7349,89.632,-0.0128
7350,90.172,-0.0132
7351,90.805,-0.0115
7352,91.513,-0.0095
7353,92.352,-0.0043
7354,93.371,-0.0023
7355,94.516,0.0005
7356,95.668,0.004
7357,96.757,0.007
7358,97.827,0.01
7359,98.996,0.0145
7360,100.321,0.0185
7361,101.729,0.0222
7362,103.061,0.026
7363,104.164,0.0298
7364,104.956,0.0328
7365,105.43,0.0365
7366,105.575,0.0403
7367,105.379,0.044
7368,104.934,0.0473
7369,104.493,0.0513
7370,104.376,0.0553
7371,104.79,0.0593
7372,105.685,0.0628
7373,106.797,0.065
7374,107.834,0.0673
7375,108.671,0.0695
7376,109.355,0.072
7377,109.966,0.0762
7378,110.577,0.0798
7379,111.285,0.0833
7380,112.13,0.0857
7381,113.003,0.091
7382,113.698,0.096
7383,114.073,0.099
7384,114.212,0.1027
7385,114.413,0.1065
7386,114.901,0.1105
7387,115.591,0.1143
7388,116.238,0.1215
7389,116.716,0.1268
7390,117.086,0.1325
7391,117.417,0.1363
7392,117.645,0.14
7393,117.643,0.1437
7394,117.402,0.148
7395,117.059,0.1515
7396,116.766,0.155
7397,116.548,0.1595
7398,116.266,0.1643
7399,115.694,0.1675
7400,114.683,0.1698
7401,113.274,0.1715
7402,111.666,0.1735
7403,110.086,0.1755
7404,108.671,0.1772
7405,107.413,0.1782
7406,106.261,0.1785
7407,105.251,0.179
7408,104.436,0.1795
7409,103.758,0.1777
7410,103.09,0.176
7411,102.329,0.1742
7412,101.457,0.1728
7413,100.594,0.1715
7414,99.939,0.1703
7415,99.64,0.167
7416,99.735,0.1635
7417,100.154,0.1598
7418,100.729,0.1557
7419,101.271,0.1517
7420,101.664,0.1467
7421,101.876,0.144
7422,101.945,0.1403
7423,101.953,0.1355
7424,101.958,0.131
7425,101.963,0.1275
7426,101.964,0.1238
7427,101.943,0.118
7428,101.855,0.112
7429,101.687,0.1065
7430,101.518,0.102
7431,101.456,0.0978
7432,101.545,0.0943
7433,101.729,0.0907
7434,101.89,0.0872
7435,101.948,0.0825
7436,101.952,0.078
7437,102.019,0.0745
7438,102.188,0.0713
7439,102.37,0.068
7440,102.442,0.065
7441,102.357,0.0625
7442,102.174,0.06
7443,102.009,0.0575
7444,101.957,0.0555
7445,102.042,0.0503
7446,102.226,0.0487
7447,102.398,0.047
7448,102.384,0.0452
7449,102.074,0.0445
7450,101.571,0.0435
7451,101.15,0.0425
7452,100.999,0.0413
7453,101.073,0.04
7454,101.172,0.0385
7455,101.112,0.039
7456,100.874,0.0398
7457,100.581,0.0403
7458,100.341,0.0408
7459,100.178,0.0413
7460,100.031,0.0438
7461,99.787,0.0423
7462,99.397,0.0408
7463,98.939,0.0408
7464,98.553,0.0405
7465,98.309,0.0382
7466,98.144,0.036
7467,97.969,0.0365
7468,97.808,0.037
7469,97.765,0.037
7470,97.865,0.0353
7471,97.968,0.0338
7472,97.871,0.0315
7473,97.581,0.0293
7474,97.465,0.0262
7475,97.984,0.0245
7476,99.27,0.0225
7477,100.97,0.0205
7478,102.487,0.0185
7479,103.426,0.0165
7480,103.851,0.014
7481,104.119,0.0115
7482,104.494,0.009
7483,104.954,0.0065
7484,105.302,0.004
7485,105.394,0.0045
7486,105.217,0.0013
7487,104.821,-0.002
7488,104.307,-0.0053
7489,103.889,-0.008
7490,103.797,-0.01
7491,104.112,-0.011
7492,104.69,-0.012
7493,105.262,-0.013
7494,105.656,-0.0138
7495,105.894,-0.0148
7496,106.054,-0.0158
7497,106.186,-0.0163
7498,106.339,-0.0163
7499,106.566,-0.0172
7500,106.875,-0.0182
7501,107.191,-0.016
7502,107.411,-0.0138
7503,107.561,-0.0115
7504,107.793,-0.0103
7505,108.193,-0.008
7506,108.667,-0.0057
7507,109.002,-0.0043
7508,109.007,-0.002
7509,108.632,0.0008
7510,107.953,0.0037
7511,107.036,0.006
7512,105.887,0.009
7513,104.529,0.0123
7514,103.081,0.0155
7515,101.768,0.0187
7516,100.801,0.0217
7517,100.261,0.0248
7518,100.117,0.0275
7519,100.297,0.0302
7520,100.711,0.033
7521,101.274,0.0358
7522,101.92,0.04
7523,102.568,0.0443
7524,103.129,0.0483
7525,103.538,0.0532
7526,103.759,0.059
7527,103.821,0.0648
7528,103.81,0.0703
7529,103.794,0.074
7530,103.783,0.0788
7531,103.789,0.0825
7532,103.863,0.0862
7533,104.027,0.0895
7534,104.207,0.0927
7535,104.294,0.0963
7536,104.22,0.0997
7537,103.968,0.1032
7538,103.563,0.1063
7539,103.075,0.1103
7540,102.583,0.1143
7541,102.181,0.1167
7542,101.948,0.1192
7543,101.878,0.1205
7544,101.886,0.1233
7545,101.902,0.126
7546,101.913,0.1288
7547,101.926,0.1335
7548,101.941,0.1345
7549,101.95,0.1355
7550,101.944,0.1373
7551,101.919,0.1393
7552,101.9,0.1385
7553,101.968,0.1375
7554,102.211,0.1365
7555,102.635,0.1355
7556,103.112,0.1313
7557,103.428,0.127
7558,103.429,0.1235
7559,103.177,0.12
7560,102.873,0.1177
7561,102.648,0.1155
7562,102.496,0.1115
7563,102.352,0.1075
7564,102.175,0.103
7565,102.014,0.0988
7566,101.938,0.0945
7567,101.924,0.0902
7568,101.859,0.0865
7569,101.638,0.0828
7570,101.253,0.0775
7571,100.805,0.0723
7572,100.416,0.0685
7573,100.116,0.0648
7574,99.818,0.061
7575,99.416,0.06
7576,98.877,0.0575
7577,98.25,0.0537
7578,97.617,0.05
7579,97.003,0.0462
7580,96.371,0.0425
7581,95.679,0.0385
7582,94.92,0.0345
7583,94.133,0.0312
7584,93.382,0.0275
7585,92.7,0.0238
7586,92.074,0.0195
7587,91.463,0.0152
7588,90.836,0.014
7589,90.21,0.0123
7590,89.596,0.009
7591,88.974,0.0055
7592,88.365,0.004
7593,87.824,0.002
7594,87.349,0
7595,86.89,-0.002
7596,86.413,-0.0005
7597,85.945,0.001
7598,85.552,0.001
7599,85.253,0.0008
7600,84.958,0.001
7601,84.575,0.0013
7602,84.136,0.0015
7603,83.757,0.0017
7604,83.466,0.0028
7605,83.162,0.0028
7606,82.755,0.0035
7607,82.274,0.0043
7608,81.783,0.0043
7609,81.245,0.006
7610,80.559,0.0077
7611,79.707,0.0095
7612,78.794,0.0097
7613,77.944,0.0118
7614,77.165,0.0138
7615,76.374,0.013
7616,75.558,0.0138
7617,74.844,0.0165
7618,74.369,0.0192
7619,74.152,0.0217
7620,74.1,0.0243
7621,74.118,0.027
7622,74.204,0.0298
7623,74.432,0.0325
7624,74.823,0.0353
7625,75.289,0.038
7626,75.697,0.0413
7627,75.958,0.0425
7628,76.047,0.0452
7629,75.942,0.0473
7630,75.649,0.0522
7631,75.402,0.0572
7632,75.655,0.0635
7633,76.706,0.0673
7634,78.417,0.071
7635,80.306,0.075
7636,81.892,0.0798
7637,83.025,0.0845
7638,83.863,0.0878
7639,84.592,0.0927
7640,85.281,0.0968
7641,85.897,0.0992
7642,86.348,0.1032
7643,86.587,0.1063
7644,86.704,0.1095
7645,86.857,0.1125
7646,87.153,0.1155
7647,87.615,0.1185
7648,88.253,0.1218
7649,89.092,0.1255
7650,90.07,0.1293
7651,91.007,0.133
7652,91.782,0.1358
7653,92.476,0.1393
7654,93.247,0.143
7655,94.116,0.1467
7656,94.947,0.1502
7657,95.696,0.153
7658,96.591,0.1565
7659,97.916,0.1603
7660,99.653,0.165
7661,101.486,0.1698
7662,103.079,0.1745
7663,104.237,0.1795
7664,104.909,0.1822
7665,105.179,0.185
7666,105.263,0.1878
7667,105.408,0.1903
7668,105.73,0.191
7669,106.067,0.193
7670,106.038,0.1928
7671,105.396,0.1945
7672,104.292,0.192
7673,103.082,0.1925
7674,102.046,0.193
7675,101.288,0.1933
7676,100.75,0.1933
7677,100.304,0.1918
7678,99.863,0.192
7679,99.399,0.1908
7680,98.937,0.1875
7681,98.555,0.1857
7682,98.313,0.1825
7683,98.157,0.1822
7684,97.993,0.1818
7685,97.813,0.179
7686,97.661,0.1755
7687,97.57,0.172
7688,97.564,0.1698
7689,97.656,0.1648
7690,97.881,0.1598
7691,98.293,0.1547
7692,98.837,0.1527
7693,99.368,0.1488
7694,99.839,0.1427
7695,100.362,0.1368
7696,101.069,0.1303
7697,101.938,0.125
7698,102.732,0.1172
7699,103.207,0.1095
7700,103.351,0.1007
7701,103.371,0.0922
7702,103.43,0.0865
7703,103.513,0.0772
7704,103.565,0.0703
7705,103.681,0.0635
7706,104.015,0.0567
7707,104.554,0.049
7708,105.069,0.0427
7709,105.303,0.036
7710,105.193,0.029
7711,104.896,0.0185
7712,104.627,0.011
7713,104.466,0.0065
7714,104.326,0.002
7715,104.153,-0.0047
7716,104.006,-0.0138
7717,103.939,-0.0212
7718,103.946,-0.028
7719,103.99,-0.0347
7720,103.98,-0.0413
7721,103.827,-0.0462
7722,103.461,-0.0505
7723,102.826,-0.0585
7724,101.973,-0.0685
7725,101.102,-0.0762
7726,100.399,-0.084
7727,99.863,-0.0907
7728,99.324,-0.0992
7729,98.645,-0.1058
7730,97.856,-0.115
7731,97.071,-0.1218
7732,96.367,-0.1308
7733,95.813,-0.1398
7734,95.46,-0.147
7735,95.249,-0.1542
7736,94.968,-0.161
7737,94.374,-0.169
7738,93.398,-0.1755
7739,92.223,-0.182
7740,91.108,-0.187
7741,90.165,-0.194
7742,89.343,-0.2037
7743,88.563,-0.2107
7744,87.818,-0.215
7745,87.131,-0.2195
7746,86.502,-0.224
7747,85.894,-0.227
7748,85.273,-0.231
7749,84.65,-0.2345
7750,84.036,-0.2377
7751,83.414,-0.24
7752,82.792,-0.241
7753,82.18,-0.245
7754,81.562,-0.2502
7755,80.944,-0.2545
7756,80.33,-0.2547
7757,79.703,-0.255
7758,79.089,-0.2555
7759,78.548,-0.2553
7760,78.078,-0.253
7761,77.629,-0.2532
7762,77.169,-0.2543
7763,76.721,-0.2537
7764,76.341,-0.2502
7765,76.031,-0.2465
7766,75.713,-0.2427
7767,75.366,-0.2405
7768,75.116,-0.2367
7769,75.106,-0.234
7770,75.354,-0.2285
7771,75.758,-0.2258
7772,76.222,-0.222
7773,76.776,-0.2182
7774,77.542,-0.2145
7775,78.56,-0.2107
7776,79.724,-0.2067
7777,80.896,-0.203
7778,81.991,-0.199
7779,82.992,-0.195
7780,83.939,-0.1925
7781,84.859,-0.1875
7782,85.716,-0.1825
7783,86.465,-0.1762
7784,87.127,-0.1725
7785,87.789,-0.169
7786,88.596,-0.1655
7787,89.682,-0.164
7788,91.073,-0.1628
7789,92.635,-0.1608
7790,94.136,-0.1588
7791,95.458,-0.156
7792,96.706,-0.1525
7793,98.036,-0.149
7794,99.441,-0.1442
7795,100.764,-0.1393
7796,101.852,-0.1355
7797,102.683,-0.1318
7798,103.31,-0.1288
7799,103.772,-0.1253
7800,104.117,-0.1228
7801,104.443,-0.1192
7802,104.818,-0.1157
7803,105.161,-0.113
7804,105.265,-0.1103
7805,105.014,-0.1075
7806,104.491,-0.1048
7807,103.842,-0.1022
7808,103.125,-0.1015
7809,102.338,-0.0985
7810,101.527,-0.0955
7811,100.825,-0.0932
7812,100.357,-0.0912
7813,100.124,-0.0892
7814,99.988,-0.0872
7815,99.764,-0.0847
7816,99.383,-0.0815
7817,98.927,-0.0783
7818,98.546,-0.075
7819,98.321,-0.0725
7820,98.173,-0.07
7821,97.94,-0.0655
7822,97.55,-0.0633
7823,97.089,-0.0617
7824,96.7,-0.061
7825,96.477,-0.06
7826,96.404,-0.0555
7827,96.4,-0.0525
7828,96.408,-0.0503
7829,96.405,-0.0487
7830,96.333,-0.0473
7831,96.109,-0.047
7832,95.717,-0.047
7833,95.252,-0.048
7834,94.853,-0.049
7835,94.616,-0.049
7836,94.525,-0.0503
7837,94.515,-0.0515
7838,94.602,-0.0535
7839,94.836,-0.0567
7840,95.101,-0.0598
7841,95.124,-0.0588
7842,94.732,-0.0625
7843,94.013,-0.0673
7844,93.267,-0.072
7845,92.802,-0.0747
7846,92.722,-0.0775
7847,92.892,-0.0795
7848,93.093,-0.0805
7849,93.187,-0.086
7850,93.119,-0.0915
7851,92.867,-0.0958
7852,92.475,-0.1005
7853,92.061,-0.1043
7854,91.721,-0.1082
7855,91.492,-0.1128
7856,91.409,-0.118
7857,91.496,-0.121
7858,91.717,-0.124
7859,92.03,-0.128
7860,92.42,-0.135
7861,92.876,-0.144
7862,93.426,-0.1507
7863,94.132,-0.1575
7864,94.996,-0.1635
7865,95.928,-0.1693
7866,96.793,-0.1782
7867,97.472,-0.184
7868,97.902,-0.1893
7869,98.164,-0.194
7870,98.522,-0.1988
7871,99.316,-0.2025
7872,100.673,-0.2083
7873,102.303,-0.2135
7874,103.657,-0.2197
7875,104.352,-0.2263
7876,104.457,-0.2325
7877,104.383,-0.2387
7878,104.514,-0.2437
7879,104.949,-0.249
7880,105.583,-0.2545
7881,106.313,-0.2642
7882,107.113,-0.2692
7883,107.934,-0.2722
7884,108.63,-0.2762
7885,109.02,-0.2828
7886,109.022,-0.289
7887,108.692,-0.2955
7888,108.164,-0.302
7889,107.543,-0.305
7890,106.843,-0.308
7891,105.993,-0.3115
7892,104.956,-0.3148
7893,103.848,-0.319
7894,102.888,-0.323
7895,102.247,-0.327
7896,101.941,-0.331
7897,101.794,-0.3372
7898,101.567,-0.3435
7899,101.174,-0.348
7900,100.761,-0.3498
7901,100.578,-0.352
7902,100.835,-0.3545
7903,101.568,-0.357
7904,102.569,-0.3598
7905,103.485,-0.3628
7906,104.024,-0.365
7907,104.082,-0.3673
7908,103.785,-0.3693
7909,103.437,-0.3715
7910,103.293,-0.3737
7911,103.366,-0.3757
7912,103.476,-0.3768
7913,103.479,-0.3772
7914,103.455,-0.3768
7915,103.624,-0.376
7916,104.027,-0.3743
7917,104.377,-0.3725
7918,104.315,-0.3707
7919,103.81,-0.3687
7920,103.239,-0.3665
7921,102.981,-0.3638
7922,102.989,-0.361
7923,102.921,-0.3573
7924,102.652,-0.3538
7925,102.472,-0.3498
7926,102.765,-0.346
7927,103.582,-0.342
7928,104.57,-0.338
7929,105.3,-0.334
7930,105.624,-0.33
7931,105.684,-0.3263
7932,105.672,-0.3235
7933,105.652,-0.321
7934,105.563,-0.3185
7935,105.386,-0.316
7936,105.266,-0.3138
7937,105.42,-0.311
7938,105.922,-0.308
7939,106.602,-0.305
7940,107.116,-0.3025
7941,107.192,-0.3003
7942,106.853,-0.2983
7943,106.327,-0.296
7944,105.815,-0.2938
7945,105.478,-0.2918
7946,105.47,-0.2908
7947,105.814,-0.29
7948,106.319,-0.288
7949,106.685,-0.286
7950,106.691,-0.284
7951,106.355,-0.2823
7952,105.871,-0.2825
7953,105.385,-0.2818
7954,104.916,-0.2805
7955,104.461,-0.2792
7956,104.082,-0.2775
7957,103.857,-0.2752
7958,103.78,-0.274
7959,103.772,-0.2727
7960,103.77,-0.2717
7961,103.762,-0.268
7962,103.755,-0.2642
7963,103.75,-0.263
7964,103.747,-0.2615
7965,103.743,-0.259
7966,103.739,-0.2553
7967,103.743,-0.2535
7968,103.741,-0.2518
7969,103.666,-0.2495
7970,103.448,-0.2472
7971,103.147,-0.2425
7972,102.922,-0.239
7973,102.86,-0.2352
7974,102.878,-0.2318
7975,102.815,-0.2282
7976,102.581,-0.2243
7977,102.258,-0.2207
7978,102.011,-0.2175
7979,101.907,-0.2142
7980,101.886,-0.2103
7981,101.906,-0.206
7982,102,-0.2012
7983,102.177,-0.1968
7984,102.353,-0.1923
7985,102.439,-0.1885
7986,102.442,-0.1855
7987,102.431,-0.1822
7988,102.441,-0.1802
7989,102.439,-0.1785
7990,102.36,-0.1735
7991,102.201,-0.1723
7992,102.048,-0.1698
7993,101.979,-0.1683
7994,101.975,-0.1672
7995,101.983,-0.165
7996,101.985,-0.1655
7997,101.986,-0.1665
7998,101.988,-0.167
7999,101.989,-0.1675
8000,101.991,-0.1675
8001,101.993,-0.1728
8002,101.995,-0.178
8003,101.999,-0.1822
8004,102.002,-0.1865
8005,102.005,-0.1918
8006,102.007,-0.1992
8007,102.007,-0.2047
8008,102.004,-0.2103
8009,101.99,-0.2147
8010,101.981,-0.2193
8011,102.051,-0.2265
8012,102.272,-0.2318
8013,102.589,-0.2373
8014,102.819,-0.2435
8015,102.804,-0.2498
8016,102.546,-0.256
8017,102.198,-0.262
8018,101.948,-0.2672
8019,101.857,-0.2725
8020,101.858,-0.2787
8021,101.861,-0.2853
8022,101.795,-0.2933
8023,101.646,-0.3013
8024,101.486,-0.3093
8025,101.421,-0.3168
8026,101.497,-0.3235
8027,101.668,-0.3302
8028,101.831,-0.3372
8029,101.912,-0.3443
8030,101.929,-0.3535
8031,101.935,-0.359
8032,101.947,-0.3645
8033,101.956,-0.37
8034,101.95,-0.3755
8035,101.94,-0.3818
8036,101.995,-0.3867
8037,102.2,-0.3917
8038,102.59,-0.3965
8039,103.15,-0.401
8040,103.79,-0.406
8041,104.298,-0.4088
8042,104.446,-0.4115
8043,104.2,-0.4135
8044,103.775,-0.4145
8045,103.492,-0.4155
8046,103.521,-0.4155
8047,103.745,-0.4173
8048,103.92,-0.4153
8049,103.926,-0.4148
8050,103.836,-0.4143
8051,103.767,-0.4133
8052,103.749,-0.4113
8053,103.75,-0.4078
8054,103.755,-0.4035
8055,103.77,-0.3993
8056,103.789,-0.392
8057,103.8,-0.385
8058,103.804,-0.3788
8059,103.793,-0.3725
8060,103.71,-0.3673
8061,103.473,-0.3615
8062,103.067,-0.3543
8063,102.588,-0.347
8064,102.185,-0.3392
8065,101.964,-0.3305
8066,101.9,-0.3217
8067,101.838,-0.315
8068,101.629,-0.308
8069,101.25,-0.3
8070,100.78,-0.293
8071,100.315,-0.286
8072,99.917,-0.2792
8073,99.585,-0.2725
8074,99.282,-0.2662
8075,99.061,-0.263
8076,99.007,-0.2585
8077,99.046,-0.2555
8078,98.975,-0.2522
8079,98.643,-0.2492
8080,98.055,-0.2462
8081,97.439,-0.2407
8082,97.188,-0.2352
8083,97.565,-0.23
8084,98.543,-0.2258
8085,99.878,-0.2217
8086,101.185,-0.2175
8087,102.09,-0.2127
8088,102.475,-0.2117
8089,102.519,-0.2105
8090,102.472,-0.2093
8091,102.45,-0.208
8092,102.44,-0.2077
8093,102.431,-0.2085
8094,102.492,-0.209
8095,102.729,-0.2095
8096,103.11,-0.2137
8097,103.408,-0.2178
8098,103.402,-0.2215
8099,103.139,-0.2253
8100,102.888,-0.2282
8101,102.871,-0.229
8102,103.104,-0.2298
8103,103.428,-0.2348
8104,103.659,-0.2403
8105,103.739,-0.2437
8106,103.739,-0.2477
8107,103.731,-0.2498
8108,103.735,-0.2518
8109,103.75,-0.2577
8110,103.764,-0.262
8111,103.718,-0.2662
8112,103.506,-0.2702
8113,103.039,-0.275
8114,102.313,-0.2782
8115,101.494,-0.279
8116,100.925,-0.284
8117,100.923,-0.2875
8118,101.501,-0.2905
8119,102.326,-0.2935
8120,102.981,-0.296
8121,103.285,-0.301
8122,103.339,-0.3045
8123,103.325,-0.308
8124,103.298,-0.311
8125,103.206,-0.3138
8126,103.054,-0.3172
8127,102.977,-0.3195
8128,103.088,-0.3215
8129,103.316,-0.3227
8130,103.48,-0.326
8131,103.482,-0.329
8132,103.372,-0.3322
8133,103.256,-0.3332
8134,103.191,-0.3355
8135,103.14,-0.3377
8136,103.006,-0.34
8137,102.751,-0.3422
8138,102.456,-0.344
8139,102.212,-0.3458
8140,102.057,-0.347
8141,101.99,-0.3508
8142,101.973,-0.351
8143,101.955,-0.346
8144,101.936,-0.3412
8145,101.993,-0.3397
8146,102.226,-0.3377
8147,102.634,-0.3357
8148,103.053,-0.3332
8149,103.229,-0.3297
8150,103.002,-0.328
8151,102.443,-0.3263
8152,101.781,-0.3255
8153,101.218,-0.3225
8154,100.872,-0.3205
8155,100.8,-0.3185
8156,100.985,-0.3132
8157,101.329,-0.308
8158,101.687,-0.3025
8159,101.922,-0.299
8160,102,-0.296
8161,101.997,-0.2928
8162,101.987,-0.291
8163,101.986,-0.2878
8164,101.988,-0.285
8165,101.985,-0.2823
8166,101.969,-0.279
8167,101.955,-0.2765
8168,102.02,-0.2742
8169,102.246,-0.273
8170,102.581,-0.267
8171,102.837,-0.2625
8172,102.848,-0.2547
8173,102.609,-0.2495
8174,102.28,-0.243
8175,102.051,-0.2375
8176,101.98,-0.2318
8177,101.989,-0.2225
8178,101.997,-0.214
8179,102.006,-0.2083
8180,102.077,-0.2002
8181,102.23,-0.1925
8182,102.388,-0.1883
8183,102.441,-0.189
8184,102.344,-0.1895
8185,102.148,-0.184
8186,101.971,-0.1785
8187,101.892,-0.173
8188,101.892,-0.1715
8189,101.917,-0.1655
8190,101.944,-0.1595
8191,101.958,-0.1535
8192,101.888,-0.1462
8193,101.642,-0.1405
8194,101.23,-0.133
8195,100.825,-0.1255
8196,100.667,-0.1185
8197,100.849,-0.1128
8198,101.192,-0.1063
8199,101.375,-0.0978
8200,101.216,-0.0885
8201,100.809,-0.0795
8202,100.39,-0.0732
8203,100.142,-0.0658
8204,100.133,-0.0602
8205,100.367,-0.0548
8206,100.848,-0.0465
8207,101.556,-0.0362
8208,102.35,-0.0298
8209,102.973,-0.0232
8210,103.205,-0.0195
8211,103.017,-0.0125
8212,102.605,-0.0065
8213,102.288,-0.0065
8214,102.296,-0.0065
8215,102.566,-0.0035
8216,102.832,-0.0003
8217,102.913,0.0008
8218,102.826,0.0017
8219,102.712,0.0023
8220,102.702,0.002
8221,102.797,0.0028
8222,102.87,0.0035
8223,102.76,0.0083
8224,102.347,0.0155
8225,101.615,0.0175
8226,100.726,0.0195
8227,99.988,0.0215
8228,99.638,0.0258
8229,99.648,0.0275
8230,99.771,0.0293
8231,99.791,0.031
8232,99.702,0.0305
8233,99.642,0.03
8234,99.714,0.0278
8235,99.887,0.0255
8236,100.023,0.0212
8237,100.012,0.0182
8238,99.932,0.0138
8239,99.98,0.0095
8240,100.242,0.0047
8241,100.621,0
8242,100.925,-0.002
8243,100.99,-0.0065
8244,100.853,-0.009
8245,100.774,-0.0115
8246,100.988,-0.017
8247,101.538,-0.024
8248,102.289,-0.0272
8249,103.012,-0.0305
8250,103.51,-0.033
8251,103.678,-0.0367
8252,103.501,-0.0425
8253,103.082,-0.041
8254,102.651,-0.0395
8255,102.461,-0.039
8256,102.623,-0.0385
8257,103.028,-0.0385
8258,103.441,-0.0385
8259,103.69,-0.036
8260,103.771,-0.0342
8261,103.783,-0.0338
8262,103.783,-0.0333
8263,103.72,-0.0325
8264,103.507,-0.0342
8265,103.113,-0.0353
8266,102.561,-0.0362
8267,101.927,-0.0367
8268,101.364,-0.036
8269,101.045,-0.0338
8270,101.039,-0.0315
8271,101.284,-0.029
8272,101.613,-0.0245
8273,101.849,-0.0208
8274,101.935,-0.017
8275,101.939,-0.0132
8276,101.93,-0.0073
8277,101.917,-0.0032
8278,101.912,0.0008
8279,101.993,0.0047
8280,102.243,0.0085
8281,102.595,0.011
8282,102.786,0.0135
8283,102.564,0.0148
8284,101.901,0.016
8285,101.001,0.0172
8286,100.129,0.0187
8287,99.43,0.0225
8288,98.905,0.0262
8289,98.532,0.0307
8290,98.326,0.0345
8291,98.257,0.0358
8292,98.173,0.035
8293,97.934,0.0347
8294,97.589,0.0345
8295,97.346,0.0345
8296,97.361,0.0345
8297,97.568,0.036
8298,97.703,0.0355
8299,97.484,0.0345
8300,96.8,0.0335
8301,95.761,0.0328
8302,94.563,0.0342
8303,93.372,0.0345
8304,92.331,0.0335
8305,91.553,0.0318
8306,91.075,0.03
8307,90.847,0.0295
8308,90.781,0.029
8309,90.78,0.026
8310,90.785,0.023
8311,90.782,0.0205
8312,90.77,0.018
8313,90.769,0.0163
8314,90.847,0.0145
8315,91.09,0.0123
8316,91.505,0.01
8317,91.986,0.0087
8318,92.379,0.0075
8319,92.599,0.007
8320,92.734,0.0065
8321,92.96,0.0025
8322,93.347,0.0005
8323,93.824,-0.0005
8324,94.309,-0.0015
8325,94.796,-0.0023
8326,95.293,-0.0063
8327,95.693,-0.0077
8328,95.773,-0.0092
8329,95.423,-0.0125
8330,94.805,-0.0158
8331,94.232,-0.0163
8332,93.973,-0.0187
8333,94.14,-0.021
8334,94.659,-0.0232
8335,95.394,-0.0267
8336,96.225,-0.0307
8337,96.937,-0.037
8338,97.318,-0.0413
8339,97.36,-0.0462
8340,97.222,-0.0485
8341,97.094,-0.0545
8342,97.151,-0.06
8343,97.471,-0.0645
8344,98.02,-0.0678
8345,98.769,-0.073
8346,99.66,-0.0795
8347,100.466,-0.0857
8348,100.876,-0.092
8349,100.762,-0.0965
8350,100.317,-0.101
8351,99.958,-0.1063
8352,100.091,-0.1125
8353,100.815,-0.1195
8354,101.853,-0.1245
8355,102.808,-0.129
8356,103.438,-0.1348
8357,103.714,-0.1415
8358,103.762,-0.1483
8359,103.742,-0.1535
8360,103.721,-0.1585
8361,103.658,-0.1595
8362,103.507,-0.1625
8363,103.289,-0.1655
8364,103.078,-0.1685
8365,102.926,-0.172
8366,102.808,-0.1723
8367,102.654,-0.177
8368,102.438,-0.181
8369,102.208,-0.1842
8370,102.028,-0.1875
8371,101.945,-0.1923
8372,102.006,-0.1928
8373,102.24,-0.1958
8374,102.587,-0.1978
8375,102.919,-0.1998
8376,103.157,-0.2018
8377,103.297,-0.2037
8378,103.344,-0.2057
8379,103.268,-0.2057
8380,103.022,-0.2087
8381,102.634,-0.209
8382,102.255,-0.212
8383,102.027,-0.215
8384,101.954,-0.218
8385,101.96,-0.2203
8386,102.023,-0.2215
8387,102.144,-0.2245
8388,102.301,-0.2275
8389,102.524,-0.2295
8390,102.861,-0.2292
8391,103.219,-0.2292
8392,103.388,-0.2282
8393,103.174,-0.2255
8394,102.508,-0.2248
8395,101.537,-0.224
8396,100.521,-0.2223
8397,99.633,-0.2185
8398,98.937,-0.2147
8399,98.474,-0.2135
8400,98.273,-0.2105
8401,98.288,-0.2065
8402,98.343,-0.2025
8403,98.227,-0.1985
8404,97.825,-0.1945
8405,97.157,-0.1903
8406,96.4,-0.186
8407,95.776,-0.1818
8408,95.297,-0.1782
8409,94.804,-0.1747
8410,94.21,-0.171
8411,93.558,-0.1665
8412,92.943,-0.1623
8413,92.426,-0.1578
8414,91.956,-0.154
8415,91.426,-0.1502
8416,90.811,-0.146
8417,90.2,-0.1417
8418,89.673,-0.138
8419,89.217,-0.1342
8420,88.766,-0.1303
8421,88.284,-0.1253
8422,87.795,-0.1192
8423,87.388,-0.1133
8424,87.147,-0.1103
8425,87.063,-0.106
8426,87.052,-0.1017
8427,87.052,-0.0978
8428,87.053,-0.0938
8429,87.06,-0.0915
8430,87.064,-0.0907
8431,87.078,-0.0897
8432,87.164,-0.0888
8433,87.406,-0.0892
8434,87.812,-0.0897
8435,88.28,-0.0915
8436,88.68,-0.093
8437,88.983,-0.0938
8438,89.282,-0.0948
8439,89.671,-0.0955
8440,90.119,-0.0983
8441,90.514,-0.1007
8442,90.824,-0.1032
8443,91.133,-0.106
8444,91.524,-0.1087
8445,91.976,-0.1108
8446,92.429,-0.1128
8447,92.875,-0.1145
8448,93.344,-0.1172
8449,93.826,-0.1225
8450,94.235,-0.128
8451,94.475,-0.1332
8452,94.537,-0.1373
8453,94.522,-0.1412
8454,94.568,-0.1455
8455,94.775,-0.1497
8456,95.184,-0.1555
8457,95.802,-0.161
8458,96.593,-0.165
8459,97.47,-0.169
8460,98.387,-0.173
8461,99.343,-0.178
8462,100.348,-0.184
8463,101.439,-0.1885
8464,102.623,-0.19
8465,103.771,-0.192
8466,104.697,-0.1948
8467,105.307,-0.1958
8468,105.664,-0.1968
8469,105.956,-0.1978
8470,106.332,-0.1995
8471,106.786,-0.203
8472,107.248,-0.2047
8473,107.717,-0.2063
8474,108.269,-0.2077
8475,108.909,-0.208
8476,109.474,-0.2083
8477,109.779,-0.2095
8478,109.835,-0.2105
8479,109.878,-0.212
8480,110.17,-0.2135
8481,110.794,-0.216
8482,111.592,-0.2185
8483,112.309,-0.2207
8484,112.79,-0.223
8485,113.026,-0.2265
8486,113.096,-0.23
8487,113.102,-0.2338
8488,113.099,-0.2367
8489,113.041,-0.237
8490,112.824,-0.2413
8491,112.371,-0.2417
8492,111.682,-0.242
8493,110.81,-0.242
8494,109.808,-0.242
8495,108.702,-0.243
8496,107.511,-0.2413
8497,106.253,-0.2397
8498,104.986,-0.2393
8499,103.813,-0.2387
8500,102.8,-0.239
8501,101.956,-0.2375
8502,101.279,-0.236
8503,100.76,-0.2367
8504,100.391,-0.238
8505,100.186,-0.239
8506,100.123,-0.238
8507,100.123,-0.2387
8508,100.12,-0.239
8509,100.114,-0.2407
8510,100.16,-0.2425
8511,100.3,-0.2417
8512,100.534,-0.2425
8513,100.816,-0.243
8514,101.074,-0.2427
8515,101.289,-0.2425
8516,101.522,-0.2417
8517,101.781,-0.241
8518,101.992,-0.2413
8519,102.093,-0.2425
8520,102.068,-0.2417
8521,101.988,-0.2405
8522,102.014,-0.2393
8523,102.259,-0.238
8524,102.669,-0.236
8525,103.07,-0.233
8526,103.302,-0.23
8527,103.349,-0.227
8528,103.348,-0.2245
8529,103.498,-0.222
8530,103.905,-0.2165
8531,104.471,-0.215
8532,104.957,-0.2137
8533,105.133,-0.212
8534,104.872,-0.2103
8535,104.217,-0.2095
8536,103.39,-0.21
8537,102.659,-0.2095
8538,102.177,-0.2087
8539,101.949,-0.2083
8540,101.895,-0.207
8541,101.898,-0.207
8542,101.855,-0.207
8543,101.722,-0.206
8544,101.491,-0.2055
8545,101.128,-0.2047
8546,100.63,-0.2055
8547,100.078,-0.2063
8548,99.587,-0.2087
8549,99.254,-0.2095
8550,99.124,-0.2093
8551,99.173,-0.2097
8552,99.366,-0.2105
8553,99.701,-0.214
8554,100.105,-0.2168
8555,100.375,-0.2195
8556,100.358,-0.2227
8557,100.101,-0.2258
8558,99.765,-0.2285
8559,99.527,-0.23
8560,99.53,-0.2335
8561,99.754,-0.2375
8562,100.064,-0.241
8563,100.438,-0.2445
8564,100.97,-0.2488
8565,101.741,-0.255
8566,102.778,-0.261
8567,103.988,-0.265
8568,105.163,-0.2682
8569,106.125,-0.2722
8570,106.743,-0.275
8571,106.884,-0.2777
8572,106.52,-0.2818
8573,105.845,-0.2863
8574,105.203,-0.2903
8575,104.882,-0.2923
8576,104.934,-0.2942
8577,105.196,-0.2958
8578,105.455,-0.297
8579,105.538,-0.2983
8580,105.347,-0.2995
8581,104.937,-0.3027
8582,104.529,-0.3055
8583,104.35,-0.3083
8584,104.444,-0.31
8585,104.677,-0.3118
8586,104.889,-0.313
8587,105.049,-0.3142
8588,105.261,-0.3142
8589,105.613,-0.3145
8590,106.011,-0.3155
8591,106.26,-0.3165
8592,106.297,-0.3175
8593,106.266,-0.316
8594,106.294,-0.3155
8595,106.296,-0.315
8596,106.056,-0.314
8597,105.482,-0.313
8598,104.813,-0.3102
8599,104.508,-0.3075
8600,104.777,-0.3047
8601,105.313,-0.304
8602,105.601,-0.3035
8603,105.349,-0.2988
8604,104.575,-0.2938
8605,103.596,-0.2898
8606,102.922,-0.2865
8607,102.876,-0.2855
8608,103.276,-0.2845
8609,103.591,-0.2795
8610,103.316,-0.2765
8611,102.312,-0.2735
8612,100.94,-0.2715
8613,99.727,-0.2695
8614,98.91,-0.2697
8615,98.446,-0.27
8616,98.292,-0.2672
8617,98.465,-0.266
8618,98.953,-0.268
8619,99.676,-0.2675
8620,100.485,-0.267
8621,101.196,-0.264
8622,101.669,-0.2632
8623,101.829,-0.2612
8624,101.668,-0.2607
8625,101.268,-0.2603
8626,100.785,-0.2593
8627,100.377,-0.2573
8628,100.151,-0.2553
8629,100.086,-0.2532
8630,100.029,-0.2515
8631,99.822,-0.251
8632,99.431,-0.2505
8633,98.959,-0.2498
8634,98.557,-0.2482
8635,98.335,-0.2467
8636,98.266,-0.2442
8637,98.193,-0.2445
8638,97.961,-0.2447
8639,97.547,-0.2447
8640,97.063,-0.2433
8641,96.662,-0.2393
8642,96.443,-0.239
8643,96.391,-0.2455
8644,96.385,-0.2508
8645,96.296,-0.253
8646,96.118,-0.2547
8647,96.001,-0.2563
8648,96.086,-0.2575
8649,96.344,-0.2595
8650,96.627,-0.2607
8651,96.815,-0.262
8652,96.881,-0.261
8653,96.872,-0.262
8654,96.83,-0.2612
8655,96.79,-0.2605
8656,96.834,-0.2627
8657,97.076,-0.2647
8658,97.554,-0.2658
8659,98.199,-0.267
8660,98.929,-0.2682
8661,99.72,-0.2695
8662,100.528,-0.269
8663,101.227,-0.2717
8664,101.694,-0.2732
8665,101.921,-0.2745
8666,102.042,-0.2762
8667,102.258,-0.278
8668,102.713,-0.2807
8669,103.412,-0.2835
8670,104.212,-0.2893
8671,104.933,-0.294
8672,105.492,-0.2965
8673,105.878,-0.299
8674,106.034,-0.3027
8675,105.874,-0.3055
8676,105.382,-0.3095
8677,104.662,-0.3142
8678,103.947,-0.32
8679,103.468,-0.3233
8680,103.239,-0.3277
8681,103.082,-0.3322
8682,102.853,-0.3332
8683,102.533,-0.3295
8684,102.205,-0.3275
8685,101.991,-0.3287
8686,101.928,-0.33
8687,101.94,-0.3312
8688,101.951,-0.33
8689,101.947,-0.3312
8690,101.945,-0.3315
8691,101.95,-0.3317
8692,101.958,-0.3348
8693,101.965,-0.3357
8694,101.969,-0.3367
8695,101.97,-0.3377
8696,101.968,-0.3382
8697,101.963,-0.339
8698,101.956,-0.338
8699,101.952,-0.339
8700,101.955,-0.3407
8701,101.966,-0.3422
8702,101.981,-0.3438
8703,101.989,-0.3438
8704,101.976,-0.3415
8705,101.957,-0.3385
8706,102.007,-0.3412
8707,102.219,-0.345
8708,102.61,-0.3455
8709,103.086,-0.3453
8710,103.496,-0.342
8711,103.737,-0.3385
8712,103.817,-0.3392
8713,103.801,-0.3365
8714,103.709,-0.334
8715,103.542,-0.3325
8716,103.379,-0.3312
8717,103.315,-0.3267
8718,103.335,-0.3233
8719,103.288,-0.3192
8720,102.979,-0.3155
8721,102.334,-0.3135
8722,101.521,-0.3115
8723,100.867,-0.3118
8724,100.627,-0.3125
8725,100.823,-0.31
8726,101.244,-0.3075
8727,101.582,-0.3067
8728,101.661,-0.3067
8729,101.569,-0.3057
8730,101.5,-0.3047
8731,101.5,-0.3037
8732,101.444,-0.2995
8733,101.203,-0.2952
8734,100.802,-0.2905
8735,100.403,-0.2858
8736,100.154,-0.2807
8737,100.082,-0.2752
8738,100.147,-0.2697
8739,100.313,-0.2642
8740,100.558,-0.258
8741,100.858,-0.2522
8742,101.169,-0.2465
8743,101.457,-0.2405
8744,101.755,-0.2365
8745,102.132,-0.233
8746,102.592,-0.2235
8747,103.073,-0.2122
8748,103.456,-0.2033
8749,103.61,-0.1968
8750,103.531,-0.1913
8751,103.361,-0.1857
8752,103.219,-0.1782
8753,103.142,-0.1767
8754,103.152,-0.175
8755,103.226,-0.1733
8756,103.289,-0.1715
8757,103.299,-0.1703
8758,103.278,-0.168
8759,103.274,-0.169
8760,103.347,-0.17
8761,103.501,-0.1688
8762,103.655,-0.1675
8763,103.74,-0.1662
8764,103.777,-0.1643
8765,103.797,-0.1628
8766,103.742,-0.1613
8767,103.52,-0.1598
8768,103.121,-0.1603
8769,102.653,-0.1628
8770,102.24,-0.1653
8771,101.928,-0.1677
8772,101.686,-0.172
8773,101.511,-0.1747
8774,101.431,-0.1797
8775,101.436,-0.1847
8776,101.454,-0.1905
8777,101.381,-0.194
8778,101.155,-0.1975
8779,100.838,-0.201
8780,100.601,-0.2045
8781,100.59,-0.2065
8782,100.848,-0.2085
8783,101.275,-0.2105
8784,101.605,-0.2137
8785,101.522,-0.2175
8786,100.948,-0.2215
8787,100.194,-0.2273
8788,99.757,-0.233
8789,99.926,-0.2383
8790,100.571,-0.2425
8791,101.236,-0.2452
8792,101.556,-0.2482
8793,101.611,-0.25
8794,101.767,-0.2518
8795,102.239,-0.2535
8796,102.878,-0.2553
8797,103.292,-0.2583
8798,103.19,-0.2593
8799,102.692,-0.261
8800,102.206,-0.2627
8801,102.038,-0.2645
8802,102.173,-0.268
8803,102.37,-0.2695
8804,102.39,-0.271
8805,102.153,-0.2725
8806,101.74,-0.274
8807,101.314,-0.2745
8808,101.045,-0.2752
8809,101.033,-0.275
8810,101.253,-0.2745
8811,101.574,-0.274
8812,101.872,-0.2737
8813,102.114,-0.274
8814,102.295,-0.2725
8815,102.374,-0.271
8816,102.316,-0.2695
8817,102.16,-0.27
8818,102.009,-0.2705
8819,101.937,-0.271
8820,101.929,-0.2715
8821,101.937,-0.2712
8822,101.925,-0.2712
8823,101.84,-0.2712
8824,101.685,-0.27
8825,101.588,-0.269
8826,101.686,-0.268
8827,101.953,-0.2682
8828,102.214,-0.2685
8829,102.238,-0.2665
8830,101.912,-0.265
8831,101.361,-0.265
8832,100.795,-0.2627
8833,100.308,-0.2612
8834,99.921,-0.2597
8835,99.674,-0.2583
8836,99.594,-0.2557
8837,99.682,-0.2512
8838,99.928,-0.2488
8839,100.252,-0.2435
8840,100.504,-0.241
8841,100.589,-0.2385
8842,100.508,-0.2328
8843,100.327,-0.229
8844,100.165,-0.2253
8845,100.084,-0.2213
8846,99.991,-0.2162
8847,99.775,-0.2122
8848,99.52,-0.208
8849,99.436,-0.2027
8850,99.61,-0.1965
8851,99.932,-0.1903
8852,100.184,-0.183
8853,100.232,-0.1767
8854,100.194,-0.1725
8855,100.327,-0.1683
8856,100.773,-0.1623
8857,101.485,-0.157
8858,102.301,-0.1517
8859,103.021,-0.149
8860,103.507,-0.1432
8861,103.745,-0.1398
8862,103.813,-0.136
8863,103.816,-0.1323
8864,103.803,-0.1288
8865,103.723,-0.125
8866,103.479,-0.12
8867,103.071,-0.1138
8868,102.661,-0.1082
8869,102.48,-0.1037
8870,102.651,-0.0972
8871,103.127,-0.09
8872,103.778,-0.085
8873,104.508,-0.078
8874,105.224,-0.071
8875,105.718,-0.0638
8876,105.715,-0.057
8877,105.146,-0.0503
8878,104.239,-0.0435
8879,103.354,-0.0387
8880,102.786,-0.0312
8881,102.632,-0.0232
8882,102.797,-0.0152
8883,103.126,-0.0077
8884,103.467,-0.0003
8885,103.636,0.009
8886,103.515,0.0172
8887,103.136,0.0275
8888,102.582,0.0385
8889,101.942,0.0467
8890,101.37,0.0517
8891,101.05,0.0567
8892,101.055,0.061
8893,101.313,0.0653
8894,101.64,0.071
8895,101.867,0.0767
8896,102.009,0.0807
8897,102.235,0.0852
8898,102.611,0.0907
8899,103.008,0.0988
8900,103.265,0.102
8901,103.346,0.1055
8902,103.298,0.109
8903,103.138,0.114
8904,102.815,0.1192
8905,102.318,0.1245
8906,101.818,0.1285
8907,101.595,0.1325
8908,101.769,0.1373
8909,102.187,0.1422
8910,102.593,0.146
8911,102.846,0.1492
8912,102.986,0.1527
8913,103.078,0.1562
8914,103.059,0.1595
8915,102.816,0.1625
8916,102.342,0.165
8917,101.769,0.1675
8918,101.245,0.1705
8919,100.844,0.1735
8920,100.602,0.1752
8921,100.591,0.176
8922,100.904,0.1745
8923,101.501,0.1735
8924,102.101,0.1752
8925,102.301,0.1752
8926,101.84,0.1757
8927,100.767,0.1767
8928,99.391,0.177
8929,98.099,0.179
8930,97.164,0.182
8931,96.645,0.185
8932,96.435,0.188
8933,96.389,0.1918
8934,96.396,0.196
8935,96.399,0.2008
8936,96.385,0.2055
8937,96.366,0.2107
8938,96.352,0.2147
8939,96.351,0.2188
8940,96.359,0.2233
8941,96.37,0.2273
8942,96.378,0.2312
8943,96.377,0.2338
8944,96.386,0.2363
8945,96.466,0.2373
8946,96.699,0.2383
8947,97.093,0.2417
8948,97.558,0.2452
8949,97.958,0.2512
8950,98.175,0.2553
8951,98.151,0.259
8952,97.971,0.2627
8953,97.914,0.2655
8954,98.287,0.2685
8955,99.167,0.2705
8956,100.308,0.275
8957,101.297,0.2792
8958,101.863,0.283
8959,102.088,0.2868
8960,102.237,0.2903
8961,102.467,0.293
8962,102.763,0.2965
8963,103,0.3
8964,103.058,0.3037
8965,102.951,0.3057
8966,102.782,0.3073
8967,102.616,0.3083
8968,102.476,0.3093
8969,102.342,0.3102
8970,102.188,0.3102
8971,102.045,0.3138
8972,101.973,0.317
8973,101.979,0.3197
8974,102.066,0.3225
8975,102.229,0.3247
8976,102.395,0.3245
8977,102.459,0.3233
8978,102.372,0.3223
8979,102.2,0.3257
8980,102.123,0.3305
8981,102.286,0.3325
8982,102.612,0.3345
8983,102.862,0.3365
8984,102.857,0.3385
8985,102.596,0.3448
8986,102.255,0.351
8987,102.088,0.3528
8988,102.234,0.3548
8989,102.633,0.354
8990,103.119,0.3555
8991,103.515,0.357
8992,103.658,0.357
8993,103.491,0.3565
8994,103.154,0.3563
8995,102.899,0.357
8996,102.896,0.3553
8997,103.131,0.3538
8998,103.463,0.3523
8999,103.761,0.3523
9000,104.008,0.3528
9001,104.258,0.354
9002,104.495,0.3553
9003,104.591,0.3565
9004,104.428,0.3543
9005,104.029,0.3533
9006,103.541,0.3523
9007,103.144,0.351
9008,102.987,0.3498
9009,103.077,0.3485
9010,103.233,0.3493
9011,103.247,0.3458
9012,103.089,0.3382
9013,102.924,0.3305
9014,102.928,0.3227
9015,103.077,0.3148
9016,103.167,0.3108
9017,103.055,0.3067
9018,102.822,0.3027
9019,102.66,0.2955
9020,102.66,0.2878
9021,102.766,0.2833
9022,102.899,0.2787
9023,103.057,0.2732
9024,103.305,0.2662
9025,103.701,0.2565
9026,104.141,0.2467
9027,104.349,0.239
9028,104.117,0.2328
9029,103.492,0.2265
9030,102.733,0.2178
9031,102.179,0.209
9032,102.041,0.2008
9033,102.262,0.194
9034,102.607,0.187
9035,102.84,0.1827
9036,102.842,0.1755
9037,102.673,0.1672
9038,102.504,0.159
9039,102.436,0.1505
9040,102.416,0.143
9041,102.349,0.1358
9042,102.266,0.1265
9043,102.271,0.1175
9044,102.361,0.109
9045,102.408,0.1007
9046,102.345,0.093
9047,102.28,0.084
9048,102.362,0.075
9049,102.538,0.066
9050,102.501,0.056
9051,101.994,0.0487
9052,101.115,0.0425
9053,100.3,0.038
9054,99.942,0.032
9055,100.046,0.0275
9056,100.305,0.0215
9057,100.478,0.013
9058,100.614,0.0053
9059,100.932,-0.0025
9060,101.495,-0.01
9061,102.077,-0.0175
9062,102.401,-0.0275
9063,102.395,-0.0353
9064,102.214,-0.0415
9065,102.11,-0.0478
9066,102.253,-0.0542
9067,102.628,-0.0617
9068,103.084,-0.071
9069,103.465,-0.0803
9070,103.681,-0.088
9071,103.746,-0.0945
9072,103.743,-0.1035
9073,103.737,-0.1125
9074,103.743,-0.1215
9075,103.757,-0.1308
9076,103.764,-0.137
9077,103.698,-0.1445
9078,103.478,-0.1525
9079,103.094,-0.161
9080,102.64,-0.1695
9081,102.256,-0.1782
9082,102.039,-0.187
9083,101.965,-0.196
9084,101.887,-0.205
9085,101.662,-0.214
9086,101.273,-0.223
9087,100.808,-0.2308
9088,100.341,-0.2415
9089,99.882,-0.2525
9090,99.416,-0.2625
9091,98.939,-0.2745
9092,98.467,-0.2835
9093,98.002,-0.2942
9094,97.536,-0.3045
9095,97.067,-0.3172
9096,96.606,-0.3302
9097,96.155,-0.3407
9098,95.69,-0.3533
9099,95.164,-0.367
9100,94.563,-0.3818
9101,93.915,-0.3967
9102,93.233,-0.4095
9103,92.535,-0.4235
9104,91.885,-0.4375
9105,91.319,-0.4515
9106,90.786,-0.4645
9107,90.17,-0.4783
9108,89.357,-0.492
9109,88.326,-0.5058
9110,87.212,-0.5195
9111,86.178,-0.5345
9112,85.302,-0.545
9113,84.597,-0.5555
9114,84.056,-0.5663
9115,83.659,-0.5795
9116,83.365,-0.5927
9117,83.113,-0.6038
9118,82.888,-0.6112
9119,82.728,-0.6225
9120,82.616,-0.6338
9121,82.431,-0.6457
9122,82.072,-0.6557
9123,81.618,-0.6675
9124,81.286,-0.677
9125,81.221,-0.6865
9126,81.362,-0.6967
9127,81.527,-0.7083
9128,81.587,-0.7165
9129,81.504,-0.7242
9130,81.262,-0.732
9131,80.873,-0.739
9132,80.423,-0.7458
9133,80.039,-0.7522
9134,79.806,-0.7578
9135,79.727,-0.763
9136,79.789,-0.7695
9137,79.977,-0.7728
9138,80.218,-0.7748
9139,80.375,-0.7775
9140,80.331,-0.7757
9141,80.043,-0.7737
9142,79.56,-0.7715
9143,79.009,-0.769
9144,78.506,-0.7682
9145,78.125,-0.7672
9146,77.92,-0.767
9147,77.93,-0.767
9148,78.155,-0.767
9149,78.544,-0.7675
9150,78.991,-0.7665
9151,79.382,-0.7655
9152,79.689,-0.7655
9153,80,-0.7655
9154,80.399,-0.7652
9155,80.868,-0.765
9156,81.344,-0.7647
9157,81.809,-0.7647
9158,82.279,-0.7672
9159,82.739,-0.7667
9160,83.128,-0.7662
9161,83.428,-0.765
9162,83.729,-0.767
9163,84.118,-0.7672
9164,84.569,-0.7698
9165,84.957,-0.7725
9166,85.182,-0.7695
9167,85.251,-0.766
9168,85.246,-0.7612
9169,85.231,-0.7567
9170,85.221,-0.7522
9171,85.215,-0.748
9172,85.211,-0.7465
9173,85.209,-0.7452
9174,85.208,-0.744
9175,85.209,-0.7412
9176,85.211,-0.7372
9177,85.214,-0.7365
9178,85.214,-0.7358
9179,85.211,-0.7342
9180,85.208,-0.7328
9181,85.205,-0.734
9182,85.205,-0.7352
9183,85.208,-0.7368
9184,85.212,-0.7362
9185,85.216,-0.736
9186,85.219,-0.7348
9187,85.218,-0.7315
9188,85.213,-0.7298
9189,85.21,-0.7275
9190,85.211,-0.7262
9191,85.218,-0.725
9192,85.233,-0.7222
9193,85.23,-0.7195
9194,85.155,-0.7167
9195,84.994,-0.714
9196,84.834,-0.7115
9197,84.768,-0.7087
9198,84.767,-0.7065
9199,84.732,-0.703
9200,84.643,-0.6995
9201,84.584,-0.697
9202,84.618,-0.691
9203,84.691,-0.685
9204,84.64,-0.6787
9205,84.362,-0.6727
9206,83.966,-0.6685
9207,83.644,-0.6635
9208,83.472,-0.66
9209,83.418,-0.6573
9210,83.416,-0.6545
9211,83.416,-0.6508
9212,83.406,-0.6442
9213,83.394,-0.639
9214,83.398,-0.6338
9215,83.399,-0.629
9216,83.309,-0.624
9217,83.061,-0.62
9218,82.785,-0.6148
9219,82.765,-0.6095
9220,83.179,-0.609
9221,83.923,-0.6055
9222,84.673,-0.6018
9223,85.149,-0.5978
9224,85.372,-0.594
9225,85.596,-0.5905
9226,85.978,-0.5877
9227,86.445,-0.582
9228,86.836,-0.5747
9229,87.044,-0.5685
9230,87.105,-0.562
9231,87.178,-0.5555
9232,87.412,-0.5483
9233,87.822,-0.541
9234,88.29,-0.534
9235,88.681,-0.527
9236,88.957,-0.518
9237,89.227,-0.5085
9238,89.675,-0.499
9239,90.417,-0.4908
9240,91.449,-0.4825
9241,92.704,-0.473
9242,94.1,-0.4637
9243,95.521,-0.4542
9244,96.889,-0.4447
9245,98.203,-0.4352
9246,99.459,-0.4295
9247,100.628,-0.4255
9248,101.667,-0.4215
9249,102.517,-0.415
9250,103.187,-0.4085
9251,103.784,-0.4035
9252,104.379,-0.3987
9253,104.988,-0.3915
9254,105.621,-0.3842
9255,106.246,-0.377
9256,106.803,-0.3697
9257,107.266,-0.3615
9258,107.656,-0.3545
9259,108.04,-0.3475
9260,108.497,-0.339
9261,108.981,-0.3305
9262,109.347,-0.322
9263,109.506,-0.3138
9264,109.484,-0.3055
9265,109.39,-0.3005
9266,109.331,-0.2935
9267,109.326,-0.288
9268,109.333,-0.2825
9269,109.333,-0.2765
9270,109.334,-0.2707
9271,109.337,-0.264
9272,109.35,-0.2595
9273,109.432,-0.2555
9274,109.662,-0.2498
9275,110.052,-0.244
9276,110.506,-0.24
9277,110.894,-0.2373
9278,111.179,-0.2345
9279,111.493,-0.2302
9280,112.034,-0.226
9281,112.826,-0.2225
9282,113.657,-0.219
9283,114.265,-0.2158
9284,114.494,-0.2117
9285,114.348,-0.2073
9286,114.055,-0.2012
9287,113.953,-0.1935
9288,114.253,-0.1857
9289,114.932,-0.1805
9290,115.751,-0.1752
9291,116.394,-0.169
9292,116.71,-0.1625
9293,116.783,-0.1573
9294,116.774,-0.152
9295,116.761,-0.1467
9296,116.751,-0.1398
9297,116.74,-0.1327
9298,116.732,-0.1285
9299,116.729,-0.1238
9300,116.73,-0.119
9301,116.733,-0.1135
9302,116.735,-0.1082
9303,116.733,-0.103
9304,116.727,-0.0978
9305,116.719,-0.089
9306,116.711,-0.085
9307,116.704,-0.0813
9308,116.7,-0.0772
9309,116.698,-0.0727
9310,116.695,-0.0685
9311,116.692,-0.0653
9312,116.686,-0.0602
9313,116.681,-0.0555
9314,116.677,-0.0537
9315,116.676,-0.052
9316,116.678,-0.0503
9317,116.68,-0.0462
9318,116.682,-0.0423
9319,116.685,-0.0398
9320,116.689,-0.0372
9321,116.697,-0.0342
9322,116.709,-0.031
9323,116.724,-0.0278
9325,116.754,-0.0232
9326,116.767,-0.0227
9327,116.771,-0.0225
9328,116.778,-0.0222
9329,116.851,-0.0212
9330,117.073,-0.0198
9331,117.459,-0.0205
9332,117.915,-0.021
9333,118.302,-0.0202
9334,118.526,-0.0195
9335,118.599,-0.0187
9336,118.603,-0.0198
9337,118.603,-0.0208
9338,118.612,-0.0175
9339,118.616,-0.0148
9340,118.626,-0.012
9341,118.702,-0.0105
9342,118.927,-0.011
9343,119.313,-0.0115
9344,119.775,-0.012
9345,120.155,-0.0125
9346,120.307,-0.0105
9347,120.224,-0.0097
9348,120.042,-0.0092
9349,119.903,-0.0087
9350,119.904,-0.009
9351,120.093,-0.0097
9352,120.367,-0.0125
9353,120.531,-0.0145
9354,120.484,-0.015
9355,120.298,-0.0155
9356,120.131,-0.0165
9357,120.069,-0.019
9358,120.001,-0.0215
9359,119.704,-0.024
9360,119.072,-0.029
9361,118.195,-0.0338
9362,117.25,-0.0387
9363,116.371,-0.0435
9364,115.6,-0.0483
9365,114.916,-0.053
9366,114.287,-0.0588
9367,113.669,-0.0655
9368,113.025,-0.0723
9369,112.387,-0.079
9370,111.838,-0.088
9371,111.428,-0.0963
9372,111.149,-0.1045
9373,110.949,-0.1113
9374,110.737,-0.118
9375,110.394,-0.1253
9376,109.832,-0.1325
9377,109.024,-0.1398
9378,108.054,-0.1502
9379,107.166,-0.1608
9380,106.648,-0.1713
9381,106.549,-0.1815
9382,106.604,-0.192
9383,106.404,-0.202
9384,105.693,-0.2122
9385,104.62,-0.2225
9386,103.654,-0.2335
9387,103.16,-0.2447
9388,103.181,-0.257
9389,103.529,-0.2707
9390,104.01,-0.282
9391,104.579,-0.2928
9392,105.293,-0.3033
9393,106.088,-0.3158
9394,106.728,-0.328
9395,106.963,-0.3405
9396,106.699,-0.3525
9397,106.058,-0.3653
9398,105.33,-0.379
9399,104.716,-0.3927
9400,104.127,-0.4042
9401,103.351,-0.4163
9402,102.341,-0.4282
9403,101.301,-0.4423
9404,100.515,-0.4565
9405,100.07,-0.472
9406,99.763,-0.4862
9407,99.397,-0.4995
9408,99.026,-0.5128
9409,98.802,-0.527
9410,98.695,-0.54
9411,98.479,-0.5528
9412,97.935,-0.5657
9413,97.057,-0.5815
9414,96.092,-0.5973
9415,95.314,-0.6125
9416,94.775,-0.628
9417,94.336,-0.6435
9418,93.88,-0.6578
9419,93.414,-0.6743
9420,93.012,-0.6895
9421,92.698,-0.705
9422,92.381,-0.7185
9423,91.965,-0.7332
9424,91.484,-0.7478
9425,91.079,-0.7625
9426,90.844,-0.7765
9427,90.709,-0.793
9428,90.499,-0.8087
9429,90.127,-0.823
9430,89.67,-0.8385
9431,89.285,-0.8542
9432,89.064,-0.8712
9433,88.938,-0.8863
9434,88.719,-0.899
9435,88.262,-0.9107
9436,87.547,-0.9255
9437,86.677,-0.9418
9438,85.822,-0.9562
9439,85.102,-0.9705
9440,84.492,-0.9835
9441,83.931,-0.996
9442,83.453,-1.0085
9443,83.152,-1.0175
9444,83.071,-1.0263
9445,83.108,-1.0335
9446,83.034,-1.0408
9447,82.715,-1.051
9448,82.249,-1.0613
9449,81.844,-1.0715
9450,81.619,-1.0797
9451,81.551,-1.088
9452,81.558,-1.0965
9453,81.631,-1.1038
9454,81.839,-1.1128
9455,82.224,-1.121
9456,82.764,-1.1322
9457,83.395,-1.1438
9458,84.021,-1.155
9459,84.544,-1.1638
9460,84.92,-1.1718
9461,85.216,-1.1795
9462,85.613,-1.1872
9463,86.215,-1.1945
9464,86.821,-1.2058
9465,87.02,-1.2143
9466,86.539,-1.2225
9467,85.464,-1.2275
9468,84.179,-1.2323
9469,83.063,-1.2368
9470,82.236,-1.2388
9471,81.567,-1.245
9472,80.885,-1.25
9473,80.112,-1.2523
9474,79.292,-1.2565
9475,78.565,-1.261
9476,78.079,-1.259
9477,77.936,-1.2545
9478,78.116,-1.2512
9479,78.406,-1.254
9480,78.512,-1.2548
9481,78.278,-1.2512
9482,77.786,-1.2478
9483,77.334,-1.2457
9484,77.268,-1.2438
9485,77.733,-1.245
9486,78.563,-1.246
9487,79.406,-1.2415
9488,79.939,-1.2372
9489,80.075,-1.232
9490,80.078,-1.229
9491,80.421,-1.226
9492,81.367,-1.223
9493,82.727,-1.2192
9494,84.047,-1.214
9495,84.928,-1.2093
9496,85.232,-1.2013
9497,85.121,-1.193
9498,84.902,-1.1845
9499,84.791,-1.1783
9500,84.85,-1.1727
9501,85.021,-1.1673
9502,85.185,-1.1612
9503,85.263,-1.1545
9504,85.285,-1.1425
9505,85.297,-1.1328
9506,85.247,-1.1232
9507,85.034,-1.1142
9508,84.619,-1.1058
9509,84.037,-1.0975
9510,83.38,-1.0922
9511,82.819,-1.0817
9512,82.524,-1.0657
9513,82.552,-1.0525
9514,82.826,-1.0397
9515,83.152,-1.0275
9516,83.301,-1.0215
9517,83.207,-1.0157
9518,83.029,-1.0092
9519,82.951,-0.997
9520,83.029,-0.988
9521,83.198,-0.9835
9522,83.365,-0.979
9523,83.509,-0.9738
9524,83.671,-0.9675
9525,83.831,-0.9583
9526,83.899,-0.9492
9527,83.824,-0.9425
9528,83.653,-0.9373
9529,83.497,-0.932
9530,83.43,-0.9235
9531,83.43,-0.9147
9532,83.438,-0.9057
9533,83.446,-0.8988
9534,83.521,-0.8915
9535,83.744,-0.8863
9536,84.126,-0.8775
9537,84.575,-0.8688
9538,84.955,-0.86
9539,85.171,-0.8507
9540,85.235,-0.8427
9541,85.228,-0.8345
9542,85.217,-0.8237
9543,85.219,-0.814
9544,85.226,-0.8055
9545,85.233,-0.7978
9546,85.235,-0.79
9547,85.23,-0.7808
9548,85.221,-0.7708
9549,85.217,-0.7607
9550,85.221,-0.7505
9551,85.213,-0.7435
9552,85.143,-0.7383
9553,84.994,-0.7332
9554,84.824,-0.7282
9555,84.685,-0.7248
9556,84.606,-0.7185
9557,84.611,-0.7087
9558,84.697,-0.6992
9559,84.835,-0.6913
9560,85.02,-0.6835
9561,85.232,-0.6757
9562,85.381,-0.6655
9563,85.41,-0.6578
9564,85.389,-0.651
9565,85.42,-0.644
9566,85.52,-0.6368
9567,85.615,-0.6293
9568,85.555,-0.62
9569,85.22,-0.6105
9570,84.727,-0.6043
9571,84.325,-0.5993
9572,84.145,-0.5902
9573,84.16,-0.5815
9574,84.289,-0.573
9575,84.453,-0.5655
9576,84.576,-0.5613
9577,84.562,-0.5543
9578,84.365,-0.5473
9579,84.108,-0.5403
9580,84.062,-0.533
9581,84.39,-0.526
9582,84.966,-0.5202
9583,85.52,-0.5145
9584,85.917,-0.509
9585,86.214,-0.503
9586,86.518,-0.498
9587,86.828,-0.495
9588,87.05,-0.4898
9589,87.193,-0.4842
9590,87.408,-0.4793
9591,87.856,-0.4718
9592,88.604,-0.4677
9593,89.627,-0.4635
9594,90.885,-0.4593
9595,92.376,-0.4522
9596,94.036,-0.446
9597,95.667,-0.4432
9598,97.067,-0.4405
9599,98.212,-0.4363
9600,99.271,-0.431
9601,100.437,-0.4255
9602,101.688,-0.4225
9603,102.773,-0.4177
9604,103.461,-0.4128
9605,103.738,-0.408
9606,103.79,-0.4032
9607,103.856,-0.3975
9608,104.093,-0.392
9609,104.511,-0.3867
9610,105.004,-0.3802
9611,105.412,-0.3725
9612,105.574,-0.3685
9613,105.396,-0.3645
9614,104.9,-0.3595
9615,104.228,-0.3518
9616,103.628,-0.3448
9617,103.366,-0.3405
9618,103.596,-0.3362
9619,104.333,-0.3305
9620,105.449,-0.325
9621,106.67,-0.3187
9622,107.689,-0.314
9623,108.361,-0.3087
9624,108.793,-0.3037
9625,109.289,-0.2988
9626,110.105,-0.2928
9627,111.155,-0.2863
9628,112.058,-0.2825
9629,112.472,-0.279
9630,112.357,-0.275
9631,111.937,-0.2705
9632,111.438,-0.266
9633,110.874,-0.2615
9634,110.17,-0.257
9635,109.437,-0.253
9636,108.962,-0.248
9637,108.907,-0.243
9638,109.146,-0.238
9639,109.406,-0.2322
9640,109.542,-0.2312
9641,109.639,-0.2302
9642,109.829,-0.2292
9643,110.074,-0.2258
9644,110.185,-0.2225
9645,110.01,-0.2193
9646,109.54,-0.2162
9647,108.887,-0.2127
9648,108.176,-0.209
9649,107.487,-0.2053
9650,106.862,-0.2018
9651,106.342,-0.1985
9652,105.961,-0.1955
9653,105.675,-0.1928
9654,105.304,-0.1908
9655,104.665,-0.1888
9656,103.775,-0.1862
9657,102.877,-0.1837
9658,102.305,-0.1815
9659,102.332,-0.178
9660,102.999,-0.1745
9661,103.988,-0.1718
9662,104.747,-0.1662
9663,104.879,-0.1608
9664,104.434,-0.1547
9665,103.828,-0.1488
9666,103.478,-0.147
9667,103.5,-0.145
9668,103.743,-0.1437
9669,104.074,-0.1425
9670,104.484,-0.1412
9671,104.943,-0.1403
9672,105.335,-0.1395
9673,105.556,-0.1388
9674,105.629,-0.138
9675,105.705,-0.1383
9676,105.937,-0.1388
9677,106.348,-0.1393
9678,106.836,-0.1398
9679,107.241,-0.1412
9680,107.398,-0.1412
9681,107.227,-0.1395
9682,106.816,-0.1385
9683,106.404,-0.1398
9684,106.225,-0.141
9685,106.323,-0.1422
9686,106.51,-0.1442
9687,106.525,-0.148
9688,106.227,-0.152
9689,105.67,-0.156
9690,105.036,-0.1603
9691,104.483,-0.1645
9692,104.088,-0.1703
9693,103.863,-0.1755
9694,103.717,-0.1808
9695,103.489,-0.1865
9696,103.104,-0.192
9697,102.636,-0.1975
9698,102.241,-0.2027
9699,102.083,-0.2107
9700,102.241,-0.2188
9701,102.65,-0.2263
9702,103.157,-0.2365
9703,103.586,-0.2467
9704,103.748,-0.257
9705,103.487,-0.2678
9706,102.818,-0.2745
9707,101.973,-0.2818
9708,101.255,-0.288
9709,100.811,-0.2945
9710,100.531,-0.301
9711,100.19,-0.3093
9712,99.701,-0.3175
9713,99.151,-0.3245
9714,98.629,-0.3317
9715,98.144,-0.3387
9716,97.63,-0.3455
9717,96.997,-0.3523
9718,96.28,-0.3593
9719,95.654,-0.366
9720,95.311,-0.3685
9721,95.342,-0.3733
9722,95.616,-0.3778
9723,95.809,-0.3828
9724,95.683,-0.3877
9725,95.225,-0.3927
9726,94.521,-0.3973
9727,93.647,-0.4025
9728,92.7,-0.4073
9729,91.809,-0.412
9730,91.085,-0.417
9731,90.597,-0.4218
9732,90.406,-0.4273
9733,90.574,-0.4327
9734,91.061,-0.4387
9735,91.651,-0.4443
9736,92.067,-0.4497
9737,92.206,-0.4562
9738,92.235,-0.4625
9739,92.383,-0.4677
9740,92.641,-0.4728
9741,92.735,-0.4783
9742,92.436,-0.483
9743,91.855,-0.488
9744,91.448,-0.493
9745,91.737,-0.4975
9746,92.892,-0.5015
9747,94.582,-0.5052
9748,96.229,-0.5092
9749,97.382,-0.513
9750,97.975,-0.5168
9751,98.327,-0.5195
9752,98.832,-0.522
9753,99.631,-0.5258
9754,100.562,-0.5292
9755,101.352,-0.5327
9756,101.872,-0.5363
9757,102.255,-0.5398
9758,102.738,-0.543
9759,103.365,-0.5463
9760,103.932,-0.551
9761,104.221,-0.556
9762,104.182,-0.561
9763,103.912,-0.566
9764,103.579,-0.571
9765,103.342,-0.5732
9766,103.277,-0.5775
9767,103.359,-0.581
9768,103.457,-0.5847
9769,103.384,-0.5885
9770,103.075,-0.592
9771,102.708,-0.5968
9772,102.537,-0.5993
9773,102.64,-0.6018
9774,102.877,-0.6038
9775,103.034,-0.6058
9776,102.973,-0.608
9777,102.727,-0.6092
9778,102.431,-0.6108
9779,102.188,-0.6132
9780,102.036,-0.616
9781,101.977,-0.6185
9782,101.976,-0.6218
9783,101.987,-0.6247
9784,101.991,-0.6278
9785,101.991,-0.6307
9786,101.989,-0.6355
9787,101.985,-0.6402
9788,101.985,-0.6448
9789,101.987,-0.648
9790,101.987,-0.651
9791,101.978,-0.6548
9792,101.966,-0.6587
9793,101.959,-0.6627
9794,101.965,-0.6667
9795,101.98,-0.6707
9796,101.993,-0.677
9797,101.993,-0.6833
9798,102,-0.6865
9799,102.068,-0.6897
9800,102.219,-0.693
9801,102.383,-0.6975
9802,102.453,-0.7012
9803,102.375,-0.705
9804,102.208,-0.7087
9805,102.121,-0.7153
9806,102.272,-0.7165
9807,102.651,-0.7193
9808,103.111,-0.722
9809,103.499,-0.7248
9810,103.727,-0.7275
9811,103.812,-0.729
9812,103.835,-0.7322
9813,103.831,-0.7352
9814,103.755,-0.7368
9815,103.585,-0.7383
9816,103.397,-0.74
9817,103.303,-0.7437
9818,103.353,-0.7475
9819,103.525,-0.75
9820,103.781,-0.7528
9821,104.102,-0.7558
9822,104.444,-0.7585
9823,104.753,-0.7615
9824,105.039,-0.7647
9825,105.339,-0.768
9826,105.629,-0.7698
9827,105.851,-0.771
9828,105.987,-0.772
9829,106.127,-0.7742
9830,106.398,-0.777
9831,106.758,-0.7768
9832,106.959,-0.7765
9833,106.807,-0.7777
9834,106.326,-0.779
9835,105.683,-0.7802
9836,105.044,-0.7795
9837,104.494,-0.7788
9838,104.025,-0.783
9839,103.573,-0.7878
9840,103.013,-0.7925
9841,102.234,-0.7955
9842,101.352,-0.7965
9843,100.713,-0.7975
9844,100.579,-0.7985
9845,100.906,-0.7995
9846,101.433,-0.8035
9847,101.916,-0.806
9848,102.293,-0.8087
9849,102.62,-0.8122
9850,102.916,-0.8157
9851,103.132,-0.8185
9852,103.219,-0.8195
9853,103.212,-0.821
9854,103.206,-0.8235
9855,103.197,-0.826
9856,103.092,-0.828
9857,102.872,-0.828
9858,102.634,-0.8275
9859,102.476,-0.8265
9860,102.431,-0.8225
9861,102.431,-0.8185
9862,102.368,-0.8147
9863,102.222,-0.8117
9864,102.062,-0.8077
9865,101.91,-0.8037
9866,101.731,-0.7997
9867,101.551,-0.795
9868,101.475,-0.7917
9869,101.55,-0.7888
9870,101.65,-0.7855
9871,101.498,-0.7835
9872,100.92,-0.7815
9873,100.093,-0.7808
9874,99.48,-0.78
9875,99.54,-0.7788
9876,100.442,-0.7775
9877,101.947,-0.7762
9878,103.512,-0.7705
9879,104.575,-0.7652
9880,104.888,-0.76
9881,104.657,-0.7548
9882,104.31,-0.7492
9883,104.136,-0.7437
9884,104.144,-0.7383
9885,104.147,-0.7328
9886,103.96,-0.7265
9887,103.567,-0.722
9888,103.079,-0.7173
9889,102.593,-0.71
9890,102.213,-0.7043
9891,102.067,-0.697
9892,102.165,-0.6897
9893,102.344,-0.6813
9894,102.442,-0.6733
9895,102.448,-0.6653
9896,102.438,-0.657
9897,102.456,-0.648
9898,102.452,-0.6398
9899,102.287,-0.6318
9900,101.864,-0.6265
9901,101.286,-0.6212
9902,100.802,-0.6158
9903,100.623,-0.6092
9904,100.794,-0.6035
9905,101.196,-0.5968
9906,101.67,-0.59
9907,102.146,-0.5845
9908,102.637,-0.5777
9909,103.117,-0.5697
9910,103.431,-0.5617
9911,103.44,-0.5535
9912,103.258,-0.5453
9913,103.185,-0.5347
9914,103.357,-0.5242
9915,103.607,-0.5142
9916,103.642,-0.5042
9917,103.371,-0.4938
9918,103.031,-0.486
9919,102.931,-0.4757
9920,103.135,-0.4655
9921,103.453,-0.4552
9922,103.675,-0.4475
9923,103.746,-0.4392
9924,103.739,-0.431
9925,103.726,-0.4228
9926,103.726,-0.4153
9927,103.738,-0.4047
9928,103.76,-0.394
9929,103.786,-0.385
9930,103.805,-0.3745
9931,103.812,-0.3663
9932,103.809,-0.357
9933,103.8,-0.3488
9934,103.786,-0.3425
9935,103.762,-0.3362
9936,103.748,-0.3282
9937,103.825,-0.321
9938,104.066,-0.3135
9939,104.408,-0.306
9940,104.659,-0.2978
9941,104.653,-0.2895
9942,104.393,-0.2815
9943,104.047,-0.275
9944,103.809,-0.2685
9945,103.734,-0.262
9946,103.763,-0.2555
9947,103.873,-0.249
9948,104.073,-0.2423
9949,104.259,-0.236
9950,104.197,-0.23
9951,103.727,-0.2248
9952,102.963,-0.2195
9953,102.236,-0.214
9954,101.826,-0.2073
9955,101.764,-0.2005
9956,101.87,-0.1938
9957,101.956,-0.1875
9958,101.976,-0.1808
9959,101.963,-0.1755
9960,101.952,-0.1713
9961,102.004,-0.167
9962,102.211,-0.1628
9963,102.594,-0.159
9964,103.058,-0.1552
9965,103.456,-0.1512
9966,103.692,-0.1475
9967,103.766,-0.145
9968,103.705,-0.143
9969,103.486,-0.1412
9970,103.103,-0.1395
9971,102.658,-0.1378
9972,102.342,-0.1373
9973,102.274,-0.139
9974,102.373,-0.1388
9975,102.45,-0.1388
9976,102.391,-0.1415
9977,102.224,-0.1445
9978,102.06,-0.1473
9979,101.984,-0.1502
9980,101.973,-0.1578
9981,101.91,-0.1657
9982,101.682,-0.174
9983,101.269,-0.1815
9984,100.771,-0.1903
9985,100.355,-0.2005
9986,100.129,-0.2115
9987,100.039,-0.224
9988,99.884,-0.2367
9989,99.408,-0.2508
9990,98.375,-0.265
9991,96.665,-0.2797
9992,94.302,-0.2958
9993,91.394,-0.3128
9994,88.166,-0.3317
9995,84.958,-0.351
9996,82.008,-0.3713
9997,79.31,-0.3927
9998,76.712,-0.4157
9999,74.073,-0.4435
10000,71.419,-0.472
10001,68.949,-0.5018
10002,66.788,-0.5327
10003,64.795,-0.5655
10004,62.736,-0.5982
10005,60.585,-0.6327
10006,58.513,-0.6685
10007,56.607,-0.7057
10008,54.709,-0.7432
10009,52.548,-0.781
10010,50.037,-0.8185
10011,47.444,-0.8575
10012,45.173,-0.898
10013,43.341,-0.9378
10014,41.676,-0.9787
10015,39.844,-1.0208
10016,37.747,-1.0603
10017,35.543,-1.0993
10018,33.5,-1.1378
10019,31.789,-1.1755
10020,30.422,-1.2093
10021,29.299,-1.2428
10022,28.263,-1.2767
10023,27.182,-1.31
10024,26.084,-1.3417
10025,25.14,-1.3725
10026,24.499,-1.4027
10027,24.132,-1.4313
10028,23.848,-1.4552
10029,23.47,-1.4765
10030,22.943,-1.4942
10031,22.312,-1.5092
10032,21.673,-1.5225
10033,21.112,-1.533
10034,20.704,-1.5405
10035,20.555,-1.5458
10036,20.714,-1.5475
10037,21.047,-1.5463
10038,21.305,-1.5425
10039,21.332,-1.533
10040,21.17,-1.521
10041,21.006,-1.5075
10042,21.026,-1.4923
10043,21.249,-1.4748
10044,21.479,-1.4567
10045,21.536,-1.436
10046,21.569,-1.4143
10047,21.994,-1.3902
10048,23.077,-1.3653
10049,24.67,-1.338
10050,26.324,-1.3105
10051,27.703,-1.2812
10052,28.956,-1.2497
10053,30.545,-1.2165
10054,32.717,-1.1815
10055,35.301,-1.145
10056,37.931,-1.1105
10057,40.298,-1.0762
10058,42.255,-1.0427
10059,43.789,-1.0098
10060,44.978,-0.9765
10061,46.014,-0.943
10062,47.146,-0.9085
10063,48.529,-0.8738
10064,50.164,-0.8393
10065,51.965,-0.805
10066,53.833,-0.7705
10067,55.692,-0.7352
10068,57.479,-0.7043
10069,59.165,-0.6753
10070,60.765,-0.6482
10071,62.317,-0.6235
10072,63.856,-0.599
10073,65.353,-0.5755
10074,66.676,-0.5537
10075,67.674,-0.5338
10076,68.287,-0.5163
10077,68.556,-0.5002
10078,68.611,-0.4855
10079,68.657,-0.4708
10080,68.93,-0.4568
10081,69.625,-0.443
10082,70.789,-0.4298
10083,72.217,-0.4168
10084,73.56,-0.4038
10085,74.63,-0.392
10086,75.532,-0.3798
10087,76.497,-0.3678
10088,77.665,-0.3563
10089,79,-0.3465
10090,80.337,-0.3367
10091,81.521,-0.3272
10092,82.524,-0.3187
10093,83.431,-0.3105
10094,84.342,-0.3027
10095,85.285,-0.2952
10096,86.146,-0.2875
10097,86.687,-0.2797
10098,86.753,-0.272
10099,86.485,-0.2642
10100,86.235,-0.2565
10101,86.314,-0.2488
10102,86.792,-0.2413
10103,87.458,-0.234
10104,88.004,-0.2273
10105,88.301,-0.221
10106,88.448,-0.2147
10107,88.638,-0.2095
10108,89.03,-0.2043
10109,89.659,-0.1992
10110,90.437,-0.1953
10111,91.181,-0.1913
10112,91.661,-0.1878
10113,91.741,-0.1845
10114,91.495,-0.1818
10115,91.154,-0.1792
10116,90.982,-0.1765
10117,91.109,-0.1742
10118,91.492,-0.172
10119,92.031,-0.1708
10120,92.656,-0.1695
10121,93.281,-0.1688
10122,93.816,-0.168
10123,94.224,-0.1675
10124,94.527,-0.1677
10125,94.767,-0.1675
10126,94.941,-0.1672
10127,95,-0.1675
10128,94.908,-0.1677
10129,94.732,-0.168
10130,94.654,-0.1688
10131,94.834,-0.1695
10132,95.232,-0.17
10133,95.637,-0.1703
10134,95.866,-0.1705
10135,95.907,-0.1708
10136,95.888,-0.1715
10137,95.946,-0.1723
10138,96.103,-0.1725
10139,96.264,-0.1728
10140,96.339,-0.1735
10141,96.353,-0.1742
10142,96.423,-0.175
10143,96.653,-0.1762
10144,97.052,-0.177
10145,97.521,-0.1775
10146,97.916,-0.1782
10147,98.14,-0.1792
10148,98.225,-0.1805
10149,98.336,-0.1813
10150,98.585,-0.1818
10151,98.852,-0.182
10152,98.923,-0.182
10153,98.799,-0.182
10154,98.758,-0.182
10155,99.124,-0.1818
10156,99.963,-0.1818
10157,100.961,-0.1815
10158,101.623,-0.1813
10159,101.636,-0.1822
10160,101.05,-0.183
10161,100.184,-0.1832
10162,99.431,-0.1835
10163,99.089,-0.184
10164,99.244,-0.1842
10165,99.761,-0.185
10166,100.476,-0.1857
10167,101.309,-0.1865
10168,102.107,-0.186
10169,102.576,-0.1855
10170,102.48,-0.185
10171,101.867,-0.1855
10172,101.119,-0.1857
10173,100.694,-0.1862
10174,100.782,-0.1867
10175,101.25,-0.1875
10176,101.893,-0.1885
10177,102.603,-0.1898
10178,103.31,-0.1915
10179,103.907,-0.193
10180,104.296,-0.194
10181,104.467,-0.195
10182,104.455,-0.1953
10183,104.269,-0.1953
10184,103.873,-0.1962
10185,103.298,-0.1972
10186,102.758,-0.198
10187,102.517,-0.1985
10188,102.599,-0.1985
10189,102.78,-0.1988
10190,102.859,-0.1992
10191,102.792,-0.2012
10192,102.645,-0.2033
10193,102.496,-0.2055
10194,102.36,-0.2077
10195,102.187,-0.2095
10196,101.955,-0.2112
10197,101.726,-0.213
10198,101.618,-0.2145
10199,101.711,-0.2145
10200,101.958,-0.2147
10201,102.2,-0.2147
10202,102.273,-0.2147
10203,102.167,-0.2145
10204,102.071,-0.214
10205,102.145,-0.2135
10206,102.314,-0.2127
10207,102.403,-0.212
10208,102.33,-0.212
10209,102.141,-0.212
10210,101.969,-0.212
10211,101.955,-0.211
10212,102.175,-0.21
10213,102.667,-0.209
10214,103.474,-0.208
10215,104.542,-0.2067
10216,105.606,-0.2045
10217,106.254,-0.202
10218,106.16,-0.1992
10219,105.316,-0.197
10220,104.074,-0.1955
10221,102.95,-0.194
10222,102.3,-0.193
10223,102.161,-0.1913
10224,102.345,-0.1885
10225,102.661,-0.1857
10226,103,-0.183
10227,103.309,-0.1802
10228,103.559,-0.1777
10229,103.724,-0.1752
10230,103.796,-0.1723
10231,103.806,-0.168
10232,103.785,-0.164
10233,103.707,-0.16
10234,103.544,-0.1552
10235,103.307,-0.1512
10236,103.02,-0.1473
10237,102.717,-0.1432
10238,102.417,-0.1395
10239,102.098,-0.1353
10240,101.768,-0.131
10241,101.52,-0.127
10242,101.436,-0.1238
10243,101.519,-0.1205
10244,101.699,-0.1175
10245,101.869,-0.1145
10246,101.958,-0.112
10247,101.964,-0.1095
10248,101.885,-0.1075
10249,101.716,-0.1055
10250,101.535,-0.1035
10251,101.458,-0.101
10252,101.526,-0.0985
10253,101.621,-0.096
10254,101.555,-0.0935
10255,101.298,-0.091
10256,101.071,-0.0895
10257,101.137,-0.0872
10258,101.538,-0.0852
10259,102.033,-0.083
10260,102.34,-0.081
10261,102.419,-0.079
10262,102.482,-0.077
10263,102.726,-0.0752
10264,103.15,-0.0735
10265,103.56,-0.0718
10266,103.725,-0.07
10267,103.545,-0.0682
10268,103.125,-0.067
10269,102.713,-0.0658
10270,102.541,-0.0653
10271,102.637,-0.0648
10272,102.806,-0.064
10273,102.796,-0.0628
10274,102.479,-0.0622
10275,101.895,-0.0617
10276,101.241,-0.0615
10277,100.831,-0.0612
10278,100.98,-0.061
10279,101.745,-0.0615
10280,102.747,-0.062
10281,103.414,-0.063
10282,103.48,-0.0625
10283,103.193,-0.062
10284,103.02,-0.0615
10285,103.172,-0.061
10286,103.43,-0.06
10287,103.442,-0.0593
10288,103.122,-0.0585
10289,102.712,-0.0578
10290,102.531,-0.057
10291,102.696,-0.0565
10292,103.02,-0.0562
10293,103.192,-0.056
10294,103.104,-0.0558
10295,102.925,-0.0555
10296,102.842,-0.0545
10297,102.84,-0.0542
10298,102.767,-0.054
10299,102.535,-0.0537
10300,102.228,-0.0527
10301,102.006,-0.0517
10302,101.934,-0.051
10303,102,-0.0505
10304,102.216,-0.05
10305,102.61,-0.0493
10306,103.152,-0.0485
10307,103.711,-0.0478
10308,104.122,-0.0467
10309,104.354,-0.0457
10310,104.532,-0.0443
10311,104.766,-0.0427
10312,105.016,-0.0413
10313,105.094,-0.0403
10314,104.809,-0.0393
10315,104.22,-0.0382
10316,103.701,-0.037
10317,103.612,-0.0358
10318,103.948,-0.0342
10319,104.399,-0.0325
10320,104.674,-0.0307
10321,104.676,-0.0285
10322,104.435,-0.027
10323,104.015,-0.0255
10324,103.501,-0.024
10325,103.076,-0.0225
10326,103.011,-0.0212
10327,103.44,-0.0198
10328,104.127,-0.0182
10329,104.637,-0.0168
10330,104.725,-0.015
10331,104.467,-0.0135
10332,104.104,-0.0118
10333,103.849,-0.01
10334,103.759,-0.0083
10335,103.764,-0.0065
10336,103.777,-0.005
10337,103.711,-0.0035
10338,103.484,-0.0017
10339,103.106,0.0003
10340,102.724,0.002
10341,102.496,0.0037
10342,102.435,0.0055
10343,102.436,0.0073
10344,102.433,0.009
10345,102.495,0.0105
10346,102.726,0.012
10347,103.112,0.0135
10348,103.497,0.0152
10349,103.742,0.0178
10350,103.818,0.02
10351,103.753,0.0222
10352,103.585,0.0245
10353,103.404,0.0267
10354,103.322,0.0282
10355,103.393,0.0298
10356,103.568,0.0312
10357,103.729,0.0328
10358,103.795,0.0338
10359,103.791,0.0345
10360,103.782,0.0353
10361,103.778,0.036
10362,103.708,0.0367
10363,103.483,0.0385
10364,103.091,0.0395
10365,102.628,0.0405
10366,102.235,0.0415
10367,102.007,0.0425
10368,101.935,0.0445
10369,101.937,0.0465
10370,101.944,0.0485
10371,101.937,0.0505
10372,101.935,0.0525
10373,102.007,0.0545
10374,102.235,0.0562
10375,102.633,0.058
10376,103.11,0.0598
10377,103.517,0.0615
10378,103.691,0.0622
10379,103.536,0.0635
10380,103.049,0.0648
10381,102.324,0.066
10382,101.581,0.0655
10383,101.104,0.065
10384,101.034,0.0645
10385,101.281,0.064
10386,101.641,0.0638
10387,101.967,0.0648
10388,102.195,0.0655
10389,102.28,0.0655
10390,102.231,0.0655
10391,102.21,0.0633
10392,102.442,0.061
10393,103.01,0.0588
10394,103.695,0.0572
10395,104.078,0.0558
10396,103.917,0.0537
10397,103.409,0.0517
10398,102.986,0.05
10399,102.931,0.0483
10400,103.194,0.0467
10401,103.471,0.0452
10402,103.46,0.0435
10403,103.171,0.0413
10404,102.972,0.0395
10405,103.27,0.0377
10406,104.093,0.036
10407,104.949,0.0342
10408,105.214,0.0312
10409,104.72,0.0282
10410,103.892,0.025
10411,103.318,0.021
10412,103.263,0.0178
10413,103.518,0.015
10414,103.686,0.012
10415,103.604,0.009
10416,103.42,0.0063
10417,103.309,0.003
10418,103.302,0.0008
10419,103.383,-0.0023
10420,103.533,-0.0055
10421,103.711,-0.008
10422,103.868,-0.009
10423,103.959,-0.01
10424,103.942,-0.011
10425,103.854,-0.0118
10426,103.791,-0.013
10427,103.79,-0.0155
10428,103.811,-0.018
10429,103.817,-0.0205
10430,103.814,-0.0225
10431,103.887,-0.0222
10432,104.18,-0.0222
10433,104.736,-0.0225
10434,105.374,-0.023
10435,105.772,-0.0235
10436,105.694,-0.0235
10437,105.186,-0.0235
10438,104.552,-0.0243
10439,104.077,-0.025
10440,103.785,-0.026
10441,103.512,-0.027
10442,103.133,-0.0278
10443,102.665,-0.0287
10444,102.18,-0.0298
10445,101.702,-0.0307
10446,101.214,-0.0318
10447,100.724,-0.032
10448,100.325,-0.0325
10449,100.168,-0.033
10450,100.332,-0.034
10451,100.739,-0.034
10452,101.218,-0.0347
10453,101.605,-0.0367
10454,101.828,-0.0382
10455,101.978,-0.0398
10456,102.214,-0.0418
10457,102.543,-0.0432
10458,102.807,-0.0452
10459,102.893,-0.0473
10460,102.812,-0.0483
10461,102.647,-0.05
10462,102.498,-0.0513
10463,102.423,-0.0525
10464,102.408,-0.0535
10465,102.402,-0.0548
10466,102.378,-0.0558
10467,102.364,-0.0567
10468,102.44,-0.0578
10469,102.635,-0.0588
10470,102.843,-0.0602
10471,102.923,-0.0617
10472,102.85,-0.0628
10473,102.763,-0.0625
10474,102.814,-0.062
10475,102.975,-0.0622
10476,103.105,-0.0622
10477,103.172,-0.0622
10478,103.247,-0.0607
10479,103.374,-0.0593
10480,103.544,-0.0575
10481,103.699,-0.0567
10482,103.783,-0.0545
10483,103.806,-0.0525
10484,103.81,-0.0495
10485,103.806,-0.0465
10486,103.798,-0.0435
10487,103.79,-0.0423
10489,103.782,-0.0387
10490,103.777,-0.0365
10491,103.773,-0.035
10492,103.778,-0.0335
10493,103.799,-0.031
10494,103.817,-0.0285
10495,103.752,-0.026
10496,103.517,-0.0232
10497,103.109,-0.0205
10498,102.617,-0.0175
10499,102.135,-0.014
10500,101.729,-0.0112
10501,101.468,-0.0085
10502,101.454,-0.006
10503,101.825,-0.0032
10504,102.641,-0.0008
10505,103.784,0.0017
10506,105.011,0.0043
10507,106,0.0067
10508,106.409,0.0092
10509,106.068,0.0118
10510,105.144,0.0142
10511,104.079,0.0168
10512,103.331,0.019
10513,103.04,0.0205
10514,102.981,0.022
10515,102.915,0.0243
10516,102.846,0.0262
10517,102.903,0.0282
10518,103.138,0.0295
10519,103.455,0.0307
10520,103.693,0.0318
10521,103.777,0.0342
10522,103.71,0.0353
10523,103.477,0.0362
10524,103.074,0.0365
10525,102.606,0.0362
10526,102.285,0.036
10527,102.285,0.0367
10528,102.545,0.0375
10529,102.798,0.0382
10530,102.818,0.0387
10531,102.586,0.0398
10532,102.258,0.0408
10533,102.022,0.042
10534,101.939,0.0432
10535,101.938,0.0445
10536,101.948,0.0457
10537,101.953,0.047
10538,101.961,0.0483
10539,101.974,0.049
10540,101.988,0.0498
10541,101.995,0.05
10542,101.992,0.0503
10544,101.968,0.0503
10545,101.96,0.05
10546,101.958,0.0505
10547,101.959,0.051
10548,101.963,0.0515
10549,101.966,0.051
10550,101.971,0.0505
10551,101.961,0.05
10552,101.873,0.0495
10553,101.622,0.0487
10554,101.218,0.048
10555,100.829,0.0473
10556,100.66,0.0465
10557,100.76,0.0457
10558,100.999,0.045
10559,101.219,0.0443
10560,101.387,0.0427
10561,101.624,0.0408
10562,102.036,0.0387
10563,102.513,0.0367
10564,102.819,0.0345
10565,102.886,0.0328
10566,102.865,0.031
10567,102.934,0.0293
10568,103.098,0.0275
10569,103.189,0.0258
10570,103.092,0.0243
10571,102.926,0.0227
10572,102.864,0.021
10573,102.876,0.0182
10574,102.746,0.0155
10575,102.35,0.012
10576,101.838,0.0085
10577,101.511,0.005
10578,101.554,0.0015
10579,101.964,-0.0025
10580,102.621,-0.0065
10581,103.343,-0.0103
10582,103.927,-0.014
10583,104.235,-0.0185
10584,104.307,-0.023
10585,104.303,-0.0272
10586,104.308,-0.0323
10587,104.232,-0.0365
10588,103.908,-0.0405
10589,103.324,-0.0435
10590,102.752,-0.0465
10591,102.571,-0.0505
10592,102.967,-0.0545
10593,103.792,-0.0583
10594,104.683,-0.062
10595,105.263,-0.064
10596,105.352,-0.0658
10597,105.024,-0.0675
10598,104.461,-0.0692
10599,103.822,-0.0713
10600,103.247,-0.0725
10601,102.851,-0.0737
10602,102.686,-0.075
10603,102.761,-0.0762
10604,103.014,-0.0767
10605,103.312,-0.077
10606,103.554,-0.0772
10607,103.708,-0.078
10608,103.776,-0.0785
10609,103.791,-0.0788
10610,103.796,-0.079
10611,103.801,-0.0793
10612,103.807,-0.079
10613,103.797,-0.0783
10614,103.706,-0.0775
10615,103.468,-0.076
10616,103.138,-0.075
10617,102.9,-0.0737
10618,102.905,-0.0725
10619,103.152,-0.072
10620,103.492,-0.0715
10621,103.726,-0.0703
10622,103.727,-0.069
10623,103.484,-0.0673
10624,103.067,-0.0655
10625,102.575,-0.064
10626,102.089,-0.0625
10627,101.702,-0.0617
10628,101.552,-0.0612
10629,101.737,-0.061
10630,102.174,-0.0607
10631,102.61,-0.0595
10632,102.774,-0.0583
10633,102.587,-0.0575
10634,102.233,-0.0567
10635,101.984,-0.0578
10636,101.977,-0.059
10637,102.147,-0.0602
10638,102.329,-0.0617
10639,102.408,-0.063
10640,102.414,-0.0643
10641,102.468,-0.0655
10642,102.637,-0.0668
10643,102.886,-0.0682
10644,103.111,-0.0703
10645,103.205,-0.0725
10646,103.125,-0.0747
10647,102.903,-0.0767
10648,102.592,-0.079
10649,102.271,-0.0813
10650,102.049,-0.0838
10651,101.971,-0.0862
10652,101.973,-0.089
10653,101.984,-0.0917
10654,101.99,-0.0948
10655,101.994,-0.0983
10656,101.999,-0.1012
10657,102.004,-0.1045
10658,102.007,-0.1077
10659,102.01,-0.1095
10660,102.015,-0.1115
10661,102.018,-0.114
10662,102.019,-0.1165
10663,102.015,-0.119
10664,102.003,-0.1215
10665,101.997,-0.1233
10666,102.061,-0.125
10667,102.274,-0.127
10668,102.646,-0.129
10669,103.088,-0.1308
10670,103.467,-0.1325
10671,103.691,-0.1348
10672,103.768,-0.1368
10673,103.776,-0.1385
10674,103.773,-0.1403
10675,103.773,-0.1425
10676,103.773,-0.1442
10677,103.776,-0.146
10678,103.779,-0.1475
10679,103.78,-0.1485
10680,103.774,-0.1497
10681,103.762,-0.151
10682,103.749,-0.1522
10683,103.739,-0.1535
10684,103.732,-0.1537
10685,103.731,-0.1537
10686,103.741,-0.1537
10687,103.745,-0.1535
10688,103.681,-0.1537
10689,103.464,-0.1547
10690,103.081,-0.1555
10691,102.626,-0.1535
10692,102.243,-0.1515
10693,102.03,-0.1502
10694,101.979,-0.1488
10695,101.997,-0.147
10696,102.01,-0.1452
10697,102.02,-0.1417
10698,102.088,-0.1395
10699,102.235,-0.1378
10700,102.384,-0.1358
10701,102.446,-0.134
10702,102.437,-0.132
10703,102.486,-0.1298
10704,102.707,-0.1278
10705,103.082,-0.1263
10706,103.461,-0.123
10707,103.687,-0.1207
10708,103.69,-0.119
10709,103.471,-0.1172
10710,103.089,-0.1155
10711,102.655,-0.1125
10712,102.288,-0.1105
10713,102.009,-0.1085
10714,101.713,-0.1065
10715,101.302,-0.104
10716,100.808,-0.1012
10717,100.372,-0.1
10718,100.112,-0.0988
10719,100.032,-0.098
10720,100.028,-0.0965
10721,99.96,-0.093
10722,99.743,-0.092
10723,99.411,-0.091
10724,99.101,-0.091
10725,99.01,-0.0892
10726,99.31,-0.0875
10727,100.038,-0.0885
10728,101.046,-0.0892
10729,102.097,-0.0895
10730,102.958,-0.0883
10731,103.49,-0.0912
10732,103.736,-0.094
10733,103.879,-0.096
10734,104.111,-0.098
10735,104.492,-0.098
10736,104.938,-0.0995
10737,105.314,-0.1027
10738,105.538,-0.1048
10739,105.61,-0.1068
10740,105.547,-0.107
10741,105.326,-0.108
10742,104.947,-0.1092
10743,104.483,-0.1108
10744,104.011,-0.112
10745,103.548,-0.112
10746,103.08,-0.1145
10747,102.617,-0.1157
10748,102.234,-0.1165
10749,102.015,-0.1172
10750,101.954,-0.118
10751,101.968,-0.1192
10752,101.987,-0.12
10753,101.995,-0.1207
10754,101.996,-0.1215
10755,101.992,-0.122
10756,101.98,-0.1233
10757,101.982,-0.1238
10758,102.051,-0.1242
10759,102.203,-0.1247
10760,102.361,-0.1255
10761,102.419,-0.1283
10762,102.339,-0.1285
10763,102.174,-0.1285
10764,102.036,-0.1285
10765,101.972,-0.131
10766,101.883,-0.1335
10767,101.648,-0.1332
10768,101.309,-0.132
10769,101.058,-0.1308
10770,101.048,-0.131
10771,101.291,-0.1295
10772,101.696,-0.1283
10773,102.163,-0.1275
10774,102.64,-0.1268
10775,103.102,-0.1278
10776,103.48,-0.127
10777,103.699,-0.1263
10778,103.773,-0.1263
10779,103.774,-0.1258
10780,103.701,-0.127
10781,103.479,-0.1268
10782,103.067,-0.1275
10783,102.506,-0.128
10784,101.921,-0.1285
10785,101.513,-0.13
10786,101.458,-0.131
10787,101.798,-0.1325
10788,102.411,-0.134
10789,103.056,-0.1355
10790,103.514,-0.137
10791,103.721,-0.1395
10792,103.758,-0.1415
10793,103.742,-0.1432
10794,103.737,-0.145
10795,103.75,-0.1475
10796,103.775,-0.15
10797,103.805,-0.1517
10798,103.81,-0.1532
10799,103.733,-0.1547
10800,103.562,-0.157
10801,103.38,-0.1593
10802,103.304,-0.1615
10803,103.385,-0.1638
10804,103.575,-0.166
10805,103.738,-0.1677
10806,103.738,-0.1695
10807,103.574,-0.1713
10808,103.383,-0.174
10809,103.304,-0.1765
10810,103.382,-0.1792
10811,103.56,-0.1822
10812,103.719,-0.1847
10813,103.781,-0.187
10814,103.786,-0.1893
10815,103.857,-0.1915
10816,104.101,-0.194
10817,104.504,-0.1968
10818,104.898,-0.1988
10819,105.059,-0.2015
10820,104.884,-0.2043
10821,104.485,-0.2065
10822,104.094,-0.2077
10823,103.87,-0.209
10824,103.812,-0.2103
10825,103.828,-0.2115
10826,103.831,-0.2125
10827,103.748,-0.213
10828,103.513,-0.2135
10829,103.109,-0.214
10830,102.564,-0.2145
10831,101.936,-0.2142
10832,101.309,-0.2137
10833,100.767,-0.2135
10834,100.368,-0.2132
10835,100.143,-0.2125
10836,100.069,-0.2117
10837,100.072,-0.211
10838,100.088,-0.2105
10839,100.099,-0.2105
10840,100.107,-0.21
10841,100.111,-0.2095
10842,100.112,-0.2083
10843,100.109,-0.207
10844,100.101,-0.2057
10845,100.086,-0.205
10846,100.085,-0.2043
10847,100.162,-0.2027
10848,100.393,-0.201
10849,100.784,-0.1995
10850,101.233,-0.1978
10851,101.601,-0.1953
10852,101.822,-0.1935
10853,101.964,-0.1915
10854,102.124,-0.1895
10855,102.304,-0.1875
10856,102.471,-0.1855
10857,102.656,-0.1832
10858,102.907,-0.1808
10859,103.229,-0.1777
10860,103.549,-0.1747
10861,103.758,-0.1728
10862,103.822,-0.171
10863,103.81,-0.1693
10864,103.802,-0.1672
10865,103.871,-0.1655
10866,104.095,-0.1638
10867,104.493,-0.162
10868,104.961,-0.16
10869,105.29,-0.1583
10870,105.29,-0.1568
10871,104.956,-0.1552
10872,104.471,-0.1542
10873,104.054,-0.1532
10874,103.828,-0.152
10875,103.765,-0.1507
10876,103.708,-0.1495
10877,103.502,-0.1483
10878,103.12,-0.1473
10879,102.664,-0.146
10880,102.28,-0.1447
10881,102.062,-0.1435
10882,102,-0.143
10883,102.005,-0.1422
10884,102.006,-0.1415
10885,102.002,-0.1403
10886,102.072,-0.1393
10887,102.286,-0.1388
10888,102.585,-0.1383
10889,102.806,-0.1378
10890,102.863,-0.1373
10891,102.843,-0.1375
10892,102.913,-0.1375
10893,103.161,-0.1373
10894,103.5,-0.137
10895,103.753,-0.1368
10896,103.846,-0.137
10897,103.844,-0.1373
10898,103.83,-0.1378
10899,103.818,-0.1378
10900,103.735,-0.1378
10901,103.507,-0.1378
10902,103.167,-0.1373
10903,102.854,-0.1373
10904,102.696,-0.1365
10905,102.703,-0.1358
10906,102.732,-0.135
10907,102.647,-0.1342
10908,102.513,-0.1332
10909,102.507,-0.1315
10910,102.669,-0.1295
10911,102.843,-0.1275
10912,102.84,-0.1263
10913,102.61,-0.125
10914,102.289,-0.1228
10915,102.062,-0.1205
10916,101.985,-0.1185
10917,101.986,-0.1165
10918,101.994,-0.1143
10919,101.995,-0.1113
10920,101.993,-0.1082
10921,101.989,-0.1058
10922,101.978,-0.1032
10923,101.958,-0.101
10924,101.93,-0.0988
10925,101.9,-0.0955
10926,101.877,-0.092
10927,101.865,-0.0888
10928,101.863,-0.0855
10929,101.867,-0.0828
10930,101.872,-0.0807
10931,101.878,-0.0788
10932,101.882,-0.076
10933,101.887,-0.0737
10934,101.893,-0.0713
10935,101.899,-0.0687
10936,101.904,-0.0658
10937,101.908,-0.0622
10938,101.912,-0.0585
10939,101.92,-0.0553
10940,101.932,-0.052
10941,101.939,-0.0487
10942,101.96,-0.0457
10943,102.049,-0.0423
10944,102.207,-0.0395
10945,102.305,-0.0367
10946,102.212,-0.034
10947,101.955,-0.032
10948,101.698,-0.0305
10949,101.603,-0.0293
10950,101.698,-0.0275
10951,101.838,-0.0262
10952,101.907,-0.0243
10953,101.978,-0.023
10954,102.21,-0.023
10955,102.618,-0.023
10956,103.034,-0.0225
10957,103.28,-0.0222
10958,103.333,-0.022
10959,103.316,-0.0222
10960,103.389,-0.0225
10961,103.624,-0.0238
10962,103.942,-0.0253
10963,104.186,-0.0267
10964,104.264,-0.026
10965,104.185,-0.0272
10966,104.016,-0.0285
10967,103.861,-0.0298
10968,103.785,-0.0305
10969,103.785,-0.032
10970,103.882,-0.0328
10971,104.134,-0.0335
10972,104.473,-0.0355
10973,104.651,-0.0385
10974,104.432,-0.0418
10975,103.79,-0.044
10976,102.914,-0.047
10977,102.05,-0.0505
10978,101.349,-0.055
10979,100.814,-0.0595
10980,100.343,-0.0643
10981,99.791,-0.068
10982,99.066,-0.0732
10983,98.26,-0.0785
10984,97.629,-0.084
10985,97.34,-0.0895
10986,97.296,-0.095
10987,97.242,-0.0983
10988,97.024,-0.1017
10989,96.717,-0.1055
10990,96.487,-0.1098
10991,96.408,-0.113
10992,96.476,-0.1167
10993,96.703,-0.1197
10994,97.083,-0.1228
10995,97.527,-0.1263
10996,97.913,-0.1295
10997,98.211,-0.1325
10998,98.507,-0.1355
10999,98.908,-0.138
11000,99.446,-0.1405
11001,100.076,-0.1415
11002,100.705,-0.1422
11003,101.245,-0.143
11004,101.64,-0.146
11005,101.885,-0.148
11006,102.051,-0.15
11007,102.226,-0.152
11008,102.393,-0.1542
11009,102.454,-0.1552
11010,102.378,-0.1562
11011,102.276,-0.1568
11012,102.336,-0.1568
11013,102.639,-0.1557
11014,103.075,-0.1547
11015,103.455,-0.1542
11016,103.671,-0.153
11017,103.742,-0.1515
11018,103.752,-0.1492
11019,103.766,-0.1465
11020,103.79,-0.1435
11021,103.815,-0.142
11022,103.834,-0.1388
11023,103.847,-0.1355
11024,103.845,-0.132
11025,103.846,-0.128
11026,103.921,-0.124
11027,104.143,-0.1212
11028,104.459,-0.118
11029,104.693,-0.1148
11030,104.695,-0.1115
11031,104.468,-0.1087
11032,104.148,-0.1048
11033,103.847,-0.1012
11034,103.53,-0.0978
11035,103.115,-0.0938
11036,102.629,-0.0892
11037,102.205,-0.0847
11038,101.955,-0.0803
11039,101.877,-0.0762
11040,101.884,-0.0723
11041,101.905,-0.0678
11042,101.918,-0.0633
11043,101.923,-0.0588
11044,101.935,-0.0542
11045,102.018,-0.0493
11046,102.249,-0.0447
11047,102.637,-0.0403
11048,103.09,-0.036
11049,103.479,-0.0315
11050,103.7,-0.027
11051,103.699,-0.023
11052,103.476,-0.019
11053,103.081,-0.0148
11054,102.619,-0.0105
11055,102.224,-0.0067
11056,101.991,-0.003
11057,101.914,0.0005
11058,101.914,0.0043
11059,101.927,0.0075
11060,101.936,0.0115
11061,101.947,0.016
11062,101.959,0.0202
11063,101.971,0.0245
11064,101.979,0.0287
11065,101.985,0.0325
11066,101.989,0.0365
11067,101.992,0.0403
11068,101.996,0.0438
11069,102.001,0.0473
11070,102.006,0.051
11071,102.01,0.0548
11072,102.011,0.058
11073,102.01,0.0617
11074,102.011,0.0653
11075,102.014,0.0695
11076,102.019,0.0727
11077,102.021,0.076
11078,102.013,0.0793
11079,102.008,0.0828
11080,102.08,0.0862
11081,102.297,0.0892
11082,102.608,0.0922
11083,102.838,0.0963
11084,102.838,0.1002
11085,102.608,0.1037
11086,102.297,0.1075
11087,102.076,0.1108
11088,101.994,0.114
11089,101.999,0.1172
11090,102.065,0.1202
11091,102.211,0.1242
11092,102.434,0.1283
11093,102.715,0.1323
11094,103.019,0.136
11095,103.299,0.138
11096,103.523,0.14
11097,103.666,0.142
11098,103.721,0.1432
11099,103.721,0.145
11100,103.713,0.146
11101,103.721,0.1467
11102,103.728,0.1475
11103,103.668,0.1483
11104,103.454,0.1485
11105,103.064,0.1488
11106,102.601,0.1488
11107,102.295,0.1492
11108,102.386,0.1495
11109,102.89,0.1497
11110,103.548,0.1497
11111,104.032,0.1497
11112,104.174,0.1492
11113,104.059,0.1488
11114,103.963,0.1485
11115,104.108,0.1475
11116,104.431,0.147
11117,104.684,0.1462
11118,104.682,0.1455
11119,104.429,0.1457
11120,104.087,0.146
11121,103.847,0.146
11122,103.766,0.146
11123,103.769,0.145
11124,103.777,0.1442
11125,103.774,0.1435
11126,103.766,0.143
11127,103.761,0.143
11128,103.767,0.1427
11129,103.77,0.1422
11130,103.694,0.142
11131,103.463,0.1407
11132,103.156,0.1393
11133,102.994,0.1378
11134,103.084,0.1365
11135,103.262,0.137
11136,103.253,0.1375
11137,102.93,0.138
11138,102.441,0.139
11139,102.072,0.1395
11140,101.941,0.1398
11141,101.881,0.1403
11142,101.676,0.1407
11143,101.282,0.1415
11144,100.813,0.1425
11145,100.423,0.1435
11146,100.19,0.1447
11147,100.04,0.1455
11148,99.811,0.1457
11149,99.418,0.146
11150,98.88,0.1462
11151,98.239,0.1455
11152,97.526,0.145
11153,96.812,0.1445
11154,96.237,0.1445
11155,95.944,0.1437
11156,95.954,0.1425
11157,96.138,0.1415
11158,96.306,0.1405
11159,96.301,0.1378
11160,96.067,0.135
11161,95.666,0.1325
11162,95.277,0.1323
11163,95.114,0.13
11164,95.276,0.1275
11165,95.655,0.1245
11166,96.046,0.1215
11167,96.356,0.118
11168,96.665,0.1148
11169,97.065,0.1115
11170,97.522,0.1085
11171,97.93,0.1058
11172,98.24,0.103
11173,98.47,0.0978
11174,98.636,0.095
11175,98.761,0.0927
11176,98.906,0.0905
11177,99.129,0.0883
11178,99.456,0.086
11179,99.873,0.0835
11180,100.338,0.0813
11181,100.817,0.079
11182,101.287,0.0767
11183,101.681,0.0747
11184,101.914,0.073
11185,101.984,0.0705
11186,101.983,0.0678
11187,102.045,0.066
11188,102.267,0.065
11189,102.651,0.0643
11190,103.102,0.0635
11191,103.479,0.0625
11192,103.714,0.0615
11193,103.866,0.0612
11194,104.03,0.0605
11195,104.209,0.0605
11196,104.353,0.0605
11197,104.448,0.0588
11198,104.521,0.0593
11199,104.595,0.0602
11200,104.623,0.0612
11201,104.523,0.0622
11202,104.299,0.0605
11203,104.051,0.0593
11204,103.874,0.058
11205,103.813,0.0572
11206,103.879,0.055
11207,104.055,0.0555
11208,104.298,0.056
11209,104.523,0.0565
11210,104.617,0.0567
11211,104.522,0.0567
11212,104.295,0.058
11213,104.05,0.0617
11214,103.878,0.063
11215,103.807,0.0635
11216,103.806,0.0622
11217,103.825,0.0625
11218,103.84,0.0628
11219,103.846,0.0633
11220,103.844,0.0638
11221,103.838,0.0622
11222,103.839,0.0633
11223,103.833,0.0638
11224,103.754,0.064
11225,103.518,0.063
11226,103.112,0.063
11227,102.633,0.0648
11228,102.221,0.0665
11229,101.975,0.068
11230,101.888,0.0682
11231,101.878,0.0713
11232,101.883,0.0742
11233,101.893,0.0765
11234,101.91,0.078
11235,101.927,0.078
11236,101.954,0.0793
11237,102.035,0.0823
11238,102.187,0.0835
11239,102.358,0.0847
11240,102.494,0.0845
11241,102.587,0.0855
11242,102.657,0.0872
11243,102.716,0.0905
11244,102.733,0.0938
11245,102.698,0.096
11246,102.711,0.0995
11247,102.866,0.1007
11248,103.095,0.102
11249,103.199,0.1032
11250,103.038,0.104
11251,102.652,0.1045
11252,102.18,0.104
11253,101.705,0.1035
11254,101.232,0.1022
11255,100.759,0.1012
11256,100.299,0.1022
11257,99.849,0.1007
11258,99.393,0.0992
11259,98.927,0.0978
11260,98.462,0.0968
11261,98.002,0.0965
11262,97.539,0.0938
11263,97.074,0.0925
11264,96.613,0.0892
11265,96.151,0.0885
11266,95.672,0.0867
11267,95.193,0.0823
11268,94.796,0.0767
11269,94.565,0.071
11270,94.499,0.0665
11271,94.502,0.0605
11272,94.44,0.055
11273,94.218,0.0498
11274,93.835,0.0452
11275,93.384,0.0423
11276,93.003,0.038
11277,92.782,0.0338
11278,92.709,0.0298
11279,92.701,0.027
11280,92.696,0.0258
11281,92.682,0.022
11282,92.667,0.0187
11283,92.653,0.016
11284,92.643,0.0132
11285,92.645,0.0112
11286,92.644,0.0095
11287,92.577,0.0092
11288,92.357,0.009
11289,91.967,0.0087
11290,91.516,0.009
11291,91.191,0.0097
11292,91.12,0.0085
11293,91.285,0.0073
11294,91.58,0.0067
11295,91.902,0.0067
11296,92.184,0.008
11297,92.414,0.0103
11298,92.644,0.0123
11299,92.948,0.0142
11300,93.366,0.014
11301,93.841,0.015
11302,94.239,0.016
11303,94.473,0.0155
11304,94.617,0.018
11305,94.842,0.0195
11306,95.226,0.021
11307,95.699,0.0225
11308,96.173,0.0255
11309,96.622,0.0287
11310,97.082,0.032
11311,97.612,0.0353
11312,98.224,0.0377
11313,98.851,0.04
11314,99.397,0.042
11315,99.799,0.044
11316,100.04,0.046
11317,100.191,0.0487
11318,100.359,0.0508
11319,100.591,0.052
11320,100.891,0.0522
11321,101.289,0.0537
11322,101.804,0.0545
11323,102.366,0.0548
11324,102.841,0.055
11325,103.133,0.0545
11326,103.21,0.0548
11327,103.115,0.0535
11328,102.95,0.0522
11329,102.792,0.0508
11330,102.648,0.0485
11331,102.514,0.046
11332,102.373,0.0447
11333,102.195,0.0435
11334,102.038,0.0425
11335,102.039,0.041
11336,102.255,0.0375
11337,102.591,0.034
11338,102.905,0.0305
11339,103.13,0.0285
11340,103.282,0.0282
11341,103.419,0.028
11342,103.579,0.0262
11343,103.721,0.0245
11344,103.783,0.0215
11345,103.775,0.0198
11346,103.766,0.018
11347,103.831,0.0148
11348,103.993,0.0125
11349,104.18,0.0103
11350,104.268,0.008
11351,104.136,0.0047
11352,103.742,0.0015
11353,103.186,-0.0005
11354,102.642,-0.0023
11355,102.232,-0.004
11356,102.024,-0.0057
11357,102.035,-0.0083
11358,102.201,-0.0097
11359,102.381,-0.0118
11360,102.453,-0.0128
11361,102.372,-0.0138
11362,102.197,-0.0148
11363,102.102,-0.015
11364,102.252,-0.0158
11365,102.623,-0.0155
11366,103.018,-0.016
11367,103.263,-0.016
11368,103.343,-0.0163
11369,103.352,-0.016
11370,103.356,-0.0158
11371,103.349,-0.0155
11372,103.313,-0.0142
11373,103.293,-0.0132
11374,103.367,-0.0123
11375,103.541,-0.0112
11376,103.715,-0.01
11377,103.8,-0.0087
11378,103.809,-0.007
11379,103.798,-0.0065
11380,103.791,-0.006
11381,103.786,-0.0047
11382,103.779,-0.0032
11383,103.771,-0.002
11384,103.762,-0.0005
11385,103.758,0.0003
11386,103.76,0.001
11387,103.768,0.0035
11388,103.777,0.0043
11389,103.779,0.005
11390,103.785,0.0057
11391,103.862,0.0075
11392,104.093,0.0095
11393,104.488,0.0107
11394,104.951,0.012
11395,105.344,0.0125
11396,105.575,0.0135
11397,105.656,0.0145
11398,105.667,0.0145
11399,105.669,0.014
11400,105.668,0.0135
11401,105.673,0.013
11402,105.745,0.0125
11403,105.967,0.0112
11404,106.347,0.0087
11405,106.798,0.0063
11406,107.19,0.0037
11407,107.418,0.0008
11408,107.428,-0.002
11409,107.219,-0.0055
11410,106.828,-0.0083
11411,106.302,-0.0115
11412,105.683,-0.015
11413,104.973,-0.0187
11414,104.111,-0.0235
11415,103.067,-0.0282
11416,101.961,-0.0328
11417,101.013,-0.038
11418,100.385,-0.0435
11419,100.101,-0.0495
11420,100.036,-0.0565
11421,99.978,-0.064
11422,99.766,-0.0703
11423,99.376,-0.0762
11424,98.926,-0.0823
11425,98.604,-0.0892
11426,98.534,-0.0955
11427,98.696,-0.102
11428,98.989,-0.1082
11429,99.316,-0.114
11430,99.614,-0.1197
11431,99.853,-0.125
11432,100.006,-0.1305
11433,100.077,-0.1363
11434,100.163,-0.1417
11435,100.392,-0.1465
11436,100.788,-0.1515
11437,101.254,-0.157
11438,101.646,-0.1618
11439,101.874,-0.166
11440,101.951,-0.1703
11441,101.96,-0.1742
11442,101.963,-0.178
11443,101.97,-0.1815
11444,101.973,-0.1832
11445,101.974,-0.185
11446,101.979,-0.1867
11447,101.997,-0.1883
11448,102.008,-0.1898
11449,101.935,-0.191
11450,101.699,-0.192
11451,101.359,-0.1915
11452,101.105,-0.191
11453,101.096,-0.1893
11454,101.336,-0.1867
11455,101.719,-0.1842
11456,102.177,-0.181
11457,102.804,-0.1767
11458,103.679,-0.1725
11459,104.603,-0.168
11460,105.163,-0.1618
11461,105.079,-0.1542
11462,104.397,-0.1467
11463,103.462,-0.1393
11464,102.662,-0.1342
11465,102.173,-0.1255
11466,101.959,-0.1175
11467,101.896,-0.1095
11468,101.826,-0.1015
11469,101.611,-0.093
11470,101.228,-0.0845
11471,100.77,-0.077
11472,100.366,-0.0687
11473,100.131,-0.0607
11474,100.115,-0.0527
11475,100.267,-0.0447
11476,100.454,-0.0365
11477,100.552,-0.0278
11478,100.505,-0.0198
11479,100.349,-0.0118
11480,100.178,-0.0032
11481,100.088,0.0047
11482,100.138,0.0125
11483,100.371,0.02
11484,100.779,0.0275
11485,101.238,0.035
11486,101.558,0.0425
11487,101.687,0.0498
11488,101.807,0.057
11489,102.132,0.0645
11490,102.679,0.0718
11491,103.26,0.078
11492,103.643,0.0845
11493,103.773,0.09
11494,103.837,0.0955
11495,104.054,0.101
11496,104.462,0.1055
11497,104.954,0.1103
11498,105.431,0.115
11499,105.897,0.1192
11500,106.429,0.1228
11501,107.049,0.1247
11502,107.662,0.1268
11503,108.181,0.1288
11504,108.659,0.1335
11505,109.208,0.1353
11506,109.8,0.1373
11507,110.223,0.139
11508,110.289,0.1407
11509,110.041,0.1415
11510,109.755,0.1422
11511,109.733,0.143
11512,110.048,0.1435
11513,110.507,0.144
11514,110.837,0.1442
11515,110.912,0.1437
11516,110.819,0.142
11517,110.681,0.1403
11518,110.471,0.1385
11519,110.049,0.1363
11520,109.277,0.1337
11521,108.091,0.1315
11522,106.572,0.1293
11523,104.953,0.127
11524,103.521,0.1255
11525,102.5,0.124
11526,101.924,0.1225
11527,101.586,0.121
11528,101.219,0.1192
11529,100.689,0.1175
11530,100.042,0.1157
11531,99.476,0.114
11532,99.226,0.1115
11533,99.383,0.1092
11534,99.819,0.107
11535,100.307,0.1048
11536,100.684,0.1017
11537,100.984,0.0983
11538,101.443,0.0948
11539,102.233,0.092
11540,103.204,0.089
11541,104.014,0.0857
11542,104.407,0.0825
11543,104.377,0.0793
11544,104.188,0.0757
11545,104.186,0.0725
11546,104.435,0.0692
11547,104.683,0.0663
11548,104.688,0.0638
11549,104.43,0.061
11550,104.071,0.0583
11551,103.826,0.0558
11552,103.83,0.053
11553,104.089,0.0503
11554,104.454,0.0475
11555,104.657,0.0452
11556,104.439,0.0438
11557,103.724,0.0423
11558,102.681,0.0405
11559,101.631,0.039
11560,100.827,0.0372
11561,100.345,0.0355
11562,100.194,0.0338
11563,100.365,0.0315
11564,100.774,0.0285
11565,101.262,0.0255
11566,101.672,0.0222
11567,101.89,0.019
11568,101.89,0.016
11569,101.805,0.013
11570,101.859,0.0097
11571,102.186,0.0067
11572,102.735,0.0043
11573,103.315,0.0017
11574,103.717,-0.0003
11575,103.868,-0.0023
11576,103.87,-0.0032
11577,103.845,-0.0043
11578,103.831,-0.005
11579,103.82,-0.006
11580,103.812,-0.0067
11581,103.809,-0.0073
11582,103.808,-0.0077
11583,103.807,-0.0083
11584,103.801,-0.0087
11585,103.783,-0.0092
11586,103.777,-0.0095
11587,103.846,-0.0097
11588,104.026,-0.0105
11589,104.212,-0.0115
11590,104.148,-0.0125
11591,103.63,-0.0132
11592,102.722,-0.014
11593,101.692,-0.0148
11594,100.755,-0.0152
11595,99.967,-0.0155
11596,99.3,-0.0158
11597,98.759,-0.016
11598,98.387,-0.0155
11599,98.109,-0.0148
11600,97.713,-0.014
11601,97.074,-0.0132
11602,96.281,-0.0123
11603,95.554,-0.0107
11604,95.106,-0.0092
11605,94.977,-0.008
11606,95.017,-0.0065
11607,95.052,-0.005
11608,94.961,-0.0037
11609,94.696,-0.002
11610,94.353,0
11611,94.155,0.0017
11612,94.28,0.0035
11613,94.748,0.0055
11614,95.457,0.007
11615,96.254,0.0085
11616,97.036,0.01
11617,97.833,0.011
11618,98.709,0.0118
11619,99.633,0.0125
11620,100.508,0.0132
11621,101.283,0.014
11622,101.976,0.0148
11623,102.599,0.0155
11624,103.132,0.0163
11625,103.517,0.0165
11626,103.66,0.0163
11627,103.502,0.016
11628,103.111,0.016
11629,102.641,0.0158
11630,102.244,0.0155
11631,102.01,0.0152
11632,101.933,0.0152
11633,101.932,0.0152
11634,101.947,0.015
11635,101.969,0.0148
11636,101.982,0.0142
11637,101.902,0.0138
11638,101.665,0.0128
11639,101.391,0.0118
11640,101.358,0.011
11641,101.761,0.01
11642,102.558,0.0087
11643,103.456,0.0075
11644,104.083,0.0063
11645,104.301,0.0053
11646,104.3,0.0043
11647,104.343,0.0032
11648,104.511,0.0032
11649,104.682,0.0028
11650,104.675,0.0023
11651,104.437,0.0025
11652,104.109,0.0025
11653,103.879,0.0023
11654,103.8,0.002
11655,103.812,0.0028
11656,103.901,0.0035
11657,104.131,0.0047
11658,104.517,0.006
11659,104.988,0.0077
11660,105.452,0.0095
11661,105.851,0.0112
11662,106.168,0.0105
11663,106.4,0.0125
11664,106.492,0.015
11665,106.399,0.018
11666,106.182,0.021
11667,105.944,0.0248
11668,105.71,0.0285
11669,105.405,0.033
11670,104.92,0.0375
11671,104.207,0.042
11672,103.337,0.0462
11673,102.475,0.0535
11674,101.759,0.058
11675,101.222,0.0622
11676,100.828,0.0668
11677,100.522,0.0713
11678,100.224,0.0757
11679,99.851,0.0798
11680,99.318,0.0835
11681,98.531,0.0875
11682,97.506,0.0915
11683,96.485,0.0948
11684,95.783,0.098
11685,95.507,0.1017
11686,95.472,0.1055
11687,95.333,0.1082
11688,94.86,0.1103
11689,94.133,0.1123
11690,93.421,0.1143
11691,92.866,0.1148
11692,92.425,0.1155
11693,92.049,0.1162
11694,91.746,0.117
11695,91.526,0.1177
11696,91.373,0.1185
11697,91.239,0.1192
11698,91.072,0.1187
11699,90.846,0.1177
11700,90.541,0.1167
11701,90.138,0.1157
11702,89.672,0.1172
11703,89.203,0.1172
11704,88.754,0.1167
11705,88.293,0.1167
11706,87.743,0.1167
11707,87.043,0.1148
11708,86.258,0.1125
11709,85.546,0.1103
11710,85.015,0.1073
11711,84.65,0.1035
11712,84.364,0.0997
11713,84.066,0.093
11714,83.743,0.0885
11715,83.436,0.0845
11716,83.11,0.081
11717,82.691,0.0775
11718,82.22,0.0742
11719,81.886,0.0715
11720,81.885,0.0687
11721,82.279,0.066
11722,82.981,0.0628
11723,83.86,0.0602
11724,84.793,0.0578
11725,85.658,0.0548
11726,86.358,0.0505
11727,86.891,0.0475
11728,87.339,0.0445
11729,87.78,0.0415
11730,88.226,0.0377
11731,88.679,0.0347
11732,89.205,0.0318
11733,89.918,0.0287
11734,90.873,0.0265
11735,91.995,0.0232
11736,93.105,0.02
11737,94.015,0.0163
11738,94.624,0.0135
11739,95.034,0.0107
11740,95.544,0.0077
11741,96.409,0.004
11742,97.605,0
11743,98.808,-0.0053
11744,99.652,-0.0105
11745,100.089,-0.0168
11746,100.449,-0.022
11747,101.061,-0.026
11748,101.933,-0.03
11749,102.823,-0.0342
11750,103.473,-0.0375
11751,103.776,-0.04
11752,103.767,-0.0425
11753,103.525,-0.0455
11754,103.109,-0.0473
11755,102.55,-0.0493
11756,101.902,-0.0517
11757,101.312,-0.0537
11758,100.982,-0.056
11759,101.042,-0.0583
11760,101.461,-0.06
11761,102.055,-0.0617
11762,102.595,-0.063
11763,102.944,-0.0658
11764,103.092,-0.066
11765,103.087,-0.0663
11766,102.945,-0.0653
11767,102.693,-0.0645
11768,102.399,-0.0628
11769,102.074,-0.061
11770,101.682,-0.0585
11771,101.282,-0.056
11772,101.027,-0.0545
11773,101.027,-0.053
11774,101.266,-0.0522
11775,101.613,-0.0515
11776,101.934,-0.0495
11777,102.186,-0.047
11778,102.362,-0.045
11779,102.425,-0.0443
11780,102.344,-0.0435
11781,102.162,-0.041
11782,101.987,-0.0382
11783,101.896,-0.036
11784,101.871,-0.034
11785,101.856,-0.0315
11786,101.848,-0.03
11787,101.92,-0.029
11788,102.167,-0.0282
11789,102.599,-0.0272
11790,103.089,-0.0265
11791,103.43,-0.0258
11792,103.503,-0.0235
11793,103.404,-0.0208
11794,103.338,-0.0187
11795,103.421,-0.0168
11796,103.613,-0.0165
11797,103.787,-0.0168
11798,103.854,-0.017
11799,103.857,-0.0175
11800,103.906,-0.0168
11801,104.048,-0.016
11802,104.21,-0.0152
11803,104.283,-0.0138
11804,104.219,-0.0155
11805,104.059,-0.0172
11806,103.914,-0.019
11807,103.845,-0.0205
11808,103.765,-0.023
11809,103.535,-0.0255
11810,103.128,-0.028
11811,102.65,-0.03
11812,102.245,-0.0312
11813,102.025,-0.0325
11814,102.025,-0.0335
11815,102.178,-0.0345
11816,102.349,-0.037
11817,102.422,-0.0403
11818,102.351,-0.0427
11819,102.179,-0.0438
11820,102.012,-0.0445
11821,101.931,-0.0473
11822,101.923,-0.05
11823,101.935,-0.0522
11824,101.942,-0.0542
11825,101.943,-0.0562
11826,101.944,-0.059
11827,101.95,-0.0612
11828,101.937,-0.0633
11829,101.851,-0.0653
11830,101.673,-0.0643
11831,101.484,-0.0633
11832,101.399,-0.0638
11833,101.464,-0.0643
11834,101.649,-0.0658
11835,101.911,-0.0645
11836,102.262,-0.0612
11837,102.705,-0.058
11838,103.117,-0.0548
11839,103.279,-0.052
11840,103.083,-0.0515
11841,102.649,-0.0508
11842,102.222,-0.0493
11843,101.97,-0.047
11844,101.913,-0.0432
11845,102.003,-0.0395
11846,102.173,-0.0358
11847,102.343,-0.0318
11848,102.48,-0.028
11849,102.63,-0.0243
11850,102.859,-0.0205
11851,103.168,-0.0172
11852,103.424,-0.0132
11853,103.428,-0.0105
11854,103.127,-0.008
11855,102.678,-0.0055
11856,102.265,-0.0028
11857,101.939,0.0013
11858,101.66,0.0043
11859,101.459,0.0067
11860,101.528,0.0092
11861,102.073,0.0138
11862,103.062,0.0182
11863,104.177,0.022
11864,105.051,0.026
11865,105.513,0.03
11866,105.647,0.0355
11867,105.644,0.0408
11868,105.632,0.046
11869,105.636,0.0513
11870,105.645,0.054
11871,105.657,0.0572
11872,105.669,0.0602
11873,105.677,0.0633
11874,105.675,0.0658
11875,105.677,0.067
11876,105.757,0.0682
11877,105.989,0.0695
11878,106.315,0.0708
11879,106.549,0.0727
11880,106.533,0.0757
11881,106.278,0.0777
11882,105.937,0.0803
11883,105.621,0.0828
11884,105.235,0.0845
11885,104.609,0.0865
11886,103.75,0.0885
11887,102.881,0.09
11888,102.252,0.0917
11889,101.953,0.093
11890,101.887,0.0945
11891,101.901,0.096
11892,101.91,0.097
11893,101.916,0.0975
11894,101.996,0.098
11895,102.239,0.0992
11896,102.643,0.1005
11897,103.04,0.1015
11898,103.2,0.1032
11899,103.035,0.1053
11900,102.708,0.1073
11901,102.472,0.109
11902,102.412,0.1108
11903,102.419,0.1133
11904,102.348,0.1162
11905,102.176,0.1175
11906,102.002,0.1182
11907,101.912,0.1192
11908,101.896,0.12
11909,101.901,0.1197
11910,101.906,0.119
11911,101.914,0.1162
11912,101.923,0.1143
11913,101.928,0.1128
11914,101.913,0.1128
11915,101.901,0.1113
11916,102.048,0.1115
11917,102.587,0.1125
11918,103.563,0.1135
11919,104.701,0.1145
11920,105.596,0.115
11921,105.98,0.116
11922,105.877,0.1157
11923,105.55,0.1155
11924,105.207,0.115
11925,104.828,0.1143
11926,104.34,0.1128
11927,103.796,0.1113
11928,103.314,0.1113
11929,102.979,0.1118
11930,102.777,0.112
11931,102.602,0.1115
11932,102.382,0.111
11933,102.15,0.1123
11934,101.988,0.1133
11935,101.928,0.1123
11936,101.937,0.1113
11937,101.962,0.11
11938,101.981,0.1085
11939,101.989,0.107
11940,101.991,0.1055
11941,101.989,0.1032
11942,101.982,0.1015
11943,101.98,0.0995
11944,102.045,0.0968
11945,102.256,0.0958
11946,102.646,0.0945
11947,103.176,0.0927
11948,103.725,0.0917
11949,104.122,0.0917
11950,104.264,0.0917
11951,104.207,0.0927
11952,104.112,0.0932
11953,104.115,0.0932
11954,104.214,0.093
11955,104.286,0.0927
11956,104.217,0.0897
11957,103.973,0.086
11958,103.657,0.0823
11959,103.491,0.0785
11960,103.636,0.0742
11961,104.036,0.0703
11962,104.444,0.0658
11963,104.603,0.0612
11964,104.441,0.0578
11965,104.115,0.0525
11966,103.793,0.048
11967,103.488,0.0435
11968,103.167,0.037
11969,102.868,0.0307
11970,102.641,0.0245
11971,102.499,0.0195
11972,102.437,0.0145
11973,102.43,0.01
11974,102.437,0.0055
11975,102.425,0.0023
11976,102.405,-0.001
11977,102.46,-0.004
11978,102.69,-0.0065
11979,103.076,-0.0092
11980,103.456,-0.012
11981,103.702,-0.0148
11982,103.852,-0.0178
11983,104.026,-0.0205
11984,104.257,-0.0235
11985,104.482,-0.0265
11986,104.644,-0.0295
11987,104.769,-0.0315
11988,104.934,-0.0338
11989,105.165,-0.036
11990,105.404,-0.0385
11991,105.571,-0.0403
11992,105.64,-0.042
11993,105.65,-0.0435
11994,105.655,-0.0447
11995,105.671,-0.046
11996,105.682,-0.0467
11997,105.678,-0.048
11998,105.668,-0.0493
11999,105.648,-0.05
12000,105.561,-0.05
12001,105.32,-0.0508
12002,104.911,-0.051
12003,104.436,-0.0513
12004,104.055,-0.0522
12005,103.85,-0.051
12006,103.668,-0.0503
12007,103.234,-0.0493
12008,102.449,-0.048
12009,101.493,-0.047
12010,100.663,-0.046
12011,100.188,-0.0455
12012,100.13,-0.045
12013,100.374,-0.045
12014,100.649,-0.0447
12015,100.662,-0.0445
12016,100.341,-0.0435
12017,99.931,-0.0427
12018,99.74,-0.042
12019,99.815,-0.0413
12020,99.953,-0.0405
12021,100.063,-0.0398
12022,100.376,-0.0393
12023,101.185,-0.0387
12024,102.407,-0.04
12025,103.569,-0.0415
12026,104.272,-0.043
12027,104.505,-0.045
12028,104.478,-0.0473
12029,104.353,-0.0498
12030,104.188,-0.052
12031,104.004,-0.0545
12032,103.857,-0.0572
12033,103.795,-0.0602
12034,103.794,-0.0628
12035,103.798,-0.0653
12036,103.791,-0.0678
12037,103.785,-0.0697
12038,103.787,-0.0718
12039,103.794,-0.0735
12040,103.795,-0.0755
12041,103.787,-0.0767
12042,103.772,-0.078
12043,103.758,-0.0793
12044,103.757,-0.08
12045,103.757,-0.0813
12046,103.691,-0.082
12047,103.471,-0.083
12048,103.087,-0.0843
12049,102.633,-0.0855
12050,102.246,-0.0867
12051,102.022,-0.0878
12052,101.953,-0.0888
12053,101.961,-0.0902
12054,101.979,-0.0917
12055,101.987,-0.093
12056,101.986,-0.095
12057,101.974,-0.097
12058,101.969,-0.099
12059,102.039,-0.1005
12060,102.264,-0.102
12061,102.655,-0.1035
12062,103.122,-0.105
12063,103.503,-0.1058
12064,103.654,-0.1045
12065,103.548,-0.103
12066,103.295,-0.1015
12067,103.057,-0.1
12068,102.976,-0.0985
12069,103.092,-0.0968
12070,103.272,-0.095
12071,103.305,-0.0938
12072,103.088,-0.0922
12073,102.689,-0.0902
12074,102.288,-0.0888
12075,102.056,-0.0875
12076,102.066,-0.086
12077,102.239,-0.085
12078,102.342,-0.084
12079,102.099,-0.0838
12080,101.379,-0.0835
12081,100.329,-0.0833
12082,99.29,-0.0833
12083,98.515,-0.0833
12084,97.986,-0.0838
12085,97.52,-0.0843
12086,96.989,-0.0847
12087,96.447,-0.0852
12088,96.057,-0.0852
12089,95.863,-0.0852
12090,95.721,-0.0852
12091,95.429,-0.0855
12092,94.876,-0.0857
12093,94.138,-0.0855
12094,93.427,-0.0852
12095,92.865,-0.0852
12096,92.418,-0.0852
12097,92.048,-0.0852
12098,91.745,-0.0857
12099,91.465,-0.0865
12100,91.145,-0.0872
12101,90.748,-0.088
12102,90.275,-0.0888
12103,89.795,-0.0902
12104,89.355,-0.0915
12105,88.887,-0.0927
12106,88.35,-0.094
12107,87.831,-0.0953
12108,87.43,-0.0963
12109,87.132,-0.0978
12110,86.83,-0.0992
12111,86.434,-0.1002
12112,85.976,-0.1012
12113,85.58,-0.103
12114,85.345,-0.1048
12115,85.264,-0.1063
12116,85.255,-0.1077
12117,85.262,-0.1082
12118,85.278,-0.1087
12119,85.288,-0.1092
12120,85.208,-0.1098
12121,84.951,-0.1098
12122,84.577,-0.1095
12123,84.359,-0.1092
12124,84.635,-0.1087
12125,85.569,-0.108
12126,87.008,-0.1073
12127,88.604,-0.1063
12128,90.12,-0.1053
12129,91.559,-0.1035
12130,92.966,-0.1017
12131,94.224,-0.1
12132,95.125,-0.0983
12133,95.618,-0.0965
12134,95.958,-0.0945
12135,96.541,-0.0925
12136,97.568,-0.0905
12137,98.9,-0.0885
12138,100.241,-0.086
12139,101.408,-0.0835
12140,102.418,-0.081
12141,103.362,-0.0783
12142,104.245,-0.0755
12143,104.953,-0.0725
12144,105.329,-0.0697
12145,105.308,-0.067
12146,105.016,-0.0643
12147,104.69,-0.0615
12148,104.532,-0.0588
12149,104.615,-0.0555
12150,104.823,-0.0525
12151,104.912,-0.0495
12152,104.705,-0.046
12153,104.234,-0.0425
12154,103.719,-0.039
12155,103.411,-0.0358
12156,103.399,-0.0325
12157,103.554,-0.0298
12158,103.715,-0.027
12159,103.931,-0.0243
12160,104.379,-0.0215
12161,105.035,-0.0192
12162,105.6,-0.017
12163,105.759,-0.0148
12164,105.446,-0.0132
12165,104.928,-0.012
12166,104.534,-0.0107
12167,104.287,-0.0097
12168,104.033,-0.0092
12169,103.797,-0.0095
12170,103.788,-0.0097
12171,104.133,-0.01
12172,104.661,-0.0103
12173,104.936,-0.0105
12174,104.625,-0.011
12175,103.823,-0.0112
12176,102.919,-0.0115
12177,102.25,-0.0118
12178,101.934,-0.012
12179,101.933,-0.012
12180,102.173,-0.012
12181,102.584,-0.0123
12182,103.065,-0.0123
12183,103.471,-0.0123
12184,103.642,-0.0123
12185,103.505,-0.0123
12186,103.115,-0.012
12187,102.562,-0.0125
12188,101.914,-0.0132
12189,101.272,-0.014
12190,100.791,-0.014
12191,100.637,-0.0132
12192,100.901,-0.0135
12193,101.474,-0.0135
12194,102.05,-0.0135
12195,102.36,-0.014
12196,102.357,-0.0145
12197,102.182,-0.0152
12198,102.03,-0.016
12199,102.041,-0.0168
12200,102.19,-0.0175
12201,102.274,-0.0182
12202,102.097,-0.019
12203,101.681,-0.0192
12204,101.265,-0.019
12205,101.116,-0.0195
12206,101.304,-0.02
12207,101.645,-0.0205
12208,101.908,-0.0205
12209,102.062,-0.0205
12210,102.223,-0.02
12211,102.448,-0.0195
12212,102.663,-0.019
12213,102.765,-0.0185
12214,102.736,-0.0175
12215,102.645,-0.0168
12216,102.551,-0.016
12217,102.509,-0.0152
12218,102.589,-0.0142
12219,102.819,-0.0135
12220,103.16,-0.0128
12221,103.504,-0.012
12222,103.668,-0.0118
12223,103.505,-0.0118
12224,103.018,-0.0118
12225,102.379,-0.0118
12226,101.887,-0.0123
12227,101.758,-0.012
12228,101.937,-0.0118
12229,102.18,-0.0118
12230,102.348,-0.012
12231,102.544,-0.013
12232,102.941,-0.0135
12233,103.51,-0.014
12234,104.053,-0.0145
12235,104.447,-0.0138
12236,104.751,-0.013
12237,105.063,-0.0118
12238,105.316,-0.0105
12239,105.311,-0.0092
12240,104.976,-0.008
12241,104.476,-0.006
12242,104.039,-0.0043
12243,103.793,-0.003
12244,103.723,-0.0017
12245,103.737,0.0003
12246,103.758,0.0023
12247,103.765,0.0043
12248,103.765,0.0063
12249,103.759,0.0085
12251,103.745,0.0115
12252,103.74,0.013
12253,103.737,0.015
12254,103.737,0.0165
12255,103.736,0.0182
12256,103.734,0.02
12257,103.729,0.022
12258,103.725,0.0238
12259,103.723,0.0255
12260,103.724,0.0267
12261,103.726,0.0287
12262,103.726,0.031
12263,103.724,0.0333
12264,103.723,0.035
12265,103.724,0.0372
12267,103.73,0.0408
12268,103.731,0.0423
12269,103.729,0.044
12271,103.727,0.047
12272,103.729,0.0493
12273,103.74,0.0515
12274,103.746,0.0537
12275,103.681,0.0555
12276,103.462,0.0558
12277,103.076,0.0558
12278,102.612,0.0562
12279,102.211,0.0567
12280,101.972,0.0578
12281,101.895,0.058
12282,101.89,0.0585
12283,101.83,0.0593
12284,101.615,0.06
12285,101.238,0.0607
12286,100.793,0.0615
12287,100.418,0.0622
12288,100.206,0.0633
12289,100.145,0.0635
12290,100.152,0.064
12291,100.162,0.0645
12292,100.16,0.0653
12293,100.154,0.0655
12294,100.146,0.0658
12295,100.135,0.066
12296,100.116,0.0665
12297,100.103,0.0668
12298,100.164,0.067
12299,100.384,0.0678
12300,100.773,0.069
12301,101.232,0.0695
12302,101.633,0.07
12303,101.943,0.0718
12304,102.253,0.074
12305,102.653,0.0757
12306,103.114,0.079
12307,103.508,0.082
12308,103.735,0.085
12309,103.804,0.088
12310,103.796,0.091
12311,103.781,0.0927
12312,103.778,0.0938
12313,103.765,0.0948
12314,103.696,0.0958
12315,103.542,0.0968
12316,103.308,0.099
12317,103.011,0.1012
12318,102.701,0.103
12319,102.478,0.1048
12320,102.391,0.1068
12321,102.401,0.1098
12322,102.477,0.1128
12323,102.624,0.1155
12324,102.849,0.1182
12325,103.148,0.122
12326,103.457,0.1258
12327,103.67,0.1295
12328,103.752,0.1325
12329,103.757,0.136
12330,103.685,0.1373
12331,103.465,0.1385
12332,103.077,0.1395
12333,102.632,0.1405
12334,102.323,0.1427
12335,102.262,0.142
12336,102.367,0.141
12337,102.448,0.14
12338,102.395,0.139
12339,102.238,0.1375
12340,102.086,0.1358
12341,102.011,0.1337
12342,101.99,0.1318
12343,101.975,0.1285
12344,101.951,0.1247
12345,101.927,0.121
12346,101.912,0.1165
12347,101.907,0.1123
12348,101.909,0.1073
12349,101.913,0.1032
12350,101.916,0.0992
12351,101.918,0.0965
12352,101.918,0.0938
12353,101.911,0.091
12354,101.908,0.0883
12355,101.976,0.0855
12356,102.2,0.083
12357,102.596,0.08
12358,103.068,0.077
12359,103.466,0.0742
12360,103.709,0.0708
12361,103.875,0.0655
12362,104.115,0.0602
12363,104.439,0.055
12364,104.682,0.0498
12365,104.685,0.0435
12366,104.446,0.0367
12367,104.117,0.03
12368,103.883,0.0238
12369,103.786,0.0175
12370,103.699,0.0135
12371,103.476,0.009
12372,103.093,0.0045
12373,102.647,0
12374,102.275,-0.0043
12375,102.065,-0.0087
12376,102.006,-0.0132
12377,102.013,-0.0178
12378,102.022,-0.02
12379,102.013,-0.0222
12380,102.006,-0.0248
12381,102.066,-0.027
12382,102.276,-0.0293
12383,102.647,-0.0315
12384,103.087,-0.0333
12385,103.458,-0.036
12386,103.668,-0.0387
12387,103.728,-0.0415
12388,103.723,-0.0432
12389,103.723,-0.0457
12390,103.728,-0.0483
12391,103.666,-0.0508
12392,103.444,-0.0532
12393,103.065,-0.0548
12394,102.685,-0.0562
12395,102.525,-0.0578
12396,102.691,-0.0593
12397,103.086,-0.0605
12398,103.478,-0.0622
12399,103.644,-0.064
12400,103.496,-0.0658
12401,103.099,-0.0675
12402,102.625,-0.0692
12403,102.295,-0.071
12404,102.272,-0.0727
12405,102.512,-0.0727
12406,102.823,-0.072
12407,103.053,-0.0713
12408,103.151,-0.0705
12409,103.147,-0.0687
12410,103.089,-0.0658
12411,102.958,-0.0605
12412,102.699,-0.0555
12413,102.322,-0.0505
12414,101.904,-0.0483
12415,101.57,-0.043
12416,101.441,-0.04
12417,101.528,-0.037
12418,101.713,-0.0362
12419,101.812,-0.0355
12420,101.731,-0.0333
12421,101.561,-0.0312
12422,101.449,-0.0293
12423,101.491,-0.0272
12424,101.783,-0.025
12425,102.405,-0.0217
12426,103.296,-0.0185
12427,104.204,-0.0152
12428,104.797,-0.0135
12429,104.887,-0.0123
12430,104.533,-0.011
12431,103.893,-0.0095
12432,103.141,-0.008
12433,102.541,-0.0075
12434,102.4,-0.0067
12435,102.864,-0.0047
12436,103.72,-0.0028
12437,104.455,-0.0005
12438,104.679,0.0023
12439,104.448,0.0045
12440,104.081,0.0067
12441,103.832,0.0097
12442,103.756,0.012
12443,103.762,0.0135
12444,103.707,0.015
12445,103.491,0.0148
12446,103.108,0.0142
12447,102.654,0.0138
12448,102.265,0.0135
12449,102.035,0.0123
12450,101.958,0.0097
12451,101.945,0.005
12452,101.877,-0.0003
12453,101.647,-0.0055
12454,101.189,-0.0092
12455,100.504,-0.013
12456,99.637,-0.0142
12457,98.624,-0.0155
12458,97.504,-0.0168
12459,96.389,-0.018
12460,95.442,-0.0217
12461,94.756,-0.0253
12462,94.263,-0.0282
12463,93.746,-0.0312
12464,92.992,-0.0345
12465,91.965,-0.0377
12466,90.849,-0.0413
12467,89.898,-0.0447
12468,89.278,-0.0462
12469,89.007,-0.0478
12470,88.966,-0.0493
12471,89.007,-0.051
12472,89.059,-0.0525
12473,89.079,-0.0545
12474,88.928,-0.0567
12475,88.446,-0.0602
12476,87.681,-0.066
12477,86.929,-0.0723
12478,86.505,-0.0785
12479,86.511,-0.0838
12480,86.783,-0.089
12481,87.043,-0.0943
12482,87.09,-0.0992
12483,86.811,-0.1032
12484,86.112,-0.106
12485,85.01,-0.1087
12486,83.74,-0.1115
12487,82.629,-0.116
12488,81.836,-0.1207
12489,81.285,-0.1255
12490,80.877,-0.1298
12491,80.656,-0.134
12492,80.682,-0.1375
12493,80.806,-0.1412
12494,80.691,-0.1452
12495,80.122,-0.1495
12497,78.332,-0.1575
12498,77.698,-0.1615
12499,77.418,-0.1655
12500,77.449,-0.1683
12501,77.646,-0.17
12502,77.77,-0.1723
12503,77.587,-0.1745
12504,77.018,-0.1767
12505,76.22,-0.179
12506,75.502,-0.1808
12507,75.059,-0.1825
12508,74.843,-0.185
12509,74.697,-0.1872
12510,74.473,-0.1895
12511,74.069,-0.1918
12512,73.527,-0.1943
12513,72.995,-0.1962
12514,72.587,-0.1982
12515,72.353,-0.1995
12516,72.332,-0.1985
12517,72.545,-0.198
12518,73.004,-0.1975
12519,73.713,-0.1978
12520,74.671,-0.198
12521,75.843,-0.1982
12522,77.125,-0.1982
12523,78.375,-0.1995
12524,79.471,-0.2005
12525,80.335,-0.2015
12526,80.931,-0.2027
12527,81.237,-0.2022
12528,81.277,-0.2015
12529,81.238,-0.2012
12530,81.41,-0.2015
12531,81.905,-0.2012
12532,82.445,-0.2005
12533,82.504,-0.1995
12534,81.719,-0.2
12535,80.208,-0.2002
12536,78.46,-0.2012
12537,76.891,-0.2022
12538,75.472,-0.2033
12539,73.822,-0.206
12540,71.638,-0.2083
12541,68.969,-0.212
12542,66.159,-0.2158
12543,63.641,-0.2197
12544,61.684,-0.2243
12545,60.295,-0.2298
12546,59.331,-0.236
12547,58.638,-0.2425
12548,58.107,-0.249
12549,57.716,-0.256
12550,57.494,-0.2632
12551,57.424,-0.2707
12552,57.42,-0.2785
12553,57.427,-0.2855
12554,57.495,-0.2918
12555,57.714,-0.2988
12556,58.118,-0.3057
12557,58.684,-0.3118
12558,59.361,-0.319
12559,60.051,-0.327
12560,60.588,-0.3352
12561,60.711,-0.3438
12562,60.094,-0.353
12563,58.585,-0.3618
12564,56.397,-0.3717
12565,54.012,-0.3825
12566,51.944,-0.3937
12567,50.471,-0.4058
12568,49.439,-0.4188
12569,48.457,-0.4323
12570,47.316,-0.4463
12571,46.124,-0.4607
12572,45.156,-0.4752
12573,44.628,-0.4908
12574,44.498,-0.5078
12575,44.527,-0.5225
12576,44.494,-0.537
12577,44.279,-0.5502
12578,43.838,-0.5635
12579,43.164,-0.5747
12580,42.232,-0.5865
12581,40.996,-0.597
12582,39.503,-0.6068
12583,37.918,-0.6158
12584,36.355,-0.6228
12585,34.798,-0.6305
12586,33.225,-0.6375
12587,31.71,-0.6437
12588,30.438,-0.648
12589,29.662,-0.6515
12590,29.531,-0.6552
12591,29.967,-0.6585
12592,30.733,-0.6613
12593,31.503,-0.6627
12594,31.962,-0.6647
12595,31.988,-0.6663
12596,31.773,-0.6675
12597,31.695,-0.6673
12598,32.056,-0.6658
12599,32.931,-0.6635
12600,34.203,-0.661
12601,35.659,-0.6578
12602,37.074,-0.6537
12603,38.327,-0.6492
12604,39.423,-0.6452
12605,40.393,-0.6405
12606,41.245,-0.634
12607,41.999,-0.6267
12608,42.686,-0.6188
12609,43.306,-0.6098
12610,43.839,-0.6002
12611,44.303,-0.5907
12612,44.776,-0.5815
12613,45.346,-0.5712
12614,46.007,-0.558
12615,46.581,-0.5465
12616,46.875,-0.5347
12617,46.908,-0.522
12618,46.91,-0.5092
12619,47.109,-0.4967
12620,47.564,-0.4848
12621,48.137,-0.4738
12622,48.645,-0.465
12623,49.034,-0.4568
12624,49.349,-0.449
12625,49.614,-0.4395
12626,49.816,-0.4302
12627,49.946,-0.4222
12628,50.066,-0.4145
12629,50.297,-0.4068
12630,50.704,-0.3982
12631,51.202,-0.3897
12632,51.628,-0.381
12633,51.868,-0.3755
12634,51.938,-0.3703
12635,51.94,-0.3655
12636,51.952,-0.3608
12637,51.968,-0.3575
12638,51.897,-0.354
12639,51.661,-0.3503
12640,51.322,-0.3465
12641,51.079,-0.343
12642,51.074,-0.3385
12643,51.233,-0.3342
12644,51.315,-0.3295
12645,51.185,-0.3247
12646,51.059,-0.3205
12647,51.406,-0.316
12648,52.578,-0.3132
12649,54.516,-0.3105
12650,56.764,-0.3065
12651,58.777,-0.302
12652,60.255,-0.2978
12653,61.228,-0.2933
12654,61.873,-0.2883
12655,62.375,-0.2838
12656,62.954,-0.2795
12657,63.855,-0.2772
12658,65.2,-0.275
12659,66.855,-0.2727
12660,68.465,-0.2722
12661,69.702,-0.2702
12662,70.523,-0.2668
12663,71.144,-0.2632
12664,71.81,-0.2607
12665,72.61,-0.257
12666,73.422,-0.2527
12667,74.019,-0.2477
12668,74.253,-0.2442
12669,74.195,-0.241
12670,74.126,-0.238
12671,74.25,-0.2352
12672,74.597,-0.233
12673,75.283,-0.2295
12674,76.542,-0.226
12675,78.403,-0.2225
12676,80.518,-0.219
12677,82.294,-0.2155
12678,83.262,-0.2125
12679,83.425,-0.2097
12680,83.188,-0.2067
12681,83.003,-0.204
12682,83.228,-0.2022
12683,84.1,-0.2002
12684,85.54,-0.1985
12685,87.087,-0.1968
12686,88.322,-0.1958
12687,89.238,-0.1945
12688,90.06,-0.1915
12689,90.889,-0.1885
12690,91.622,-0.1872
12691,92.115,-0.1862
12692,92.413,-0.1847
12693,92.786,-0.1835
12694,93.459,-0.1835
12695,94.41,-0.1835
12696,95.498,-0.1832
12697,96.632,-0.1832
12698,97.727,-0.185
12699,98.664,-0.1867
12700,99.372,-0.186
12701,99.893,-0.1872
12702,100.329,-0.1885
12703,100.776,-0.1898
12704,101.307,-0.189
12705,101.927,-0.1895
12706,102.559,-0.1905
12707,103.104,-0.1915
12708,103.498,-0.192
12709,103.711,-0.1925
12710,103.769,-0.1928
12711,103.754,-0.1928
12712,103.747,-0.1928
12713,103.816,-0.1928
12714,103.979,-0.1928
12715,104.158,-0.1928
12716,104.24,-0.193
12717,104.17,-0.1933
12718,103.994,-0.194
12719,103.829,-0.1948
12720,103.761,-0.1958
12721,103.749,-0.1975
12722,103.686,-0.1982
12723,103.538,-0.199
12724,103.364,-0.1998
12725,103.225,-0.2008
12726,103.153,-0.201
12727,103.158,-0.2025
12728,103.165,-0.2033
12729,103.102,-0.2035
12730,103.048,-0.2035
12731,103.071,-0.2025
12732,103.007,-0.202
12733,102.615,-0.2015
12734,101.88,-0.2002
12735,101.086,-0.2005
12736,100.612,-0.201
12737,100.632,-0.2015
12738,100.961,-0.2005
12739,101.227,-0.1995
12740,101.228,-0.1985
12741,101.068,-0.198
12742,100.971,-0.1968
12743,101.125,-0.1955
12744,101.612,-0.1962
12745,102.269,-0.1953
12746,102.746,-0.1943
12747,102.84,-0.1933
12748,102.669,-0.1928
12749,102.481,-0.1923
12750,102.406,-0.1918
12751,102.392,-0.1915
12752,102.322,-0.1908
12753,102.171,-0.19
12754,102.029,-0.1893
12755,101.979,-0.1888
12756,101.982,-0.1888
12757,101.905,-0.1888
12758,101.656,-0.188
12759,101.302,-0.1867
12760,101.044,-0.1855
12761,101.053,-0.1832
12762,101.31,-0.1818
12763,101.568,-0.18
12764,101.563,-0.1782
12765,101.297,-0.177
12766,101.039,-0.1755
12767,101.05,-0.173
12768,101.393,-0.1715
12769,101.908,-0.1705
12770,102.33,-0.1693
12771,102.552,-0.1688
12772,102.69,-0.1685
12773,102.887,-0.1685
12774,103.184,-0.1685
12775,103.514,-0.1667
12776,103.754,-0.165
12777,103.847,-0.1635
12778,103.847,-0.1615
12779,103.821,-0.1595
12780,103.804,-0.1575
12781,103.863,-0.1562
12782,104.09,-0.1557
12783,104.485,-0.1555
12784,104.884,-0.155
12785,105.056,-0.157
12786,104.888,-0.159
12787,104.485,-0.161
12788,104.079,-0.1633
12789,103.816,-0.164
12790,103.656,-0.165
12791,103.503,-0.166
12792,103.353,-0.1715
12793,103.232,-0.177
12794,103.097,-0.1825
12795,102.882,-0.1883
12796,102.573,-0.1915
12797,102.245,-0.1948
12798,102.016,-0.198
12799,101.925,-0.2018
12800,101.922,-0.203
12801,102.009,-0.2045
12802,102.268,-0.206
12803,102.697,-0.2083
12804,103.113,-0.21
12805,103.258,-0.211
12806,103.06,-0.2137
12807,102.776,-0.2168
12808,102.752,-0.2195
12809,103.02,-0.2223
12810,103.291,-0.225
12811,103.303,-0.227
12812,103.05,-0.2288
12813,102.723,-0.2305
12814,102.495,-0.2322
12815,102.354,-0.2342
12816,102.203,-0.2357
12817,102.054,-0.237
12818,101.98,-0.2385
12819,101.966,-0.24
12820,101.891,-0.2415
12821,101.653,-0.242
12822,101.303,-0.2425
12823,101.049,-0.2427
12824,101.127,-0.243
12825,101.615,-0.2425
12826,102.295,-0.242
12827,102.788,-0.2415
12828,102.875,-0.2403
12829,102.629,-0.2405
12830,102.283,-0.241
12831,102.029,-0.2415
12832,101.857,-0.238
12833,101.62,-0.2345
12834,101.235,-0.2308
12835,100.774,-0.2265
12836,100.379,-0.2243
12837,100.131,-0.222
12838,99.978,-0.2197
12839,99.811,-0.2175
12840,99.593,-0.217
12841,99.379,-0.2165
12842,99.221,-0.216
12843,99.091,-0.215
12844,98.917,-0.2145
12845,98.698,-0.2137
12846,98.543,-0.2122
12847,98.54,-0.2107
12848,98.65,-0.2093
12849,98.79,-0.2087
12850,98.949,-0.2083
12851,99.176,-0.2085
12852,99.492,-0.2087
12853,99.811,-0.2087
12854,99.972,-0.2093
12855,99.953,-0.2097
12856,99.924,-0.2107
12857,100.064,-0.2117
12858,100.423,-0.2135
12859,100.919,-0.2152
12860,101.384,-0.216
12861,101.701,-0.2158
12862,101.88,-0.2155
12863,102.013,-0.2152
12864,102.18,-0.2152
12865,102.419,-0.2152
12866,102.726,-0.2155
12867,103.062,-0.2158
12868,103.363,-0.2165
12869,103.587,-0.2172
12870,103.716,-0.2178
12871,103.763,-0.2182
12872,103.775,-0.2188
12873,103.778,-0.219
12874,103.726,-0.2195
12875,103.574,-0.2185
12876,103.335,-0.2175
12877,103.023,-0.216
12878,102.63,-0.217
12879,102.172,-0.2178
12880,101.688,-0.2193
12881,101.217,-0.2207
12882,100.823,-0.2223
12883,100.581,-0.2238
12884,100.507,-0.2253
12885,100.533,-0.2263
12886,100.558,-0.227
12887,100.494,-0.2278
12888,100.34,-0.2285
12889,100.177,-0.2282
12890,100.022,-0.228
12891,99.776,-0.2278
12892,99.387,-0.2275
12893,98.974,-0.2273
12894,98.71,-0.2265
12895,98.708,-0.2258
12896,99.007,-0.225
12897,99.577,-0.2245
12898,100.315,-0.223
12899,101.047,-0.2217
12900,101.548,-0.2215
12901,101.684,-0.2213
12902,101.587,-0.221
12903,101.577,-0.2207
12904,101.86,-0.2205
12905,102.347,-0.22
12906,102.735,-0.2195
12907,102.793,-0.219
12908,102.544,-0.2182
12909,102.199,-0.218
12910,101.962,-0.219
12911,101.886,-0.22
12912,101.892,-0.2203
12913,101.907,-0.2207
12914,101.908,-0.22
12915,101.912,-0.2207
12916,101.988,-0.2213
12917,102.228,-0.2223
12918,102.629,-0.2207
12919,103.021,-0.2195
12920,103.184,-0.2182
12921,103.093,-0.2165
12922,102.999,-0.2147
12923,103.166,-0.213
12924,103.589,-0.2112
12925,104,-0.2103
12926,104.09,-0.2093
12927,103.775,-0.2083
12928,103.27,-0.2073
12929,102.853,-0.206
12930,102.659,-0.2047
12931,102.731,-0.2035
12932,103.063,-0.2025
12933,103.522,-0.2015
12934,103.87,-0.2005
12935,103.937,-0.1995
12936,103.755,-0.1988
12937,103.519,-0.1978
12938,103.429,-0.197
12939,103.548,-0.1958
12940,103.792,-0.1945
12941,104.056,-0.1933
12942,104.255,-0.192
12943,104.245,-0.1903
12944,103.846,-0.1885
12945,103.085,-0.187
12946,102.323,-0.1852
12947,102.009,-0.1835
12948,102.276,-0.1825
12949,102.821,-0.181
12950,103.111,-0.1782
12951,102.785,-0.1752
12952,101.882,-0.1725
12953,100.739,-0.1695
12954,99.756,-0.168
12955,99.215,-0.1662
12956,99.154,-0.165
12957,99.414,-0.1638
12958,99.83,-0.1625
12959,100.375,-0.1613
12960,101.175,-0.159
12961,102.29,-0.1573
12962,103.49,-0.1555
12963,104.356,-0.1537
12964,104.634,-0.153
12965,104.44,-0.1522
12966,104.158,-0.1512
12967,104.141,-0.1502
12968,104.457,-0.149
12969,104.949,-0.148
12970,105.458,-0.147
12971,105.872,-0.146
12972,106.053,-0.145
12973,105.883,-0.144
12974,105.387,-0.143
12975,104.733,-0.1427
12976,104.105,-0.1405
12977,103.514,-0.1383
12978,102.807,-0.1363
12979,101.929,-0.135
12980,101.101,-0.1337
12981,100.675,-0.1325
12982,100.849,-0.1313
12983,101.508,-0.1305
12984,102.283,-0.1305
12985,102.795,-0.1305
12986,102.872,-0.1305
12987,102.55,-0.1295
12988,101.97,-0.128
12989,101.255,-0.1265
12990,100.459,-0.125
12991,99.646,-0.1242
12992,99.01,-0.124
12993,98.766,-0.124
12994,98.943,-0.1238
12995,99.358,-0.1235
12996,99.777,-0.123
12997,100.101,-0.1225
12998,100.416,-0.122
12999,100.823,-0.1215
13000,101.297,-0.122
13001,101.704,-0.1225
13002,101.936,-0.123
13003,102.018,-0.1235
13004,102.087,-0.1228
13005,102.212,-0.122
13006,102.288,-0.1215
13007,102.19,-0.121
13008,101.943,-0.1205
13009,101.699,-0.12
13010,101.616,-0.1195
13011,101.733,-0.119
13012,101.905,-0.1182
13013,101.894,-0.1175
13014,101.574,-0.1167
13015,101.109,-0.116
13016,100.887,-0.117
13017,101.193,-0.1172
13018,101.994,-0.1172
13019,102.995,-0.1167
13020,103.878,-0.1167
13021,104.525,-0.1167
13022,104.997,-0.1167
13023,105.291,-0.1162
13024,105.35,-0.1153
13025,105.251,-0.1143
13026,105.19,-0.113
13027,105.283,-0.1128
13028,105.475,-0.1128
13029,105.581,-0.1125
13030,105.441,-0.1123
13031,105.049,-0.1115
13032,104.493,-0.111
13033,103.843,-0.1105
13034,103.129,-0.1095
13035,102.344,-0.1087
13036,101.479,-0.108
13037,100.558,-0.1073
13038,99.619,-0.1065
13039,98.68,-0.1055
13040,97.792,-0.1045
13041,97.091,-0.103
13042,96.777,-0.1017
13043,96.956,-0.1005
13044,97.496,-0.0995
13045,98.053,-0.0983
13046,98.23,-0.0972
13047,97.81,-0.0963
13048,96.974,-0.0955
13049,96.18,-0.0945
13050,95.788,-0.0932
13051,95.83,-0.092
13052,96.043,-0.0907
13053,96.124,-0.0895
13054,96.026,-0.0888
13055,95.931,-0.087
13056,95.978,-0.0852
13057,96.14,-0.0845
13058,96.294,-0.0833
13059,96.382,-0.0818
13060,96.475,-0.0798
13061,96.638,-0.0777
13062,96.806,-0.0755
13063,96.862,-0.0737
13064,96.778,-0.072
13065,96.644,-0.0703
13066,96.646,-0.0687
13067,97.03,-0.0673
13068,97.939,-0.0645
13069,99.25,-0.062
13070,100.657,-0.0595
13071,101.868,-0.0567
13072,102.719,-0.0553
13073,103.23,-0.0537
13074,103.542,-0.0515
13075,103.727,-0.05
13076,103.798,-0.049
13077,103.812,-0.048
13078,103.815,-0.047
13079,103.749,-0.0462
13080,103.517,-0.0452
13081,103.108,-0.0447
13082,102.631,-0.044
13083,102.236,-0.0432
13084,102.02,-0.043
13085,101.965,-0.0423
13086,101.977,-0.0413
13087,101.985,-0.0403
13088,101.978,-0.0398
13089,101.968,-0.0398
13090,101.96,-0.0398
13091,101.975,-0.0398
13092,102.057,-0.0398
13093,102.212,-0.0425
13094,102.382,-0.0447
13095,102.516,-0.0457
13096,102.591,-0.0467
13097,102.599,-0.0467
13098,102.581,-0.0473
13099,102.598,-0.048
13100,102.656,-0.0487
13101,102.725,-0.0495
13102,102.755,-0.0503
13103,102.737,-0.051
13104,102.745,-0.0515
13105,102.821,-0.0517
13106,102.885,-0.0525
13107,102.819,-0.0532
13108,102.568,-0.055
13109,102.181,-0.0555
13110,101.801,-0.056
13111,101.541,-0.0565
13112,101.392,-0.0555
13113,101.314,-0.0542
13114,101.321,-0.0542
13115,101.412,-0.0537
13116,101.554,-0.0527
13117,101.714,-0.0542
13118,101.842,-0.0558
13119,101.891,-0.0572
13120,101.881,-0.0593
13121,101.868,-0.0612
13122,101.877,-0.0625
13123,101.912,-0.0638
13124,101.933,-0.0653
13125,101.804,-0.0675
13126,101.415,-0.0697
13127,100.895,-0.0718
13128,100.575,-0.0742
13129,100.728,-0.0765
13130,101.323,-0.079
13131,102.012,-0.0807
13132,102.472,-0.0823
13133,102.699,-0.0803
13134,102.895,-0.0783
13135,103.177,-0.0777
13136,103.494,-0.0775
13137,103.717,-0.078
13138,103.777,-0.0785
13139,103.687,-0.079
13140,103.508,-0.0798
13141,103.349,-0.0805
13142,103.298,-0.081
13143,103.319,-0.0815
13144,103.287,-0.082
13145,103.129,-0.0828
13146,102.891,-0.0835
13147,102.674,-0.0843
13148,102.506,-0.0843
13149,102.283,-0.0855
13150,101.877,-0.0875
13151,101.321,-0.0897
13152,100.771,-0.0917
13153,100.37,-0.094
13154,100.225,-0.0965
13155,100.386,-0.0988
13156,100.779,-0.1015
13157,101.246,-0.1017
13158,101.639,-0.1017
13159,101.872,-0.1017
13160,101.958,-0.0992
13161,101.972,-0.0978
13162,101.975,-0.097
13163,101.981,-0.0963
13164,101.989,-0.0948
13165,101.996,-0.094
13166,101.999,-0.0935
13167,101.996,-0.0935
13168,101.985,-0.0922
13169,101.964,-0.091
13170,101.946,-0.0897
13171,101.995,-0.0892
13172,102.219,-0.0888
13173,102.694,-0.089
13174,103.33,-0.0892
13175,103.839,-0.0895
13176,103.922,-0.0895
13177,103.524,-0.0892
13178,102.871,-0.0888
13179,102.285,-0.0883
13180,101.961,-0.0878
13181,101.879,-0.0872
13182,101.89,-0.0872
13183,101.84,-0.0872
13184,101.619,-0.0872
13185,101.208,-0.0875
13186,100.717,-0.0872
13187,100.364,-0.087
13188,100.367,-0.0875
13189,100.812,-0.088
13190,101.562,-0.0878
13191,102.26,-0.0875
13192,102.523,-0.0875
13193,102.254,-0.0875
13194,101.678,-0.0865
13195,101.088,-0.0852
13196,100.623,-0.0835
13197,100.239,-0.082
13198,99.899,-0.079
13199,99.761,-0.076
13200,99.999,-0.0752
13201,100.432,-0.0725
13202,100.553,-0.0697
13203,99.985,-0.067
13204,98.84,-0.0663
13205,97.671,-0.0645
13206,97.109,-0.0625
13207,97.374,-0.0602
13208,98.097,-0.059
13209,98.739,-0.0578
13210,99.148,-0.0565
13211,99.642,-0.0555
13212,100.604,-0.0548
13213,102.057,-0.0542
13214,103.564,-0.0537
13215,104.604,-0.0532
13216,105.043,-0.0527
13217,105.106,-0.0525
13218,105.044,-0.0525
13219,104.956,-0.0525
13220,104.803,-0.0522
13221,104.552,-0.0515
13222,104.267,-0.0508
13223,104.034,-0.05
13224,103.89,-0.0495
13225,103.816,-0.0483
13226,103.706,-0.047
13227,103.449,-0.045
13228,103.113,-0.044
13229,102.946,-0.043
13230,103.127,-0.042
13231,103.555,-0.0418
13232,103.887,-0.0415
13233,103.825,-0.0413
13234,103.408,-0.0418
13235,102.955,-0.0415
13236,102.655,-0.0413
13237,102.342,-0.0408
13238,101.724,-0.0418
13239,100.777,-0.0427
13240,99.857,-0.0438
13241,99.469,-0.0445
13242,99.89,-0.0457
13243,100.843,-0.047
13244,101.614,-0.0462
13245,101.692,-0.0473
13246,101.176,-0.0483
13247,100.553,-0.0493
13248,100.296,-0.0495
13249,100.562,-0.0498
13250,101.123,-0.05
13251,101.61,-0.0503
13252,101.803,-0.0508
13253,101.674,-0.051
13254,101.334,-0.0513
13255,101.008,-0.0517
13256,100.934,-0.0517
13257,101.15,-0.0517
13258,101.477,-0.0517
13259,101.747,-0.0522
13260,101.903,-0.0527
13261,101.955,-0.0537
13262,101.945,-0.0548
13263,101.912,-0.0565
13264,101.89,-0.058
13265,101.947,-0.06
13266,102.175,-0.062
13267,102.595,-0.064
13268,103.087,-0.0648
13269,103.426,-0.0655
13270,103.418,-0.0663
13271,103.107,-0.0665
13272,102.796,-0.0668
13273,102.717,-0.0668
13274,102.746,-0.0668
13275,102.593,-0.0678
13276,102.189,-0.0687
13277,101.751,-0.0695
13278,101.538,-0.0708
13279,101.628,-0.072
13280,101.871,-0.0732
13281,102.05,-0.0737
13282,102.115,-0.0737
13283,102.149,-0.0737
13284,102.202,-0.0737
13285,102.289,-0.0715
13286,102.408,-0.0692
13287,102.472,-0.067
13288,102.328,-0.0648
13289,101.912,-0.0638
13290,101.333,-0.0628
13291,100.762,-0.0615
13292,100.275,-0.0558
13293,99.836,-0.05
13294,99.348,-0.0443
13295,98.72,-0.0385
13296,98.05,-0.0353
13297,97.69,-0.0323
13298,97.956,-0.0293
13299,98.838,-0.0258
13300,99.967,-0.0245
13301,100.825,-0.0235
13302,101.064,-0.0225
13303,100.609,-0.0208
13304,99.534,-0.0195
13305,98.044,-0.0182
13306,96.497,-0.017
13307,95.339,-0.0165
13308,94.969,-0.0163
13309,95.495,-0.016
13310,96.638,-0.0158
13311,97.944,-0.0152
13312,99.046,-0.0152
13313,99.805,-0.0155
13314,100.317,-0.0155
13315,100.776,-0.0155
13316,101.311,-0.0155
13317,101.935,-0.0158
13318,102.567,-0.016
13319,103.115,-0.0168
13320,103.523,-0.0175
13321,103.762,-0.0202
13322,103.834,-0.023
13323,103.765,-0.0285
13324,103.602,-0.034
13325,103.416,-0.0403
13326,103.262,-0.0467
13327,103.158,-0.0532
13328,103.072,-0.0605
13329,102.926,-0.0668
13330,102.682,-0.0727
13331,102.404,-0.0788
13332,102.165,-0.089
13333,102,-0.0953
13334,101.915,-0.1017
13335,101.887,-0.108
13336,101.879,-0.1123
13337,101.878,-0.1172
13338,101.877,-0.1223
13339,101.873,-0.1265
13340,101.889,-0.1285
13341,101.991,-0.1303
13342,102.188,-0.132
13343,102.312,-0.1337
13344,102.091,-0.1348
13345,101.354,-0.1358
13346,100.195,-0.1368
13347,98.966,-0.137
13348,98.075,-0.1373
13349,97.716,-0.1375
13350,97.828,-0.1378
13351,98.267,-0.138
13352,98.906,-0.1375
13353,99.671,-0.137
13354,100.536,-0.1363
13355,101.455,-0.1355
13356,102.319,-0.1348
13357,103.03,-0.134
13358,103.59,-0.1323
13359,104.067,-0.13
13360,104.466,-0.129
13361,104.712,-0.128
13362,104.783,-0.1268
13363,104.768,-0.1228
13364,104.775,-0.1187
13365,104.788,-0.1148
13366,104.636,-0.1105
13367,104.174,-0.1063
13368,103.523,-0.1012
13369,102.969,-0.096
13370,102.648,-0.0912
13371,102.482,-0.0862
13372,102.336,-0.0813
13373,102.171,-0.0805
13374,102.104,-0.0795
13375,102.27,-0.0785
13376,102.596,-0.0775
13377,102.825,-0.0757
13378,102.73,-0.074
13379,102.302,-0.073
13380,101.786,-0.072
13381,101.479,-0.0713
13382,101.484,-0.0705
13383,101.676,-0.071
13384,101.863,-0.0718
13385,101.949,-0.0723
13386,101.96,-0.073
13388,101.942,-0.076
13389,101.932,-0.0772
13390,101.919,-0.0777
13391,101.913,-0.0783
13392,101.926,-0.079
13393,101.942,-0.0798
13394,101.876,-0.0803
13395,101.645,-0.0807
13396,101.305,-0.0813
13397,101.056,-0.0815
13398,101.062,-0.0825
13399,101.32,-0.0835
13400,101.673,-0.0833
13401,101.977,-0.0828
13402,102.217,-0.0825
13403,102.449,-0.0823
13404,102.653,-0.082
13405,102.731,-0.082
13406,102.694,-0.0818
13407,102.769,-0.0815
13408,103.175,-0.0815
13409,103.838,-0.0813
13410,104.359,-0.0807
13411,104.275,-0.0805
13412,103.459,-0.081
13413,102.289,-0.0813
13414,101.378,-0.0813
13415,101.13,-0.0813
13416,101.541,-0.081
13417,102.295,-0.0805
13418,103.018,-0.08
13419,103.523,-0.0795
13420,103.838,-0.0793
13421,104.007,-0.0788
13422,103.953,-0.0785
13423,103.553,-0.077
13424,102.764,-0.0757
13425,101.68,-0.0747
13426,100.573,-0.0735
13427,99.836,-0.0723
13428,99.76,-0.071
13429,100.303,-0.07
13430,101.124,-0.0695
13431,101.798,-0.069
13432,102.068,-0.0682
13433,102.028,-0.0675
13434,102.001,-0.0675
13435,102.204,-0.0675
13436,102.622,-0.0675
13437,103.103,-0.0673
13438,103.428,-0.067
13439,103.417,-0.0668
13440,103.08,-0.0665
13441,102.606,-0.0665
13442,102.203,-0.0665
13443,101.973,-0.0663
13444,101.906,-0.066
13445,101.982,-0.0655
13446,102.222,-0.0653
13447,102.627,-0.065
13448,103.087,-0.0645
13449,103.41,-0.0643
13450,103.48,-0.064
13451,103.381,-0.0638
13452,103.307,-0.0628
13453,103.37,-0.0615
13454,103.548,-0.0605
13455,103.743,-0.0598
13456,103.84,-0.0593
13457,103.725,-0.0588
13458,103.334,-0.0583
13459,102.747,-0.0578
13460,102.178,-0.057
13461,101.832,-0.0565
13462,101.768,-0.0553
13463,101.862,-0.054
13464,101.94,-0.052
13465,101.965,-0.0493
13466,102.03,-0.0465
13467,102.183,-0.0438
13468,102.348,-0.0413
13469,102.414,-0.0385
13470,102.339,-0.036
13471,102.168,-0.0335
13472,102.01,-0.0312
13473,101.935,-0.029
13474,101.92,-0.0267
13475,101.921,-0.0238
13476,101.924,-0.0208
13477,101.926,-0.0185
13478,101.932,-0.016
13479,101.998,-0.0132
13480,102.215,-0.0105
13481,102.609,-0.0077
13482,103.085,-0.005
13483,103.507,-0.0028
13484,103.831,-0.0005
13485,104.131,0.002
13486,104.447,0.0045
13487,104.686,0.007
13488,104.679,0.0095
13489,104.293,0.0125
13490,103.573,0.0155
13491,102.766,0.0187
13492,102.132,0.022
13493,101.806,0.025
13494,101.838,0.028
13495,102.165,0.0312
13496,102.575,0.0345
13497,102.836,0.037
13498,102.815,0.0395
13499,102.563,0.042
13500,102.37,0.0445
13501,102.605,0.0467
13502,103.334,0.0483
13503,104.214,0.05
13504,104.781,0.0503
13505,104.827,0.0498
13506,104.544,0.0493
13507,104.29,0.0487
13508,104.213,0.0478
13509,104.154,0.0465
13510,103.855,0.0452
13511,103.226,0.044
13512,102.442,0.0427
13513,101.806,0.0415
13514,101.501,0.0403
13515,101.51,0.0382
13516,101.681,0.0367
13517,101.836,0.0355
13518,101.898,0.034
13519,101.975,0.0323
13520,102.288,0.0307
13521,102.945,0.0293
13522,103.763,0.0278
13523,104.35,0.0265
13524,104.41,0.026
13525,103.981,0.0253
13526,103.406,0.0243
13527,103.066,0.0232
13528,103.094,0.0222
13529,103.326,0.0222
13530,103.489,0.0222
13531,103.411,0.0182
13532,103.135,0.0142
13533,102.888,0.012
13534,102.877,0.01
13535,103.117,0.008
13536,103.445,0.006
13537,103.674,0.0028
13538,103.751,-0.0003
13539,103.748,-0.0032
13540,103.738,-0.0063
13541,103.737,-0.0087
13542,103.739,-0.0115
13543,103.74,-0.015
13544,103.74,-0.0175
13545,103.739,-0.02
13546,103.736,-0.0222
13547,103.733,-0.0245
13548,103.732,-0.026
13549,103.737,-0.0275
13551,103.757,-0.0305
13552,103.764,-0.032
13553,103.783,-0.0335
13554,103.861,-0.035
13555,104.029,-0.0365
13556,104.273,-0.0385
13557,104.57,-0.0403
13558,104.888,-0.042
13559,105.164,-0.042
13560,105.315,-0.0423
13561,105.295,-0.0425
13562,105.185,-0.0427
13563,105.198,-0.0427
13564,105.499,-0.0435
13565,105.998,-0.0443
13566,106.42,-0.0447
13567,106.587,-0.0452
13568,106.525,-0.0467
13569,106.305,-0.0505
13570,105.927,-0.0542
13571,105.303,-0.054
13572,104.354,-0.0522
13573,103.166,-0.0522
13574,101.98,-0.0525
13575,101.031,-0.0527
13576,100.48,-0.0525
13577,100.355,-0.0503
13578,100.46,-0.0483
13579,100.474,-0.0467
13580,100.191,-0.044
13581,99.622,-0.0413
13582,98.917,-0.038
13583,98.213,-0.0347
13584,97.579,-0.0315
13585,97.049,-0.028
13586,96.645,-0.0248
13587,96.341,-0.0217
13588,96.034,-0.0187
13589,95.641,-0.0155
13590,95.176,-0.0123
13591,94.717,-0.009
13592,94.335,-0.0057
13593,94.028,-0.0005
13594,93.732,0.0047
13595,93.418,0.0085
13596,93.126,0.0123
13597,92.899,0.014
13598,92.759,0.0158
13599,92.707,0.0158
13600,92.703,0.0158
13601,92.694,0.0158
13602,92.68,0.0158
13603,92.735,0.0152
13604,92.969,0.0148
13605,93.461,0.0142
13606,94.161,0.0138
13607,94.888,0.0132
13608,95.492,0.0138
13609,96.01,0.0138
13610,96.559,0.0138
13611,97.165,0.013
13612,97.741,0.0112
13613,98.199,0.0092
13614,98.566,0.0073
13615,98.971,0.0057
13616,99.505,0.0037
13617,100.143,0.0032
13618,100.782,0.0028
13619,101.329,0.0017
13620,101.735,0.0003
13621,101.956,-0.0013
13622,101.943,-0.0028
13623,101.701,-0.004
13624,101.348,-0.0047
13625,101.079,-0.0057
13626,101.063,-0.0067
13627,101.372,-0.0073
13628,101.942,-0.0075
13629,102.579,-0.008
13630,103.062,-0.0085
13631,103.234,-0.01
13632,103.062,-0.0118
13633,102.657,-0.0155
13634,102.174,-0.0192
13635,101.69,-0.0215
13636,101.218,-0.0235
13637,100.814,-0.0238
13638,100.586,-0.024
13639,100.605,-0.0243
13640,100.839,-0.0245
13641,101.168,-0.0248
13642,101.474,-0.0258
13643,101.71,-0.027
13644,101.864,-0.0282
13645,101.93,-0.0295
13646,101.934,-0.0307
13647,101.94,-0.0342
13648,102.017,-0.0377
13649,102.181,-0.04
13650,102.355,-0.0423
13651,102.429,-0.0443
13652,102.358,-0.0467
13653,102.171,-0.049
13654,101.927,-0.0513
13655,101.686,-0.0515
13656,101.505,-0.0513
13657,101.438,-0.0535
13658,101.508,-0.0558
13659,101.667,-0.057
13660,101.828,-0.0588
13661,101.98,-0.0605
13662,102.218,-0.0622
13663,102.618,-0.0655
13664,103.174,-0.0675
13665,103.81,-0.0695
13666,104.375,-0.0715
13667,104.699,-0.0737
13668,104.713,-0.0765
13669,104.458,-0.0793
13670,104.053,-0.0818
13671,103.638,-0.0833
13672,103.297,-0.0843
13673,103.059,-0.0852
13674,102.986,-0.0862
13675,103.105,-0.0872
13676,103.283,-0.0885
13677,103.302,-0.09
13678,103.057,-0.0915
13679,102.63,-0.093
13680,102.219,-0.0943
13681,101.977,-0.0958
13682,101.912,-0.0965
13683,101.922,-0.0965
13684,101.926,-0.0965
13685,101.922,-0.0963
13686,101.993,-0.096
13687,102.22,-0.0935
13688,102.548,-0.0912
13689,102.802,-0.0885
13690,102.883,-0.0857
13691,102.861,-0.0828
13692,102.89,-0.0798
13693,103.1,-0.0767
13694,103.564,-0.0735
13695,104.267,-0.0727
13696,105.033,-0.0727
13697,105.554,-0.0718
13698,105.578,-0.0703
13699,105.097,-0.0687
13700,104.351,-0.0675
13701,103.635,-0.067
13702,103.073,-0.0665
13703,102.619,-0.0643
13704,102.185,-0.0638
13705,101.663,-0.0633
13706,100.953,-0.0628
13707,100.12,-0.0622
13708,99.458,-0.0615
13709,99.292,-0.0607
13710,99.709,-0.06
13711,100.468,-0.0593
13712,101.209,-0.0588
13713,101.691,-0.0583
13714,101.831,-0.0575
13715,101.658,-0.0565
13716,101.315,-0.0555
13717,100.991,-0.0542
13718,100.83,-0.053
13719,100.908,-0.052
13720,101.169,-0.051
13721,101.414,-0.0498
13722,101.45,-0.048
13723,101.223,-0.0465
13724,100.823,-0.0447
13725,100.431,-0.0432
13726,100.197,-0.0418
13727,100.119,-0.0405
13728,100.092,-0.0387
13729,100.071,-0.0375
13730,100.187,-0.0362
13731,100.666,-0.0353
13732,101.562,-0.0342
13733,102.545,-0.0333
13734,103.06,-0.0325
13735,102.834,-0.032
13736,102.16,-0.0312
13737,101.609,-0.0305
13738,101.528,-0.0305
13739,101.89,-0.0305
13740,102.494,-0.0305
13741,103.175,-0.0298
13742,103.854,-0.029
13743,104.488,-0.0282
13744,105.036,-0.0275
13745,105.495,-0.0267
13746,105.864,-0.0262
13747,106.015,-0.0255
13748,105.774,-0.0248
13749,105.195,-0.024
13750,104.61,-0.0238
13751,104.357,-0.0235
13752,104.53,-0.0232
13753,104.934,-0.023
13754,105.249,-0.0232
13755,105.315,-0.0235
13756,105.278,-0.0238
13757,105.384,-0.024
13758,105.663,-0.0243
13759,105.892,-0.024
13760,105.768,-0.0245
13761,105.108,-0.025
13762,103.978,-0.026
13763,102.654,-0.026
13764,101.44,-0.0262
13765,100.557,-0.0265
13766,100.105,-0.0265
13767,100.058,-0.028
13768,100.307,-0.0298
13769,100.739,-0.0315
13770,101.294,-0.0333
13771,101.921,-0.035
13772,102.54,-0.036
13773,103.087,-0.0367
13774,103.553,-0.0375
13775,103.938,-0.038
13776,104.252,-0.0393
13777,104.548,-0.0403
13778,104.864,-0.041
13779,105.172,-0.0418
13780,105.432,-0.0425
13781,105.604,-0.0427
13782,105.681,-0.043
13783,105.764,-0.0432
13784,105.982,-0.0435
13785,106.309,-0.0438
13786,106.545,-0.0435
13787,106.464,-0.0438
13788,105.989,-0.044
13789,105.256,-0.0443
13790,104.488,-0.0427
13791,103.783,-0.0413
13792,103.084,-0.0398
13793,102.318,-0.039
13794,101.523,-0.0375
13795,100.836,-0.0362
13796,100.363,-0.035
13797,100.078,-0.033
13798,99.854,-0.032
13799,99.54,-0.0312
13800,99.073,-0.03
13801,98.553,-0.0298
13802,98.155,-0.0295
13803,97.974,-0.0302
13804,97.989,-0.0312
13805,98.092,-0.0318
13806,98.169,-0.0325
13807,98.192,-0.0315
13808,98.204,-0.0305
13809,98.223,-0.0282
13810,98.239,-0.026
13811,98.255,-0.0235
13812,98.333,-0.0215
13813,98.555,-0.0192
13814,98.929,-0.017
13815,99.384,-0.0152
13816,99.859,-0.0128
13817,100.326,-0.0105
13818,100.729,-0.0083
13819,100.976,-0.0055
13820,101.039,-0.0035
13821,101.023,-0.002
13822,101.091,0
13823,101.328,0.0045
13824,101.643,0.009
13825,101.867,0.016
13826,101.938,0.0227
13827,101.94,0.0298
13828,102.006,0.0377
13829,102.231,0.0452
13830,102.62,0.051
13831,103.085,0.0567
13832,103.474,0.0625
13833,103.647,0.0655
13834,103.57,0.0682
13835,103.323,0.071
13836,103.009,0.0723
13837,102.749,0.0737
13838,102.679,0.077
13839,102.844,0.0795
13840,103.171,0.082
13841,103.508,0.0855
13842,103.663,0.0895
13843,103.515,0.0935
13844,103.111,0.0975
13845,102.629,0.101
13846,102.297,0.105
13847,102.295,0.1082
13848,102.627,0.1115
13849,103.115,0.1145
13850,103.551,0.1175
13851,103.8,0.1205
13852,103.793,0.123
13853,103.539,0.1258
13854,103.171,0.1285
13855,102.92,0.1318
13856,102.944,0.135
13857,103.126,0.1383
13858,103.087,0.1415
13859,102.598,0.1442
13860,101.91,0.1478
13861,101.502,0.1537
13862,101.58,0.157
13863,101.941,0.1578
13864,102.211,0.1583
13865,102.201,0.1562
13866,102.058,0.1545
13867,102.044,0.153
13868,102.256,0.1515
13869,102.582,0.1505
13870,102.819,0.15
13871,102.818,0.1485
13872,102.576,0.147
13873,102.255,0.149
13874,102.104,0.1517
13875,102.269,0.1545
13876,102.673,0.1578
13877,103.07,0.1603
13878,103.215,0.162
13879,103.074,0.1645
13880,102.947,0.1648
13881,103.32,0.168
13882,104.43,0.1708
13883,105.921,0.1747
13884,107.066,0.178
13885,107.38,0.1813
13886,106.943,0.1842
13887,106.245,0.188
13888,105.76,0.193
13889,105.611,0.197
13890,105.635,0.2002
13891,105.67,0.2035
13892,105.685,0.2063
13893,105.69,0.2087
13894,105.624,0.2105
13895,105.322,0.2122
13896,104.615,0.214
13897,103.502,0.2158
13898,102.218,0.2175
13899,101.108,0.2193
13900,100.409,0.221
13901,100.119,0.2235
13902,100.071,0.2282
13903,100.097,0.233
13904,100.124,0.238
13905,100.142,0.2415
13906,100.151,0.2445
13907,100.145,0.2472
13908,100.147,0.249
13909,100.209,0.251
13910,100.365,0.2518
13911,100.603,0.2535
13912,100.893,0.2553
13913,101.2,0.2593
13914,101.478,0.2627
13915,101.699,0.2662
13916,101.849,0.2707
13917,101.903,0.275
13918,101.842,0.275
13919,101.676,0.275
13920,101.446,0.2772
13921,101.208,0.2765
13922,101.044,0.2818
13923,101.078,0.2833
13924,101.385,0.2858
13925,101.831,0.288
13926,102.092,0.29
13927,101.924,0.2883
13928,101.358,0.29
13929,100.663,0.2918
13930,100.121,0.2942
13931,99.802,0.292
13932,99.568,0.29
13933,99.295,0.2875
13934,98.978,0.2858
13935,98.684,0.284
13936,98.508,0.2823
13937,98.572,0.2802
13938,98.964,0.2782
13939,99.659,0.2762
13940,100.538,0.2762
13941,101.468,0.273
13942,102.325,0.2697
13943,103.026,0.2665
13944,103.564,0.2615
13945,103.962,0.2597
13946,104.209,0.2583
13947,104.287,0.2567
13948,104.209,0.2553
13949,104.037,0.2532
13950,103.877,0.2522
13951,103.802,0.2512
13952,103.796,0.2502
13953,103.792,0.2475
13954,103.712,0.2442
13955,103.479,0.241
13956,103.09,0.2377
13957,102.623,0.2345
13958,102.153,0.235
13959,101.682,0.2357
13960,101.156,0.2365
13961,100.662,0.2375
13962,100.655,0.2318
13963,101.617,0.2285
13964,103.319,0.2253
13965,104.818,0.2215
13966,105.311,0.2162
13967,104.752,0.2147
13968,103.777,0.2097
13969,103.131,0.2045
13970,103.042,0.1995
13971,103.226,0.1992
13972,103.411,0.1995
13973,103.501,0.1995
13974,103.416,0.1992
13975,103.162,0.199
13976,102.933,0.1988
13977,102.928,0.2012
13978,103.162,0.2018
13979,103.493,0.2022
13980,103.795,0.2008
13981,104.041,0.199
13982,104.21,0.1972
13983,104.191,0.1955
13984,103.882,0.1955
13985,103.386,0.1935
13986,103.003,0.1923
13987,102.948,0.191
13988,103.117,0.1898
13989,103.205,0.1883
13990,103.091,0.186
13991,103.065,0.1837
13992,103.519,0.1815
13993,104.417,0.1787
13994,105.238,0.1757
13995,105.464,0.1728
13996,105.038,0.1698
13997,104.361,0.1672
13998,103.894,0.1665
13999,103.743,0.1655
14000,103.672,0.1645
14001,103.455,0.164
14002,103.124,0.1645
14003,102.884,0.165
14004,102.896,0.1665
14005,103.141,0.1688
14006,103.411,0.1715
14007,103.484,0.1742
14008,103.304,0.1765
14009,103.003,0.179
14010,102.811,0.1808
14011,102.896,0.1825
14012,103.24,0.1842
14013,103.729,0.1862
14014,104.232,0.1888
14015,104.542,0.1913
14016,104.465,0.193
14017,103.981,0.1928
14018,103.24,0.1945
14019,102.507,0.1962
14020,102.04,0.1972
14021,101.888,0.1985
14022,101.893,0.1998
14023,101.914,0.201
14024,101.924,0.2015
14025,101.937,0.2022
14026,101.952,0.2022
14028,101.958,0.2022
14029,102.014,0.2015
14030,102.157,0.2015
14031,102.342,0.2053
14032,102.485,0.209
14033,102.506,0.211
14034,102.414,0.2132
14035,102.359,0.2155
14036,102.457,0.2178
14037,102.679,0.2213
14038,102.943,0.2235
14039,103.132,0.2258
14040,103.122,0.228
14041,102.888,0.2295
14042,102.483,0.2312
14043,102.066,0.2335
14044,101.895,0.2348
14045,102.073,0.236
14046,102.402,0.2383
14047,102.608,0.2405
14048,102.551,0.2417
14049,102.309,0.2433
14050,102.082,0.2457
14051,101.986,0.2482
14052,101.974,0.2508
14053,101.971,0.2532
14054,101.962,0.255
14055,101.955,0.2565
14056,101.946,0.2587
14057,101.931,0.2605
14058,101.933,0.2622
14059,102.014,0.265
14060,102.173,0.2685
14061,102.274,0.272
14062,102.18,0.2755
14063,101.923,0.2767
14064,101.668,0.2787
14065,101.578,0.2807
14066,101.679,0.2828
14067,101.838,0.2835
14068,101.923,0.2843
14069,101.933,0.2868
14070,101.929,0.2925
14071,101.939,0.2928
14072,101.948,0.293
14073,101.892,0.295
14074,101.667,0.297
14075,101.183,0.2978
14076,100.456,0.2985
14077,99.71,0.2975
14078,99.308,0.2965
14079,99.468,0.2945
14080,100.061,0.2945
14081,100.737,0.2945
14082,101.192,0.294
14083,101.347,0.2918
14084,101.378,0.2895
14085,101.504,0.2873
14086,101.741,0.285
14087,101.984,0.283
14088,102.19,0.2812
14089,102.35,0.278
14090,102.456,0.2742
14091,102.54,0.2707
14092,102.607,0.2672
14093,102.604,0.2637
14094,102.517,0.2607
14095,102.357,0.2573
14096,102.108,0.253
14097,101.788,0.2488
14098,101.457,0.2445
14099,101.111,0.2387
14100,100.775,0.233
14101,100.639,0.2273
14102,100.882,0.2215
14103,101.34,0.218
14104,101.527,0.2147
14105,101.041,0.2115
14106,99.974,0.2083
14107,98.883,0.2063
14108,98.318,0.206
14109,98.357,0.2053
14110,98.578,0.2012
14111,98.468,0.1998
14112,97.882,0.1965
14113,97.081,0.1933
14114,96.423,0.19
14115,96.125,0.1875
14116,96.158,0.185
14117,96.303,0.1825
14118,96.455,0.18
14119,96.768,0.1795
14120,97.389,0.1782
14121,98.196,0.177
14122,98.918,0.1757
14123,99.384,0.176
14124,99.604,0.1762
14125,99.664,0.1762
14126,99.592,0.1762
14127,99.336,0.176
14128,98.878,0.1757
14129,98.34,0.1775
14130,97.883,0.1792
14131,97.522,0.181
14132,97.147,0.1827
14133,96.618,0.1847
14134,95.798,0.1865
14135,94.667,0.1893
14136,93.505,0.1925
14137,92.761,0.1958
14138,92.689,0.2008
14139,93.17,0.2063
14140,93.842,0.2117
14141,94.464,0.2172
14142,95.13,0.2223
14143,95.98,0.2278
14144,96.734,0.2328
14145,96.783,0.2377
14146,95.784,0.242
14147,94.065,0.2485
14148,92.416,0.2532
14149,91.525,0.258
14150,91.557,0.2617
14151,92.202,0.265
14152,93.042,0.27
14153,93.834,0.275
14154,94.543,0.2787
14155,95.239,0.2805
14156,95.999,0.2845
14157,96.854,0.2895
14158,97.756,0.294
14159,98.607,0.2975
14160,99.376,0.299
14161,100.146,0.3005
14162,101.011,0.3005
14163,101.95,0.302
14164,102.828,0.302
14165,103.532,0.3023
14166,104.079,0.3025
14167,104.557,0.3027
14168,104.947,0.303
14169,105.099,0.304
14170,104.915,0.3047
14171,104.501,0.3055
14172,104.091,0.306
14173,103.851,0.3065
14174,103.78,0.308
14175,103.782,0.3093
14176,103.781,0.3105
14177,103.761,0.3118
14178,103.783,0.3118
14179,103.933,0.3118
14180,104.104,0.3118
14181,103.961,0.3118
14182,103.372,0.3112
14183,102.727,0.3102
14184,102.626,0.3095
14185,103.264,0.3085
14186,104.141,0.3083
14187,104.427,0.3057
14188,103.702,0.3033
14189,102.24,0.3005
14190,100.605,0.2988
14191,99.205,0.2968
14192,98.261,0.2948
14193,97.932,0.2928
14194,98.218,0.2918
14195,98.87,0.2933
14196,99.52,0.2928
14197,99.917,0.2915
14198,100.062,0.2908
14199,100.133,0.29
14200,100.274,0.29
14201,100.515,0.2908
14202,100.89,0.2918
14203,101.442,0.291
14204,102.152,0.2918
14205,102.94,0.2925
14206,103.66,0.294
14207,104.134,0.2955
14208,104.297,0.2948
14209,104.231,0.2925
14210,104.063,0.2923
14211,103.909,0.2918
14212,103.839,0.2915
14213,103.819,0.291
14214,103.734,0.2905
14215,103.487,0.2898
14216,103.074,0.2893
14217,102.598,0.2888
14218,102.201,0.289
14219,101.978,0.2893
14220,101.918,0.2895
14221,101.928,0.2898
14222,101.932,0.2893
14223,101.939,0.2888
14224,102.012,0.2883
14225,102.175,0.288
14226,102.343,0.287
14227,102.42,0.2863
14228,102.43,0.2855
14229,102.496,0.285
14230,102.67,0.2875
14231,102.832,0.2903
14232,102.808,0.293
14233,102.552,0.2958
14234,102.204,0.2995
14235,101.958,0.3035
14236,101.953,0.3073
14237,102.281,0.3108
14238,102.92,0.314
14239,103.598,0.3172
14240,103.938,0.3207
14241,103.815,0.3202
14242,103.442,0.3213
14243,103.208,0.3223
14244,103.44,0.3233
14245,104.168,0.3243
14246,105.09,0.3253
14247,105.795,0.3263
14248,105.983,0.3295
14249,105.63,0.3327
14250,105.021,0.3357
14251,104.53,0.3387
14252,104.355,0.3417
14253,104.458,0.3448
14254,104.653,0.3475
14255,104.76,0.3505
14256,104.682,0.3535
14257,104.407,0.3565
14258,104.052,0.3578
14259,103.795,0.359
14260,103.702,0.36
14261,103.698,0.361
14262,103.709,0.3638
14263,103.721,0.366
14264,103.721,0.3683
14265,103.658,0.3715
14266,103.511,0.3755
14267,103.352,0.3802
14268,103.287,0.385
14269,103.359,0.3895
14270,103.522,0.3913
14271,103.667,0.3927
14272,103.725,0.3935
14273,103.751,0.3942
14274,103.84,0.3942
14275,103.952,0.394
14276,103.896,0.3942
14277,103.548,0.394
14278,103.053,0.394
14279,102.781,0.3942
14280,103.064,0.3942
14281,103.847,0.397
14282,104.621,0.3995
14283,104.825,0.402
14284,104.308,0.4045
14285,103.384,0.407
14286,102.527,0.4088
14287,102.037,0.4108
14288,101.891,0.4125
14289,101.832,0.4143
14290,101.63,0.413
14291,101.246,0.4117
14292,100.793,0.4105
14293,100.406,0.408
14294,100.115,0.4047
14295,99.801,0.4015
14296,99.317,0.3982
14297,98.679,0.3922
14298,98.098,0.3903
14299,97.787,0.3882
14300,97.783,0.3865
14301,97.945,0.3842
14302,98.109,0.382
14303,98.255,0.3802
14304,98.49,0.3788
14305,98.875,0.3753
14306,99.347,0.3717
14307,99.827,0.3673
14308,100.295,0.3638
14310,101.227,0.3538
14311,101.685,0.3488
14312,102.142,0.3432
14313,102.612,0.3372
14314,103.08,0.3312
14315,103.468,0.3257
14316,103.696,0.3197
14317,103.775,0.3142
14318,103.787,0.3083
14319,103.792,0.302
14320,103.802,0.2968
14321,103.81,0.292
14322,103.815,0.287
14323,103.819,0.282
14324,103.822,0.2777
14325,103.821,0.271
14326,103.814,0.2645
14327,103.804,0.2565
14328,103.803,0.2488
14329,103.795,0.2435
14330,103.731,0.2397
14331,103.568,0.236
14332,103.323,0.2322
14333,103.085,0.229
14334,102.982,0.2255
14335,103.077,0.222
14336,103.314,0.22
14337,103.633,0.2207
14338,104.052,0.2178
14339,104.605,0.2145
14340,105.186,0.2112
14341,105.539,0.2085
14342,105.44,0.2053
14343,104.883,0.2025
14344,104.066,0.1995
14345,103.264,0.1975
14346,102.638,0.1953
14347,102.152,0.193
14348,101.691,0.189
14349,101.222,0.1855
14350,100.839,0.1818
14351,100.692,0.178
14352,100.799,0.1755
14353,100.959,0.1715
14354,100.95,0.1675
14355,100.814,0.163
14356,100.816,0.1585
14357,101.033,0.1537
14358,101.155,0.149
14359,100.815,0.1442
14360,99.994,0.1385
14361,99.046,0.1298
14362,98.396,0.1235
14363,98.162,0.1165
14364,98.094,0.1087
14365,97.899,0.102
14366,97.511,0.0948
14367,97.058,0.0888
14368,96.744,0.0828
14369,96.683,0.0735
14370,96.79,0.0643
14371,96.856,0.0558
14372,96.718,0.0473
14373,96.394,0.0398
14374,96.075,0.0318
14375,95.92,0.0238
14376,95.896,0.0152
14377,95.888,0.004
14378,95.858,-0.0053
14379,95.853,-0.0142
14380,95.942,-0.021
14381,96.117,-0.037
14382,96.291,-0.0527
14383,96.439,-0.0692
14384,96.678,-0.0847
14385,97.135,-0.1002
14386,97.833,-0.111
14387,98.7,-0.1218
14388,99.618,-0.131
14389,100.479,-0.139
14390,101.244,-0.1462
14391,101.934,-0.1535
14392,102.559,-0.16
14393,103.093,-0.1653
14394,103.486,-0.1703
14395,103.703,-0.1752
14396,103.771,-0.1805
14397,103.776,-0.1855
14398,103.77,-0.19
14399,103.7,-0.1943
14400,103.477,-0.1985
14401,103.086,-0.203
14402,102.622,-0.2097
14403,102.223,-0.214
14404,101.987,-0.22
14405,101.934,-0.223
14406,102.019,-0.2258
14407,102.123,-0.2273
14408,102.08,-0.2288
14409,101.824,-0.2295
14410,101.434,-0.2298
14411,101.042,-0.2312
14412,100.735,-0.2328
14413,100.458,-0.2365
14414,100.053,-0.24
14415,99.485,-0.2433
14416,98.922,-0.2475
14417,98.573,-0.249
14418,98.526,-0.2482
14419,98.638,-0.2472
14420,98.576,-0.2485
14421,98.124,-0.2405
14422,97.444,-0.2377
14423,96.954,-0.2322
14424,96.938,-0.228
14425,97.347,-0.223
14426,97.921,-0.2225
14427,98.458,-0.2182
14428,98.932,-0.2195
14429,99.394,-0.2207
14430,99.865,-0.2223
14431,100.343,-0.219
14432,100.834,-0.2165
14433,101.316,-0.2125
14434,101.703,-0.2087
14435,101.91,-0.205
14436,101.946,-0.2005
14437,101.926,-0.196
14438,102.002,-0.1915
14439,102.261,-0.1878
14440,102.618,-0.1855
14441,102.888,-0.18
14442,102.958,-0.1745
14443,102.857,-0.1708
14444,102.681,-0.1638
14445,102.515,-0.1598
14446,102.369,-0.1547
14447,102.19,-0.1512
14448,101.954,-0.1478
14449,101.707,-0.1437
14450,101.518,-0.1403
14451,101.451,-0.1363
14452,101.515,-0.1323
14453,101.628,-0.127
14454,101.643,-0.121
14455,101.423,-0.1153
14456,100.913,-0.1095
14457,100.184,-0.1037
14458,99.408,-0.1015
14459,98.756,-0.0997
14460,98.3,-0.098
14461,98.02,-0.0963
14462,97.852,-0.0897
14463,97.726,-0.0857
14464,97.556,-0.0815
14465,97.24,-0.078
14466,96.743,-0.0723
14467,96.227,-0.0718
14468,96,-0.0678
14469,96.244,-0.0638
14470,96.85,-0.0605
14471,97.525,-0.0617
14472,98.016,-0.0638
14473,98.244,-0.0665
14474,98.296,-0.069
14475,98.35,-0.073
14476,98.559,-0.0772
14477,98.942,-0.0838
14478,99.411,-0.0883
14479,99.885,-0.0922
14480,100.346,-0.0948
14481,100.807,-0.0972
14482,101.272,-0.0997
14483,101.728,-0.1022
14484,102.171,-0.106
14485,102.644,-0.1085
14486,103.198,-0.1123
14487,103.768,-0.1157
14488,104.12,-0.1192
14489,104.054,-0.1247
14490,103.582,-0.1293
14491,102.913,-0.1337
14492,102.323,-0.137
14493,101.992,-0.1403
14494,101.902,-0.143
14495,101.9,-0.146
14496,101.828,-0.149
14497,101.598,-0.1527
14498,101.259,-0.1583
14499,101.003,-0.1635
14500,101.092,-0.1688
14501,101.714,-0.1815
14502,102.779,-0.194
14503,103.942,-0.2065
14504,104.876,-0.219
14505,105.382,-0.223
14506,105.389,-0.2285
14507,105.019,-0.2325
14508,104.546,-0.2352
14509,104.266,-0.238
14510,104.346,-0.24
14511,104.623,-0.2423
14512,104.727,-0.2417
14513,104.488,-0.2423
14514,104.044,-0.243
14515,103.613,-0.2423
14516,103.313,-0.2417
14517,103.154,-0.2393
14518,103.071,-0.2387
14519,102.941,-0.2383
14520,102.681,-0.2373
14521,102.36,-0.2355
14522,102.184,-0.2338
14523,102.362,-0.232
14524,102.881,-0.2305
14525,103.445,-0.2288
14526,103.769,-0.2263
14527,103.846,-0.2238
14528,103.829,-0.2213
14529,103.814,-0.2172
14530,103.812,-0.214
14531,103.811,-0.2107
14532,103.805,-0.2087
14533,103.811,-0.206
14534,103.877,-0.2035
14535,104.03,-0.2008
14536,104.258,-0.198
14537,104.539,-0.1935
14538,104.845,-0.1878
14539,105.133,-0.1827
14540,105.374,-0.1777
14541,105.543,-0.1653
14542,105.622,-0.1522
14543,105.649,-0.1405
14544,105.728,-0.1288
14545,105.957,-0.1255
14546,106.348,-0.123
14547,106.811,-0.12
14548,107.206,-0.117
14549,107.433,-0.1143
14550,107.495,-0.1128
14551,107.479,-0.113
14552,107.46,-0.1153
14553,107.465,-0.1162
14554,107.477,-0.1167
14555,107.421,-0.1172
14556,107.203,-0.117
14557,106.808,-0.1165
14558,106.339,-0.1157
14559,105.923,-0.1177
14560,105.577,-0.1207
14561,105.264,-0.1245
14562,105.076,-0.1285
14563,105.193,-0.1305
14564,105.601,-0.132
14565,105.968,-0.132
14566,105.789,-0.1325
14567,104.79,-0.1318
14568,103.293,-0.1315
14569,101.983,-0.1313
14570,101.315,-0.1345
14571,101.283,-0.1363
14572,101.564,-0.1388
14573,101.825,-0.1412
14574,101.998,-0.144
14575,102.249,-0.1455
14576,102.665,-0.1465
14577,103.073,-0.1485
14578,103.174,-0.1505
14579,102.855,-0.1502
14580,102.333,-0.1525
14581,101.916,-0.1547
14582,101.746,-0.157
14583,101.815,-0.1557
14584,102.07,-0.1545
14585,102.463,-0.1532
14586,102.95,-0.152
14587,103.432,-0.1507
14588,103.795,-0.1495
14589,104.038,-0.147
14590,104.203,-0.1437
14591,104.266,-0.1385
14592,104.182,-0.1332
14593,104.006,-0.1283
14594,103.914,-0.1238
14595,104.074,-0.1187
14596,104.485,-0.1135
14597,104.98,-0.1082
14598,105.316,-0.1032
14599,105.315,-0.095
14600,105.03,-0.0857
14601,104.742,-0.0765
14602,104.778,-0.067
14603,105.335,-0.0593
14604,106.32,-0.054
14605,107.299,-0.05
14606,107.809,-0.046
14607,107.788,-0.0432
14608,107.586,-0.0418
14609,107.576,-0.0403
14610,107.819,-0.0355
14611,108.056,-0.0323
14612,108.033,-0.0282
14613,107.85,-0.0248
14614,107.852,-0.0212
14615,108.173,-0.019
14616,108.587,-0.0172
14617,108.784,-0.014
14618,108.631,-0.0107
14619,108.181,-0.009
14620,107.556,-0.0057
14621,106.86,-0.0025
14622,106.148,0.0028
14623,105.426,0.0057
14624,104.666,0.0087
14625,103.845,0.0107
14626,102.976,0.0128
14627,102.164,0.014
14628,101.598,0.0152
14629,101.391,0.0158
14630,101.467,0.0163
14631,101.693,0.016
14632,101.945,0.0158
14633,102.04,0.0152
14634,101.843,0.0145
14635,101.481,0.0132
14636,101.249,0.011
14637,101.312,0.0087
14638,101.568,0.0047
14639,101.76,0.0003
14640,101.708,-0.0047
14641,101.467,-0.0097
14642,101.198,-0.0152
14643,101.013,-0.021
14644,101.031,-0.0248
14645,101.376,-0.028
14646,101.999,-0.0323
14647,102.588,-0.0365
14648,102.821,-0.039
14649,102.706,-0.0415
14650,102.57,-0.0438
14651,102.7,-0.046
14652,103.08,-0.0483
14653,103.466,-0.05
14654,103.621,-0.0513
14655,103.521,-0.0525
14656,103.346,-0.0562
14657,103.271,-0.0615
14658,103.291,-0.066
14659,103.254,-0.0718
14660,103.04,-0.0765
14661,102.713,-0.0813
14662,102.472,-0.0865
14663,102.465,-0.0917
14664,102.686,-0.097
14665,103.015,-0.1012
14666,103.346,-0.1065
14667,103.622,-0.1115
14668,103.734,-0.1165
14669,103.51,-0.1235
14670,102.887,-0.1305
14671,102.001,-0.1365
14672,101.042,-0.1425
14673,100.097,-0.1483
14674,99.143,-0.1547
14675,98.179,-0.1613
14676,97.394,-0.1677
14677,97.087,-0.1742
14678,97.304,-0.1795
14679,97.69,-0.1852
14680,97.795,-0.1908
14681,97.422,-0.1962
14682,96.669,-0.2005
14683,95.792,-0.2053
14684,94.996,-0.21
14685,94.353,-0.2152
14686,93.851,-0.2195
14687,93.378,-0.2238
14688,92.691,-0.2288
14689,91.647,-0.2335
14690,90.499,-0.2385
14691,89.774,-0.2435
14692,89.83,-0.2477
14693,90.585,-0.2518
14694,91.634,-0.256
14695,92.592,-0.2605
14696,93.322,-0.2625
14697,93.869,-0.2647
14698,94.265,-0.2682
14699,94.485,-0.2705
14700,94.536,-0.2722
14701,94.508,-0.274
14702,94.538,-0.2755
14703,94.807,-0.277
14704,95.523,-0.2795
14705,96.786,-0.282
14706,98.407,-0.284
14707,99.933,-0.2863
14708,100.98,-0.286
14709,101.496,-0.2838
14710,101.81,-0.2835
14711,102.408,-0.2838
14712,103.54,-0.284
14713,105.038,-0.2838
14714,106.496,-0.2835
14715,107.529,-0.2833
14716,107.962,-0.283
14717,107.864,-0.283
14718,107.416,-0.2835
14719,106.832,-0.2835
14720,106.362,-0.2838
14721,106.21,-0.284
14722,106.429,-0.2838
14723,106.867,-0.2833
14724,107.217,-0.282
14725,107.22,-0.282
14726,106.856,-0.2812
14727,106.354,-0.2805
14728,106.077,-0.279
14729,106.322,-0.2777
14730,107.081,-0.2795
14731,107.995,-0.281
14732,108.59,-0.2833
14733,108.568,-0.2858
14734,107.98,-0.2895
14735,107.157,-0.293
14736,106.422,-0.2965
14737,105.87,-0.2998
14738,105.439,-0.3025
14739,105.062,-0.3047
14740,104.619,-0.3075
14741,103.945,-0.3067
14742,102.988,-0.3085
14743,101.861,-0.3102
14744,100.812,-0.311
14745,100.175,-0.3118
14746,100.109,-0.3122
14747,100.38,-0.3125
14748,100.625,-0.3152
14749,100.654,-0.3182
14750,100.495,-0.3213
14751,100.338,-0.3245
14752,100.303,-0.3277
14753,100.237,-0.331
14754,99.935,-0.3335
14755,99.392,-0.3362
14756,98.739,-0.339
14757,98.105,-0.3415
14758,97.545,-0.3425
14759,97.056,-0.3438
14760,96.663,-0.344
14761,96.424,-0.3425
14762,96.362,-0.3422
14763,96.48,-0.3432
14764,96.745,-0.3448
14765,96.953,-0.3465
14766,96.813,-0.3488
14767,96.203,-0.3515
14768,95.233,-0.3543
14769,94.154,-0.3545
14770,93.207,-0.3518
14771,92.439,-0.3493
14772,91.786,-0.3485
14773,91.268,-0.3475
14774,90.947,-0.3455
14775,90.875,-0.3435
14776,91.144,-0.341
14777,91.777,-0.3382
14778,92.583,-0.3355
14779,93.277,-0.3332
14780,93.714,-0.332
14781,93.988,-0.3342
14782,94.358,-0.3357
14783,95.009,-0.3357
14784,95.884,-0.3372
14785,96.773,-0.3387
14786,97.562,-0.3402
14787,98.323,-0.3417
14788,99.17,-0.3432
14789,100.09,-0.3448
14790,100.953,-0.3443
14791,101.642,-0.3425
14792,102.173,-0.3417
14793,102.666,-0.3397
14794,103.167,-0.3375
14795,103.512,-0.335
14796,103.451,-0.3327
14797,102.945,-0.3282
14798,102.266,-0.326
14799,101.763,-0.3235
14800,101.59,-0.3225
14801,101.626,-0.3215
14802,101.638,-0.3205
14803,101.544,-0.318
14804,101.46,-0.316
14805,101.509,-0.3122
14806,101.655,-0.3087
14807,101.742,-0.305
14808,101.677,-0.302
14810,101.389,-0.3
14811,101.235,-0.299
14812,101.075,-0.2952
14813,100.986,-0.2918
14814,101.058,-0.2883
14815,101.297,-0.2848
14816,101.532,-0.282
14817,101.53,-0.2795
14818,101.293,-0.2767
14819,101.073,-0.2737
14820,101.078,-0.27
14821,101.264,-0.2662
14822,101.371,-0.2625
14823,101.14,-0.2603
14824,100.521,-0.2575
14825,99.707,-0.2545
14826,98.979,-0.2512
14827,98.568,-0.2467
14828,98.561,-0.2417
14829,98.825,-0.239
14830,99.079,-0.2363
14831,99.113,-0.2345
14832,98.891,-0.2318
14833,98.436,-0.23
14834,97.753,-0.228
14835,96.894,-0.226
14836,96.019,-0.2238
14837,95.296,-0.2238
14838,94.769,-0.2223
14839,94.348,-0.2205
14840,93.94,-0.2188
14841,93.606,-0.2188
14842,93.588,-0.2188
14843,94.076,-0.2193
14844,95.004,-0.2193
14845,96.139,-0.2197
14846,97.239,-0.2203
14847,98.158,-0.2205
14848,98.939,-0.2195
14849,99.782,-0.219
14850,100.825,-0.2185
14851,102.003,-0.218
14852,103.118,-0.2182
14853,104,-0.2172
14854,104.602,-0.2162
14855,104.927,-0.2152
14856,104.902,-0.214
14857,104.418,-0.2125
14858,103.527,-0.2105
14859,102.517,-0.2087
14860,101.726,-0.2067
14861,101.333,-0.2045
14862,101.278,-0.2022
14863,101.342,-0.199
14864,101.312,-0.1948
14865,101.025,-0.1898
14866,100.279,-0.1847
14867,99.026,-0.1808
14868,97.727,-0.1785
14869,97.157,-0.1733
14870,97.612,-0.168
14871,98.521,-0.1628
14872,98.963,-0.1575
14873,98.535,-0.1535
14874,97.674,-0.1497
14875,97.159,-0.146
14876,97.319,-0.1422
14877,97.854,-0.1358
14878,98.414,-0.1305
14879,99.048,-0.1255
14880,99.979,-0.12
14881,101.185,-0.1087
14882,102.378,-0.0975
14883,103.261,-0.0855
14884,103.718,-0.0737
14885,103.839,-0.0622
14886,103.818,-0.055
14887,103.807,-0.0475
14888,103.876,-0.0423
14889,104.038,-0.0372
14890,104.271,-0.033
14891,104.544,-0.0287
14892,104.858,-0.0248
14893,105.302,-0.022
14894,106.006,-0.0195
14895,106.958,-0.017
14896,107.967,-0.0145
14897,108.825,-0.0125
14898,109.448,-0.0112
14899,109.913,-0.0103
14900,110.316,-0.0092
14901,110.584,-0.0083
14902,110.566,-0.0073
14903,110.259,-0.0092
14904,109.829,-0.0095
14905,109.485,-0.0107
14906,109.342,-0.012
14907,109.356,-0.0148
14908,109.389,-0.016
14909,109.261,-0.018
14910,108.814,-0.0192
14911,108.001,-0.02
14912,106.902,-0.0208
14913,105.726,-0.021
14914,104.766,-0.0212
14915,104.159,-0.0217
14916,103.762,-0.0225
14917,103.385,-0.026
14918,102.997,-0.028
14919,102.731,-0.0302
14920,102.751,-0.0328
14921,103.001,-0.041
14922,103.164,-0.0478
14923,103.01,-0.0548
14924,102.698,-0.0612
14925,102.611,-0.068
14926,102.956,-0.0705
14927,103.545,-0.0732
14928,103.951,-0.0762
14929,103.878,-0.079
14930,103.406,-0.0815
14931,102.87,-0.084
14932,102.604,-0.0867
14933,102.83,-0.09
14934,103.61,-0.093
14935,104.692,-0.096
14936,105.544,-0.0997
14937,105.649,-0.1032
14938,104.886,-0.1068
14939,103.661,-0.1095
14940,102.566,-0.113
14941,101.914,-0.1167
14942,101.688,-0.1205
14943,101.787,-0.1223
14944,102.1,-0.1258
14945,102.434,-0.1295
14946,102.598,-0.1342
14947,102.569,-0.1378
14948,102.531,-0.1412
14949,102.651,-0.1447
14950,102.853,-0.149
14951,102.923,-0.1537
14952,102.72,-0.1585
14953,102.131,-0.1633
14954,101.072,-0.168
14955,99.767,-0.1725
14956,98.802,-0.1767
14957,98.726,-0.1808
14958,99.667,-0.185
14959,101.214,-0.189
14960,102.614,-0.1928
14961,103.275,-0.1965
14962,103.079,-0.2
14963,102.286,-0.2027
14964,101.41,-0.206
14965,101.071,-0.2087
14966,101.572,-0.212
14967,102.63,-0.2145
14968,103.632,-0.215
14969,104.107,-0.2155
14970,104.007,-0.2155
14971,103.642,-0.2152
14972,103.378,-0.214
14973,103.367,-0.2105
14974,103.525,-0.207
14975,103.701,-0.2033
14976,103.872,-0.199
14977,104.13,-0.1948
14978,104.461,-0.1905
14979,104.691,-0.1867
14980,104.659,-0.182
14981,104.38,-0.1772
14982,104.034,-0.1725
14983,103.8,-0.1677
14984,103.685,-0.163
14985,103.545,-0.1568
14986,103.244,-0.1507
14987,102.778,-0.1447
14988,102.333,-0.139
14989,102.169,-0.1318
14990,102.39,-0.124
14991,102.879,-0.118
14992,103.387,-0.1133
14993,103.7,-0.1077
14994,103.798,-0.1027
14995,103.778,-0.0978
14996,103.68,-0.0932
14997,103.513,-0.0883
14998,103.345,-0.0825
14999,103.226,-0.0767
15000,103.11,-0.071
15001,102.919,-0.058
15002,102.626,-0.0467
15003,102.299,-0.036
15004,102.06,-0.0253
15005,101.976,-0.0225
15006,102.052,-0.0192
15007,102.288,-0.0168
15008,102.615,-0.0142
15009,102.866,-0.0118
15010,102.881,-0.0092
15011,102.568,-0.007
15012,101.901,-0.0073
15013,101.003,-0.0085
15014,100.228,-0.0097
15015,100.027,-0.0112
15016,100.614,-0.0125
15017,101.756,-0.014
15018,102.923,-0.015
15019,103.72,-0.016
15020,104.185,-0.0172
15021,104.587,-0.0192
15022,105.041,-0.0215
15023,105.449,-0.024
15024,105.66,-0.0265
15025,105.557,-0.0302
15026,105.124,-0.0328
15027,104.516,-0.0353
15028,104.025,-0.038
15029,103.938,-0.0423
15030,104.37,-0.0473
15031,105.178,-0.05
15032,106.069,-0.0515
15033,106.8,-0.0537
15034,107.202,-0.0558
15035,107.125,-0.0578
15036,106.56,-0.0593
15037,105.747,-0.0625
15038,105.027,-0.0663
15039,104.585,-0.0695
15040,104.329,-0.0727
15041,103.968,-0.0833
15042,103.257,-0.0938
15043,102.281,-0.1032
15044,101.425,-0.1125
15045,101.015,-0.1138
15046,101.095,-0.1153
15047,101.455,-0.1175
15048,101.795,-0.1197
15049,101.937,-0.122
15050,101.945,-0.1242
15051,102.003,-0.1247
15052,102.219,-0.1233
15053,102.545,-0.1225
15054,102.86,-0.1218
15055,103.095,-0.121
15056,103.259,-0.121
15057,103.401,-0.1207
15058,103.558,-0.121
15059,103.699,-0.1215
15060,103.759,-0.1215
15061,103.689,-0.1207
15062,103.455,-0.1197
15063,103.06,-0.1182
15064,102.596,-0.1172
15065,102.205,-0.1185
15066,101.982,-0.1197
15067,101.933,-0.1202
15068,102.021,-0.12
15069,102.193,-0.1197
15070,102.353,-0.1192
15071,102.415,-0.1192
15072,102.415,-0.1185
15073,102.475,-0.1177
15074,102.649,-0.1167
15075,102.824,-0.1157
15076,102.824,-0.1153
15077,102.595,-0.1138
15078,102.268,-0.1123
15079,102.019,-0.1113
15080,101.914,-0.1108
15081,101.955,-0.1108
15082,102.171,-0.1108
15083,102.566,-0.112
15084,103.047,-0.1135
15085,103.462,-0.115
15086,103.705,-0.1165
15087,103.79,-0.1177
15088,103.791,-0.119
15089,103.709,-0.1202
15090,103.484,-0.1215
15091,103.145,-0.1247
15092,102.817,-0.1283
15093,102.663,-0.1315
15094,102.814,-0.1348
15095,103.249,-0.138
15096,103.761,-0.1407
15097,104.103,-0.1435
15098,104.063,-0.1462
15099,103.577,-0.1485
15100,102.836,-0.152
15101,102.133,-0.1555
15102,101.633,-0.159
15103,101.345,-0.163
15104,101.122,-0.1648
15105,100.756,-0.1643
15106,100.2,-0.164
15107,99.649,-0.1643
15108,99.383,-0.1653
15109,99.579,-0.1662
15110,100.243,-0.1672
15111,101.188,-0.1683
15112,102.077,-0.1688
15113,102.634,-0.169
15114,102.837,-0.1695
15115,102.917,-0.17
15116,103.193,-0.17
15117,103.818,-0.1713
15118,104.623,-0.1725
15119,105.282,-0.174
15120,105.606,-0.1755
15121,105.613,-0.1765
15122,105.378,-0.1792
15123,104.971,-0.182
15124,104.498,-0.1847
15125,104.079,-0.1867
15126,103.742,-0.1885
15127,103.421,-0.19
15128,103.101,-0.1915
15129,102.885,-0.1938
15130,102.84,-0.196
15131,102.868,-0.1975
15132,102.799,-0.1988
15133,102.629,-0.2002
15134,102.616,-0.2015
15135,103.033,-0.2027
15136,103.77,-0.2037
15137,104.348,-0.2047
15138,104.359,-0.2057
15139,103.84,-0.2065
15140,103.168,-0.2065
15141,102.69,-0.2065
15142,102.456,-0.2057
15143,102.276,-0.2047
15144,101.985,-0.2055
15145,101.598,-0.207
15146,101.197,-0.2063
15147,100.831,-0.2057
15148,100.582,-0.205
15149,100.563,-0.2043
15150,100.815,-0.203
15151,101.248,-0.2018
15152,101.67,-0.2018
15153,101.922,-0.202
15154,102.005,-0.2012
15155,102.082,-0.2005
15156,102.3,-0.1998
15157,102.623,-0.1978
15158,102.864,-0.196
15159,102.84,-0.193
15160,102.507,-0.1895
15161,102.072,-0.186
15162,101.888,-0.1808
15163,102.136,-0.1755
15164,102.693,-0.1703
15165,103.286,-0.1657
15166,103.684,-0.1605
15167,103.823,-0.155
15168,103.813,-0.1492
15169,103.78,-0.1427
15170,103.766,-0.136
15171,103.751,-0.1303
15172,103.688,-0.125
15173,103.544,-0.1197
15174,103.32,-0.1148
15175,103.034,-0.1095
15176,102.72,-0.1043
15177,102.424,-0.099
15178,102.182,-0.0938
15179,102.012,-0.0885
15180,101.937,-0.0833
15181,101.993,-0.078
15182,102.22,-0.0735
15183,102.61,-0.0685
15184,103.071,-0.0635
15185,103.464,-0.0578
15186,103.692,-0.054
15187,103.763,-0.0498
15188,103.762,-0.0447
15189,103.765,-0.0398
15190,103.77,-0.0353
15191,103.694,-0.0307
15192,103.462,-0.0272
15193,103.136,-0.0238
15194,102.891,-0.021
15195,102.816,-0.018
15196,102.839,-0.0148
15197,102.86,-0.0115
15198,102.857,-0.008
15199,102.863,-0.0055
15200,102.872,-0.0035
15201,102.796,-0.0015
15202,102.563,-0.0003
15203,102.254,0.001
15204,102.035,0.0035
15205,101.967,0.006
15206,101.979,0.0077
15207,101.987,0.0095
15208,101.916,0.0107
15209,101.681,0.012
15210,101.212,0.013
15211,100.512,0.0142
15212,99.706,0.016
15213,99.011,0.0175
15214,98.628,0.019
15215,98.585,0.02
15216,98.646,0.0212
15217,98.42,0.0225
15218,97.638,0.0238
15219,96.407,0.0245
15220,95.172,0.0255
15221,94.376,0.0265
15222,94.136,0.0272
15223,94.247,0.0275
15224,94.415,0.0272
15225,94.495,0.0278
15226,94.563,0.0285
15227,94.774,0.0287
15228,95.233,0.0282
15229,95.993,0.0278
15230,97.089,0.027
15231,98.493,0.026
15232,100.073,0.026
15233,101.579,0.026
15234,102.75,0.026
15235,103.513,0.0258
15236,104.03,0.0253
15237,104.562,0.025
15238,105.269,0.025
15239,106.07,0.0245
15240,106.708,0.0245
15241,106.962,0.0245
15242,106.782,0.0255
15243,106.215,0.0267
15244,105.344,0.0267
15245,104.311,0.0267
15246,103.296,0.0262
15247,102.426,0.0258
15248,101.735,0.0258
15249,101.185,0.0258
15250,100.766,0.0262
15251,100.615,0.0265
15252,100.937,0.0265
15253,101.745,0.0265
15254,102.747,0.0265
15255,103.549,0.0265
15256,103.884,0.0262
15257,103.709,0.026
15258,103.203,0.0258
15259,102.636,0.0253
15260,102.217,0.0245
15261,102.059,0.0222
15262,102.145,0.0202
15263,102.328,0.019
15264,102.497,0.0182
15265,102.67,0.0168
15266,102.894,0.015
15267,103.138,0.0135
15268,103.302,0.012
15269,103.27,0.0085
15270,103.04,0.005
15271,102.788,0.002
15272,102.703,0.0005
15273,102.793,-0.001
15274,102.951,-0.0025
15275,103.108,-0.0043
15276,103.244,-0.0065
15277,103.379,-0.0092
15278,103.53,-0.0123
15279,103.666,-0.0148
15280,103.81,-0.0158
15281,104.12,-0.0168
15282,104.692,-0.018
15283,105.354,-0.0217
15284,105.786,-0.0235
15285,105.811,-0.0253
15286,105.546,-0.0265
15287,105.24,-0.0278
15288,104.987,-0.029
15289,104.678,-0.0295
15290,104.199,-0.0315
15291,103.619,-0.034
15292,103.15,-0.0358
15293,102.965,-0.037
15294,103.058,-0.0382
15295,103.294,-0.0393
15296,103.535,-0.0405
15297,103.704,-0.041
15298,103.785,-0.0423
15299,103.815,-0.0432
15300,103.83,-0.0438
15301,103.833,-0.0427
15302,103.823,-0.042
15303,103.796,-0.042
15304,103.716,-0.042
15305,103.552,-0.0423
15306,103.321,-0.0425
15307,103.107,-0.043
15308,103.011,-0.0435
15309,103.033,-0.042
15310,103.032,-0.0403
15311,102.881,-0.0387
15312,102.585,-0.0385
15313,102.249,-0.0382
15314,102.014,-0.038
15315,101.988,-0.0375
15316,102.229,-0.0362
15317,102.723,-0.035
15318,103.294,-0.0338
15319,103.639,-0.0325
15320,103.598,-0.0328
15321,103.326,-0.033
15322,103.127,-0.0333
15323,103.191,-0.0312
15324,103.446,-0.0312
15325,103.677,-0.0305
15326,103.77,-0.0298
15327,103.784,-0.029
15328,103.776,-0.029
15329,103.707,-0.0295
15330,103.554,-0.029
15331,103.402,-0.0275
15332,103.334,-0.0265
15333,103.264,-0.0255
15334,102.96,-0.0245
15335,102.305,-0.0235
15336,101.49,-0.0222
15337,100.917,-0.0217
15338,100.865,-0.0205
15339,101.3,-0.0192
15340,101.958,-0.018
15341,102.539,-0.0168
15342,102.842,-0.0152
15343,102.829,-0.0138
15344,102.64,-0.0125
15345,102.529,-0.011
15346,102.683,-0.0095
15347,103.059,-0.008
15348,103.464,-0.0063
15349,103.779,-0.0045
15350,104.017,-0.0028
15351,104.198,-0.001
15352,104.259,0.0003
15353,104.112,0.0015
15354,103.778,0.0028
15355,103.449,0.0043
15356,103.298,0.0053
15357,103.288,0.0065
15358,103.226,0.0077
15359,102.969,0.009
15360,102.569,0.0103
15361,102.249,0.0112
15362,102.194,0.0123
15363,102.393,0.0132
15364,102.718,0.0142
15365,103.058,0.0145
15366,103.354,0.0148
15367,103.586,0.015
15368,103.739,0.0163
15369,103.803,0.0172
15370,103.816,0.0182
15371,103.832,0.0192
15372,103.853,0.0198
15373,103.798,0.0202
15374,103.567,0.0208
15375,103.145,0.0215
15376,102.641,0.0222
15377,102.214,0.0227
15378,101.973,0.0232
15379,101.905,0.0248
15380,101.917,0.0255
15381,101.93,0.0262
15383,101.914,0.0278
15384,101.985,0.0285
15385,102.214,0.0295
15386,102.555,0.0305
15387,102.81,0.0312
15388,102.766,0.0315
15389,102.372,0.032
15390,101.794,0.0325
15391,101.302,0.0342
15392,101.1,0.0358
15393,101.261,0.0375
15394,101.74,0.0393
15395,102.401,0.0408
15396,103.051,0.041
15397,103.52,0.0415
15398,103.75,0.042
15399,103.807,0.0425
15400,103.799,0.0425
15401,103.79,0.0427
15402,103.787,0.043
15403,103.784,0.0445
15404,103.779,0.0447
15405,103.775,0.045
15406,103.779,0.0452
15407,103.78,0.0455
15408,103.711,0.0445
15409,103.486,0.0435
15410,103.092,0.0425
15411,102.623,0.0415
15412,102.219,0.0405
15413,101.999,0.0393
15414,102.008,0.038
15415,102.179,0.0365
15416,102.366,0.0353
15417,102.445,0.0342
15418,102.376,0.0333
15419,102.209,0.0312
15420,102.051,0.0293
15421,101.974,0.0272
15422,101.975,0.0238
15423,102.048,0.0202
15424,102.209,0.0168
15425,102.437,0.013
15426,102.652,0.0092
15427,102.745,0.0057
15428,102.639,0.005
15429,102.333,0.004
15430,101.94,0.003
15431,101.668,0.0008
15432,101.684,-0.0008
15433,101.992,-0.0025
15434,102.47,-0.0043
15435,102.953,-0.006
15436,103.321,-0.006
15437,103.563,-0.0063
15438,103.712,-0.0065
15439,103.778,-0.0067
15440,103.788,-0.0063
15441,103.79,-0.0057
15442,103.788,-0.0053
15443,103.714,-0.006
15444,103.485,-0.005
15445,103.093,-0.004
15446,102.635,-0.003
15447,102.252,-0.002
15448,102.038,-0.0003
15449,101.977,0.001
15450,101.984,0.0047
15451,101.994,0.0085
15452,101.994,0.0125
15453,101.993,0.0165
15454,101.995,0.019
15455,101.998,0.0212
15456,102.002,0.0232
15457,102.008,0.025
15458,102.014,0.0267
15459,102.019,0.0287
15460,102.022,0.0318
15461,102.021,0.0347
15462,102.019,0.0382
15463,102.013,0.041
15464,102.001,0.044
15465,101.995,0.0452
15466,102.059,0.0465
15467,102.276,0.0483
15468,102.656,0.0462
15469,103.109,0.0443
15470,103.481,0.0423
15471,103.63,0.0403
15472,103.537,0.0385
15473,103.319,0.035
15474,103.095,0.0315
15475,102.839,0.0293
15476,102.472,0.0267
15477,102.1,0.0243
15478,102.004,0.0217
15479,102.367,0.0192
15480,103.095,0.016
15481,103.8,0.013
15482,104.027,0.01
15483,103.687,0.007
15484,103.131,0.0037
15485,102.752,-0.0005
15486,102.694,-0.0043
15487,102.867,-0.008
15488,103.09,-0.011
15489,103.257,-0.0135
15490,103.398,-0.019
15491,103.567,-0.023
15492,103.725,-0.0262
15493,103.808,-0.0307
15494,103.82,-0.0335
15495,103.803,-0.036
15496,103.797,-0.038
15497,103.873,-0.0398
15498,104.101,-0.0418
15499,104.426,-0.044
15500,104.665,-0.047
15501,104.659,-0.0503
15502,104.398,-0.0527
15503,104.054,-0.0548
15504,103.888,-0.056
15505,104.052,-0.0555
15506,104.49,-0.055
15507,105.004,-0.0553
15508,105.355,-0.054
15509,105.348,-0.0527
15510,104.933,-0.0515
15511,104.221,-0.0503
15512,103.419,-0.0498
15513,102.708,-0.0475
15514,102.16,-0.0452
15515,101.752,-0.0443
15516,101.433,-0.0425
15517,101.197,-0.0408
15518,101.102,-0.0395
15519,101.2,-0.0382
15520,101.436,-0.037
15521,101.69,-0.036
15522,101.857,-0.035
15523,101.927,-0.0335
15524,102.012,-0.0323
15525,102.237,-0.03
15526,102.558,-0.0287
15527,102.807,-0.0275
15528,102.906,-0.027
15529,102.903,-0.0265
15530,102.78,-0.025
15531,102.396,-0.0255
15532,101.643,-0.0267
15533,100.661,-0.0267
15534,99.892,-0.027
15535,99.77,-0.0275
15536,100.29,-0.0282
15537,101.051,-0.029
15538,101.651,-0.0295
15539,101.948,-0.0298
15540,102.082,-0.0298
15541,102.272,-0.0295
15542,102.552,-0.029
15543,102.773,-0.0282
15544,102.84,-0.0285
15545,102.831,-0.0287
15546,102.91,-0.029
15547,103.165,-0.0287
15548,103.493,-0.0285
15549,103.65,-0.0275
15550,103.505,-0.0265
15551,103.165,-0.0255
15552,102.834,-0.0248
15553,102.67,-0.024
15554,102.745,-0.0232
15555,103.015,-0.0225
15556,103.345,-0.023
15557,103.61,-0.0235
15558,103.698,-0.0235
15559,103.517,-0.0235
15560,103.098,-0.023
15561,102.599,-0.0225
15562,102.19,-0.022
15563,101.97,-0.0222
15564,101.906,-0.0222
15565,101.833,-0.0217
15566,101.627,-0.0198
15567,101.385,-0.0185
15568,101.319,-0.018
15569,101.511,-0.0175
15570,101.848,-0.0175
15571,102.109,-0.017
15572,102.099,-0.0165
15573,101.76,-0.016
15574,101.128,-0.0155
15575,100.313,-0.0148
15576,99.562,-0.0142
15577,99.18,-0.0135
15578,99.325,-0.0128
15579,99.903,-0.0123
15580,100.634,-0.012
15581,101.249,-0.0112
15582,101.644,-0.0105
15583,101.858,-0.01
15584,102.001,-0.0092
15585,102.166,-0.0085
15586,102.332,-0.0065
15587,102.419,-0.0047
15588,102.423,-0.0047
15589,102.411,-0.0055
15590,102.421,-0.0055
15591,102.421,-0.0055
15592,102.36,-0.005
15593,102.28,-0.0063
15594,102.285,-0.007
15595,102.379,-0.0075
15596,102.437,-0.0075
15597,102.375,-0.0075
15598,102.267,-0.0083
15599,102.255,-0.0087
15600,102.41,-0.0092
15601,102.694,-0.0097
15602,103.023,-0.0103
15603,103.327,-0.0103
15604,103.571,-0.0105
15605,103.729,-0.0112
15606,103.793,-0.013
15607,103.796,-0.0142
15608,103.788,-0.0148
15609,103.783,-0.0152
15610,103.776,-0.0155
15611,103.764,-0.0158
15612,103.756,-0.016
15613,103.747,-0.0163
15614,103.674,-0.0163
15615,103.454,-0.0163
15616,103.075,-0.0163
15617,102.628,-0.0165
15618,102.252,-0.0165
15619,102.041,-0.0163
15620,101.983,-0.016
15621,101.992,-0.0165
15622,102.002,-0.0168
15623,102.003,-0.0168
15624,102.003,-0.0168
15625,101.997,-0.0168
15626,102,-0.018
15627,102.083,-0.0187
15628,102.293,-0.018
15629,102.535,-0.0172
15630,102.675,-0.0178
15631,102.719,-0.0195
15632,102.792,-0.0212
15633,102.999,-0.0212
15634,103.334,-0.0217
15635,103.646,-0.0215
15636,103.798,-0.0202
15637,103.823,-0.019
15638,103.805,-0.017
15639,103.73,-0.0158
15640,103.57,-0.0155
15641,103.395,-0.0138
15642,103.315,-0.012
15643,103.376,-0.0105
15644,103.538,-0.009
15645,103.694,-0.0085
15646,103.772,-0.0067
15647,103.794,-0.0047
15648,103.796,-0.0028
15649,103.731,-0.0008
15650,103.512,0.0003
15651,103.095,0.001
15652,102.561,0.0015
15653,102.141,0.002
15654,102.04,0.004
15655,102.226,0.006
15656,102.52,0.008
15657,102.782,0.009
15658,102.913,0.0097
15659,102.914,0.0118
15660,102.915,0.014
15661,102.981,0.0165
15662,103.011,0.0187
15663,102.862,0.021
15664,102.472,0.024
15665,101.938,0.027
15666,101.53,0.03
15667,101.47,0.0325
15668,101.731,0.036
15669,102.106,0.0395
15670,102.388,0.043
15671,102.476,0.0478
15672,102.341,0.053
15673,102.03,0.059
15674,101.642,0.0643
15675,101.199,0.0685
15676,100.633,0.0718
15677,99.925,0.075
15678,99.109,0.0793
15679,98.223,0.0838
15680,97.346,0.0892
15681,96.609,0.0927
15682,96.134,0.0963
15683,95.991,0.1005
15684,96.096,0.1048
15685,96.186,0.11
15686,96.054,0.1133
15687,95.748,0.1162
15688,95.438,0.1202
15689,95.21,0.1242
15690,95.057,0.129
15691,94.988,0.134
15692,95.038,0.1395
15693,95.196,0.145
15694,95.364,0.1488
15695,95.441,0.1525
15696,95.456,0.1562
15697,95.551,0.161
15698,95.798,0.1662
15699,96.08,0.17
15700,96.277,0.1735
15701,96.605,0.1755
15702,97.494,0.1785
15703,99.088,0.1818
15704,101.079,0.1842
15705,102.958,0.1867
15706,104.282,0.1893
15707,104.885,0.1925
15708,104.937,0.1945
15709,104.772,0.1965
15710,104.666,0.199
15711,104.756,0.2015
15712,105.019,0.2033
15713,105.276,0.2043
15714,105.373,0.205
15715,105.336,0.2077
15716,105.259,0.2103
15717,105.158,0.2127
15718,104.996,0.2142
15719,104.648,0.2152
15720,103.992,0.216
15721,103.13,0.2172
15722,102.348,0.2185
15723,101.872,0.2182
15724,101.689,0.218
15725,101.551,0.2178
15726,101.227,0.218
15727,100.764,0.219
15728,100.424,0.219
15729,100.428,0.219
15730,100.775,0.219
15731,101.273,0.219
15732,101.696,0.219
15733,101.926,0.219
15734,101.983,0.219
15735,101.968,0.219
15736,101.954,0.2193
15737,101.949,0.219
15738,101.957,0.2182
15739,102.042,0.217
15740,102.274,0.2158
15741,102.6,0.216
15742,102.839,0.2152
15743,102.832,0.2145
15744,102.594,0.2137
15745,102.346,0.213
15746,102.341,0.2122
15747,102.58,0.211
15748,102.813,0.2097
15749,102.812,0.2087
15750,102.563,0.2077
15751,102.231,0.207
15752,102.005,0.2065
15753,101.939,0.206
15754,101.958,0.2065
15755,101.979,0.2055
15756,101.978,0.2047
15757,101.959,0.204
15758,101.949,0.2035
15759,102.017,0.2043
15760,102.247,0.2053
15761,102.645,0.2063
15762,103.114,0.2073
15763,103.493,0.2095
15764,103.645,0.2117
15765,103.555,0.214
15766,103.317,0.2168
15767,103.019,0.2193
15768,102.704,0.2217
15769,102.411,0.2243
15770,102.168,0.2275
15771,101.997,0.2302
15772,101.93,0.2328
15773,101.992,0.2363
15774,102.159,0.2397
15775,102.338,0.244
15776,102.42,0.248
15777,102.356,0.2527
15778,102.19,0.2575
15779,102.033,0.263
15780,101.96,0.268
15781,101.955,0.273
15782,101.968,0.278
15783,101.956,0.284
15784,101.868,0.2895
15785,101.688,0.295
15786,101.518,0.3005
15787,101.524,0.3063
15788,101.781,0.3122
15789,102.202,0.317
15790,102.591,0.323
15791,102.822,0.3282
15792,102.954,0.3335
15793,103.105,0.3385
15794,103.248,0.3435
15795,103.247,0.348
15796,103.083,0.3535
15797,102.921,0.3583
15798,102.918,0.3628
15799,103.017,0.3668
15800,103.035,0.371
15801,102.929,0.3753
15802,102.865,0.3795
15803,103,0.3835
15804,103.246,0.3872
15805,103.33,0.3913
15806,103.155,0.395
15807,102.944,0.3982
15808,102.944,0.401
15809,103.115,0.4038
15810,103.222,0.4058
15811,103.118,0.4078
15812,102.872,0.4097
15813,102.635,0.4108
15814,102.47,0.4117
15815,102.326,0.4113
15816,102.144,0.4108
15817,102.014,0.41
15818,102.096,0.4113
15819,102.348,0.412
15820,102.466,0.4133
15821,102.179,0.4145
15822,101.511,0.4157
15823,100.808,0.413
15824,100.561,0.4108
15825,101.002,0.4078
15826,101.895,0.405
15827,102.808,0.4015
15828,103.448,0.398
15829,103.739,0.3955
15830,103.732,0.3917
15831,103.496,0.387
15832,103.091,0.3825
15833,102.63,0.378
15834,102.314,0.3735
15835,102.309,0.3678
15836,102.558,0.361
15837,102.802,0.3553
15838,102.816,0.3495
15839,102.566,0.3435
15840,102.224,0.3372
15841,102.058,0.331
15842,102.21,0.3257
15843,102.558,0.3205
15844,102.839,0.314
15845,102.84,0.3073
15846,102.5,0.3003
15847,101.988,0.294
15848,101.636,0.2875
15849,101.64,0.281
15850,101.9,0.2742
15851,102.173,0.2692
15852,102.272,0.2625
15853,102.161,0.2557
15854,101.974,0.249
15855,101.894,0.2427
15856,102.043,0.238
15857,102.404,0.2312
15858,102.768,0.2225
15859,102.832,0.214
15860,102.431,0.2067
15861,101.725,0.1995
15862,101.151,0.191
15863,101.067,0.1852
15864,101.466,0.1802
15865,102.066,0.1762
15866,102.616,0.172
15867,103.03,0.168
15868,103.338,0.162
15869,103.565,0.156
15870,103.64,0.15
15871,103.464,0.1455
15872,103.057,0.1395
15873,102.566,0.1348
15874,102.162,0.13
15875,101.939,0.1265
15876,101.879,0.1215
15877,101.893,0.1162
15878,101.914,0.111
15879,101.925,0.1055
15880,101.931,0.1002
15881,101.938,0.095
15882,101.947,0.0888
15883,101.962,0.0823
15884,101.979,0.0775
15885,101.993,0.0727
15886,101.984,0.0682
15887,101.891,0.0633
15888,101.643,0.0595
15889,101.237,0.0558
15890,100.769,0.0515
15891,100.375,0.045
15892,100.142,0.0408
15893,100.076,0.0377
15894,100.142,0.0347
15895,100.311,0.032
15896,100.555,0.029
15897,100.845,0.0285
15898,101.162,0.028
15899,101.534,0.0278
15900,102.01,0.0265
15901,102.517,0.0255
15902,102.853,0.0258
15903,102.879,0.0248
15904,102.637,0.0243
15905,102.291,0.0235
15906,101.964,0.0232
15907,101.634,0.023
15908,101.217,0.0255
15909,100.742,0.028
15910,100.346,0.0307
15911,100.123,0.0335
15912,100.002,0.0377
15913,99.818,0.041
15914,99.457,0.045
15915,98.85,0.049
15916,97.949,0.0545
15917,96.869,0.06
15918,95.942,0.0655
15919,95.516,0.0708
15920,95.684,0.076
15921,96.159,0.0813
15922,96.407,0.0865
15923,96.04,0.0917
15924,95.125,0.0965
15925,94.063,0.101
15926,93.211,0.1055
15927,92.676,0.11
15928,92.323,0.1135
15929,91.962,0.117
15930,91.557,0.1212
15931,91.158,0.1265
15932,90.712,0.131
15933,90.154,0.1342
15934,89.628,0.1375
15935,89.403,0.1405
15936,89.607,0.142
15937,90.121,0.143
15938,90.677,0.144
15939,91.144,0.1447
15940,91.65,0.145
15941,92.339,0.145
15942,93.127,0.145
15943,93.813,0.1462
15944,94.274,0.1457
15945,94.499,0.1452
15946,94.502,0.1442
15947,94.283,0.1432
15948,93.87,0.1415
15949,93.379,0.1403
15950,93.026,0.136
15951,93.004,0.1318
15952,93.337,0.1273
15953,93.897,0.1228
15954,94.529,0.119
15955,95.152,0.1153
15956,95.802,0.1115
15957,96.554,0.108
15958,97.415,0.1043
15959,98.343,0.1012
15960,99.25,0.0975
15961,99.958,0.0938
15962,100.357,0.0897
15963,100.516,0.0857
15964,100.618,0.0825
15965,100.842,0.0813
15966,101.303,0.0795
15967,102,0.0777
15968,102.811,0.078
15969,103.548,0.0783
15970,104.034,0.0783
15971,104.186,0.0777
15972,104.074,0.077
15973,103.892,0.0762
15974,103.815,0.075
15975,103.887,0.074
15976,103.998,0.0732
15977,103.927,0.0725
15978,103.51,0.071
15979,102.857,0.0695
15980,102.324,0.0687
15981,102.188,0.067
15982,102.382,0.0653
15983,102.571,0.0635
15984,102.448,0.0622
15985,101.979,0.0598
15986,101.355,0.0585
15987,100.724,0.0572
15988,100.09,0.0555
15989,99.457,0.0517
15990,98.91,0.0508
15991,98.582,0.0498
15992,98.592,0.0483
15993,98.924,0.0475
15994,99.398,0.0452
15995,99.797,0.043
15996,100.023,0.04
15997,100.162,0.0367
15998,100.39,0.0338
15999,100.785,0.0307
16000,101.278,0.027
16001,101.685,0.0238
16002,101.749,0.0208
16003,101.325,0.0178
16004,100.641,0.0125
16005,100.219,0.0055
16006,100.411,-0.001
16007,101.069,-0.0073
16008,101.614,-0.015
16009,101.469,-0.0227
16010,100.567,-0.0302
16011,99.402,-0.0375
16012,98.536,-0.044
16013,98.148,-0.0505
16014,98.031,-0.0565
16015,97.82,-0.0628
16016,97.317,-0.0697
16017,96.674,-0.0767
16018,96.202,-0.0847
16019,96.053,-0.0927
16020,96.091,-0.1005
16021,96.023,-0.1073
16022,95.699,-0.112
16023,95.232,-0.1167
16024,94.817,-0.1215
16025,94.508,-0.125
16026,94.21,-0.1295
16027,93.826,-0.134
16028,93.38,-0.1375
16029,92.989,-0.1395
16030,92.763,-0.1417
16031,92.758,-0.144
16032,92.98,-0.1457
16033,93.376,-0.1483
16034,93.837,-0.1502
16035,94.238,-0.1522
16036,94.546,-0.1537
16037,94.843,-0.1552
16038,95.234,-0.1562
16039,95.76,-0.1573
16040,96.382,-0.1573
16041,97.007,-0.1578
16042,97.541,-0.157
16043,97.938,-0.1562
16044,98.237,-0.1537
16045,98.546,-0.1512
16046,98.945,-0.1483
16047,99.409,-0.1452
16048,99.868,-0.1437
16049,100.327,-0.143
16050,100.876,-0.142
16051,101.583,-0.1407
16052,102.383,-0.1395
16053,103.154,-0.138
16054,103.841,-0.1363
16055,104.443,-0.1342
16056,104.963,-0.131
16057,105.433,-0.1278
16058,105.884,-0.122
16059,106.274,-0.1162
16060,106.512,-0.1113
16061,106.564,-0.1063
16062,106.543,-0.1032
16063,106.686,-0.0992
16064,107.155,-0.0953
16065,107.811,-0.0912
16066,108.284,-0.0885
16067,108.315,-0.085
16068,108.043,-0.0813
16069,108.063,-0.0795
16070,109.01,-0.0775
16071,110.845,-0.0745
16072,112.736,-0.0715
16073,113.74,-0.0685
16074,113.514,-0.066
16075,112.468,-0.063
16076,111.328,-0.0598
16077,110.505,-0.0567
16078,109.982,-0.0542
16079,109.701,-0.0517
16080,109.742,-0.0487
16081,110.095,-0.0457
16082,110.522,-0.044
16083,110.692,-0.0423
16084,110.436,-0.0405
16085,109.901,-0.0387
16086,109.443,-0.039
16087,109.351,-0.0395
16088,109.662,-0.0355
16089,110.194,-0.0307
16090,110.702,-0.0267
16091,111.053,-0.0227
16092,111.209,-0.0182
16093,111.103,-0.0128
16094,110.695,-0.008
16095,110.109,-0.0032
16096,109.555,0.001
16097,109.146,0.0053
16098,108.846,0.0092
16099,108.61,0.013
16100,108.513,0.0168
16101,108.689,0.0208
16102,109.109,0.0248
16103,109.537,0.0278
16104,109.72,0.0307
16105,109.577,0.0338
16106,109.187,0.0387
16107,108.621,0.043
16108,107.898,0.0465
16109,107.103,0.052
16110,106.402,0.056
16111,105.86,0.059
16112,105.395,0.062
16113,104.932,0.065
16114,104.52,0.0678
16115,104.289,0.07
16116,104.325,0.0725
16117,104.577,0.0752
16118,104.845,0.0777
16119,104.918,0.0803
16120,104.752,0.0825
16121,104.499,0.0847
16122,104.388,0.087
16123,104.565,0.0892
16124,104.976,0.0915
16125,105.395,0.0938
16126,105.584,0.0972
16127,105.461,0.1007
16128,105.078,0.1012
16129,104.447,0.1015
16130,103.53,0.1027
16131,102.415,0.1053
16132,101.246,0.107
16133,100.012,0.1075
16134,98.601,0.1085
16135,96.982,0.1082
16136,95.285,0.107
16137,93.794,0.1058
16138,92.72,0.104
16139,92.008,0.1025
16140,91.49,0.1022
16141,91.102,0.0997
16142,90.877,0.0972
16143,90.809,0.0953
16144,90.833,0.0932
16145,90.87,0.0922
16146,90.824,0.0892
16147,90.6,0.0862
16148,90.184,0.0833
16149,89.684,0.0805
16150,89.26,0.0798
16151,89.014,0.0795
16152,88.945,0.0788
16153,89.027,0.078
16154,89.28,0.0757
16155,89.683,0.0735
16156,90.068,0.0705
16157,90.214,0.0685
16158,90.062,0.0668
16159,89.829,0.0638
16160,89.928,0.0612
16161,90.782,0.0588
16162,92.496,0.0562
16163,94.625,0.0537
16164,96.377,0.0515
16165,97.166,0.0493
16166,97.009,0.0473
16167,96.452,0.0452
16168,96.147,0.0423
16169,96.376,0.0395
16170,96.944,0.0362
16171,97.517,0.0318
16172,97.931,0.0275
16173,98.226,0.0225
16174,98.593,0.018
16175,99.22,0.0148
16176,100.091,0.0123
16177,100.972,0.0097
16178,101.601,0.0063
16179,101.903,0.0028
16180,102.026,-0.0003
16181,102.169,-0.0008
16182,102.413,-0.002
16183,102.744,-0.0047
16184,103.109,-0.007
16185,103.416,-0.0103
16186,103.565,-0.012
16187,103.533,-0.0138
16188,103.449,-0.0165
16189,103.509,-0.0202
16190,103.822,-0.0248
16191,104.303,-0.0298
16192,104.675,-0.0342
16193,104.693,-0.0367
16194,104.382,-0.0375
16195,103.912,-0.0382
16196,103.41,-0.0385
16197,102.954,-0.0395
16198,102.566,-0.0408
16199,102.237,-0.0408
16200,102.017,-0.0413
16201,101.992,-0.0405
16202,102.214,-0.039
16203,102.71,-0.0375
16204,103.427,-0.0362
16205,104.095,-0.035
16206,104.337,-0.0345
16207,103.986,-0.0345
16208,103.251,-0.0335
16209,102.579,-0.0325
16210,102.344,-0.0312
16211,102.525,-0.03
16212,102.769,-0.029
16213,102.792,-0.0272
16214,102.629,-0.0253
16215,102.53,-0.0245
16216,102.701,-0.0235
16217,103.135,-0.0225
16218,103.633,-0.0205
16219,103.874,-0.0175
16220,103.626,-0.0163
16221,103.06,-0.0155
16222,102.682,-0.014
16223,102.904,-0.0107
16224,103.73,-0.008
16225,104.762,-0.0053
16226,105.549,-0.003
16227,106.014,-0.0013
16228,106.39,0.0015
16229,106.816,0.0053
16230,107.205,0.0092
16231,107.437,0.013
16232,107.504,0.0168
16233,107.503,0.0185
16234,107.567,0.02
16235,107.796,0.0215
16236,108.193,0.023
16237,108.66,0.0243
16238,109.055,0.0258
16239,109.284,0.028
16240,109.358,0.0302
16241,109.357,0.0312
16242,109.357,0.0312
16243,109.434,0.031
16244,109.664,0.0307
16245,110.054,0.0305
16246,110.511,0.03
16247,110.896,0.0298
16248,111.117,0.0295
16249,111.187,0.0293
16250,111.191,0.029
16251,111.194,0.0287
16252,111.208,0.0285
16253,111.226,0.0282
16254,111.231,0.0272
16255,111.158,0.0275
16256,110.909,0.0278
16257,110.428,0.028
16258,109.79,0.028
16259,109.167,0.027
16260,108.656,0.026
16261,108.142,0.0243
16262,107.402,0.0225
16263,106.354,0.02
16264,105.141,0.0175
16265,104.026,0.0142
16266,103.238,0.011
16267,102.825,0.0083
16268,102.633,0.0055
16269,102.435,0.0035
16270,102.062,0.0013
16271,101.489,-0.0013
16272,100.877,-0.0037
16273,100.415,-0.0073
16274,100.078,-0.0105
16275,99.687,-0.014
16276,99.263,-0.0172
16277,99.077,-0.0205
16278,99.288,-0.0238
16279,99.719,-0.028
16280,99.997,-0.0323
16281,99.837,-0.0367
16282,99.324,-0.041
16283,98.872,-0.0457
16284,98.77,-0.0505
16285,98.932,-0.0555
16286,99.11,-0.0595
16287,99.17,-0.0638
16288,99.151,-0.0675
16289,99.146,-0.0713
16290,99.164,-0.0752
16291,99.104,-0.0788
16292,98.86,-0.0813
16293,98.472,-0.0838
16294,98.145,-0.0862
16295,98.05,-0.0888
16296,98.142,-0.0917
16297,98.232,-0.0948
16298,98.185,-0.0963
16299,98.027,-0.0978
16300,97.873,-0.0995
16301,97.725,-0.1005
16302,97.408,-0.1
16303,96.831,-0.0995
16304,96.193,-0.0985
16305,95.806,-0.0968
16306,95.745,-0.0945
16307,95.771,-0.0922
16308,95.658,-0.0892
16309,95.491,-0.0872
16310,95.572,-0.0843
16311,96.048,-0.0803
16312,96.732,-0.0762
16313,97.291,-0.0713
16314,97.529,-0.0663
16315,97.45,-0.0595
16316,97.19,-0.053
16317,96.892,-0.0465
16318,96.565,-0.0423
16319,96.095,-0.0365
16320,95.452,-0.0307
16321,94.777,-0.0248
16322,94.295,-0.0187
16323,94.157,-0.0075
16324,94.305,0.0037
16325,94.446,0.0145
16326,94.253,0.0253
16327,93.628,0.0372
16328,92.778,0.0487
16329,92.09,0.0602
16330,91.913,0.0718
16331,92.324,0.0843
16332,93.007,0.0955
16333,93.446,0.1065
16334,93.32,0.1175
16335,92.679,0.1298
16336,91.773,0.1422
16337,90.819,0.155
16338,89.939,0.1665
16339,89.213,0.1782
16340,88.735,0.1903
16341,88.589,0.2022
16342,88.767,0.2117
16343,89.116,0.2213
16344,89.46,0.2315
16345,89.69,0.2417
16346,89.772,0.2518
16347,89.801,0.2612
16348,90.007,0.2707
16349,90.54,0.28
16350,91.377,0.288
16351,92.402,0.2942
16352,93.481,0.3033
16353,94.519,0.3112
16354,95.49,0.3192
16355,96.36,0.3257
16356,97.063,0.331
16357,97.604,0.3382
16358,98.048,0.3475
16359,98.402,0.3555
16360,98.63,0.3622
16361,98.766,0.369
16362,98.907,0.3772
16363,99.139,0.381
16364,99.528,0.3838
16365,100.102,0.3872
16366,100.812,0.3903
16367,101.598,0.3925
16368,102.394,0.3962
16369,103.086,0.4002
16370,103.546,0.4042
16371,103.684,0.4068
16372,103.504,0.4113
16373,103.161,0.415
16374,102.906,0.4182
16375,102.906,0.4202
16376,103.155,0.4238
16377,103.498,0.427
16378,103.737,0.43
16379,103.748,0.4325
16380,103.502,0.435
16381,103.06,0.4375
16382,102.644,0.4407
16383,102.627,0.444
16384,103.203,0.4463
16385,104.059,0.4485
16386,104.564,0.4505
16387,104.326,0.453
16388,103.492,0.4545
16389,102.58,0.455
16390,102.034,0.4573
16391,101.892,0.4607
16392,101.924,0.4615
16393,101.956,0.462
16394,101.962,0.463
16395,101.959,0.464
16396,101.959,0.466
16397,101.962,0.4655
16398,101.966,0.465
16399,101.982,0.4642
16400,102.056,0.465
16401,102.204,0.4655
16402,102.374,0.4647
16403,102.514,0.4642
16404,102.603,0.4647
16405,102.618,0.4653
16406,102.541,0.4653
16407,102.327,0.4653
16408,101.916,0.4637
16409,101.355,0.462
16410,100.801,0.46
16411,100.375,0.4593
16412,100.114,0.4568
16413,100.093,0.4552
16414,100.534,0.4528
16415,101.658,0.4503
16416,103.312,0.4465
16417,104.9,0.4427
16418,105.731,0.439
16419,105.458,0.436
16420,104.282,0.4343
16421,102.777,0.4325
16422,101.459,0.431
16423,100.555,0.4285
16424,100.112,0.4258
16425,100.076,0.423
16426,100.263,0.4205
16427,100.414,0.4185
16428,100.356,0.4168
16429,100.063,0.4163
16430,99.611,0.4145
16431,99.128,0.4123
16432,98.649,0.4103
16433,98.072,0.4095
16434,97.374,0.4083
16435,96.756,0.4068
16436,96.516,0.4055
16437,96.776,0.4047
16438,97.283,0.4045
16439,97.593,0.404
16440,97.462,0.4032
16441,96.946,0.4025
16442,96.275,0.4018
16443,95.669,0.4005
16444,95.192,0.3993
16445,94.829,0.398
16446,94.617,0.3977
16447,94.574,0.3975
16448,94.57,0.397
16449,94.372,0.3965
16450,93.885,0.396
16451,93.276,0.3945
16452,92.812,0.3933
16453,92.658,0.392
16454,92.724,0.3922
16455,92.591,0.3925
16456,91.868,0.3927
16457,90.707,0.3927
16458,89.749,0.3927
16459,89.624,0.3922
16460,90.518,0.3908
16461,92.013,0.389
16462,93.388,0.3872
16463,94.198,0.3865
16464,94.482,0.3852
16465,94.521,0.384
16466,94.59,0.383
16467,94.837,0.3815
16468,95.173,0.3802
16469,95.334,0.379
16470,95.154,0.378
16471,94.785,0.3775
16472,94.584,0.378
16473,94.811,0.3785
16474,95.461,0.3798
16475,96.338,0.3815
16476,97.211,0.382
16477,97.937,0.3825
16478,98.55,0.3832
16479,99.232,0.3842
16480,100.162,0.3852
16481,101.352,0.3872
16482,102.558,0.389
16483,103.402,0.391
16484,103.701,0.393
16485,103.674,0.3962
16486,103.703,0.3982
16487,103.951,0.4002
16488,104.302,0.4025
16489,104.492,0.4062
16490,104.196,0.4103
16491,103.233,0.4137
16492,101.799,0.417
16493,100.347,0.4208
16494,99.344,0.4253
16495,99.175,0.429
16496,99.949,0.4335
16497,101.315,0.4383
16498,102.652,0.4432
16499,103.483,0.4488
16500,103.709,0.455
16501,103.587,0.4617
16502,103.493,0.4688
16503,103.576,0.4757
16504,103.645,0.4842
16505,103.485,0.4927
16506,103.156,0.501
16507,102.892,0.509
16508,102.808,0.517
16509,102.836,0.5252
16510,102.859,0.5333
16511,102.802,0.5413
16512,102.674,0.5477
16513,102.532,0.5545
16514,102.371,0.5605
16515,102.124,0.5665
16516,101.814,0.574
16517,101.547,0.5817
16518,101.322,0.5913
16519,101.008,0.601
16520,100.494,0.611
16521,99.803,0.6205
16522,99.093,0.628
16523,98.487,0.6358
16524,97.856,0.6435
16525,96.927,0.6497
16526,95.65,0.657
16527,94.368,0.6643
16528,93.571,0.6718
16529,93.459,0.6777
16530,93.759,0.6833
16531,93.958,0.689
16532,93.682,0.6947
16533,92.827,0.7
16534,91.512,0.704
16535,90.025,0.7087
16536,88.682,0.7127
16537,87.604,0.7167
16538,86.647,0.7202
16539,85.631,0.7233
16540,84.629,0.7253
16541,83.959,0.727
16542,83.843,0.727
16543,84.135,0.7273
16544,84.381,0.7265
16545,84.187,0.7258
16546,83.546,0.7238
16547,82.75,0.7222
16548,82.078,0.7222
16549,81.669,0.7218
16550,81.52,0.721
16551,81.519,0.7202
16552,81.55,0.7202
16553,81.571,0.72
16554,81.579,0.719
16555,81.572,0.7177
16556,81.558,0.7165
16557,81.541,0.715
16558,81.484,0.7103
16559,81.334,0.7055
16560,81.105,0.7007
16561,80.884,0.6947
16562,80.72,0.6907
16563,80.581,0.6848
16564,80.401,0.6793
16565,80.173,0.674
16566,80.001,0.6687
16567,80.007,0.663
16568,80.206,0.6573
16569,80.506,0.654
16570,80.757,0.6512
16571,80.809,0.647
16572,80.638,0.642
16573,80.388,0.637
16574,80.282,0.6325
16575,80.46,0.6275
16576,80.86,0.6222
16577,81.26,0.617
16578,81.503,0.612
16579,81.641,0.607
16580,81.861,0.6015
16581,82.315,0.596
16582,83.012,0.5917
16583,83.815,0.5873
16584,84.521,0.5827
16585,84.984,0.578
16586,85.189,0.5743
16587,85.242,0.5703
16588,85.309,0.5617
16589,85.477,0.5535
16590,85.67,0.5455
16591,85.759,0.5373
16592,85.689,0.5278
16593,85.537,0.5182
16594,85.5,0.5092
16595,85.788,0.5002
16596,86.497,0.4913
16597,87.567,0.4825
16598,88.832,0.4748
16599,90.069,0.467
16600,91.111,0.4593
16601,92.011,0.4528
16602,93.029,0.4463
16603,94.307,0.4412
16604,95.58,0.4355
16605,96.381,0.4295
16606,96.55,0.423
16607,96.478,0.417
16608,96.755,0.4105
16609,97.644,0.4018
16610,98.954,0.3942
16611,100.314,0.3885
16612,101.451,0.3838
16613,102.219,0.379
16614,102.501,0.3745
16615,102.29,0.3705
16616,101.826,0.367
16617,101.434,0.3632
16618,101.258,0.36
16619,101.268,0.3568
16620,101.447,0.354
16621,101.831,0.3515
16622,102.399,0.3493
16623,103.033,0.347
16624,103.665,0.3445
16625,104.296,0.3425
16626,104.791,0.3405
16627,104.87,0.3385
16628,104.395,0.3392
16629,103.574,0.3407
16630,102.843,0.3422
16631,102.485,0.3438
16632,102.376,0.346
16633,102.225,0.3485
16634,102.05,0.3513
16635,102.167,0.354
16636,102.685,0.3565
16637,103.33,0.359
16638,103.762,0.3615
16639,103.85,0.364
16640,103.663,0.3663
16641,103.3,0.3695
16642,102.723,0.3723
16643,101.913,0.3747
16644,101.114,0.3775
16645,100.708,0.3805
16646,100.892,0.3842
16647,101.555,0.388
16648,102.383,0.392
16649,103.028,0.3957
16650,103.266,0.3982
16651,103.086,0.4002
16652,102.667,0.4022
16653,102.272,0.4047
16654,102.11,0.407
16655,102.196,0.4093
16656,102.366,0.4117
16657,102.442,0.4153
16658,102.363,0.4185
16659,102.198,0.422
16660,102.133,0.4248
16661,102.319,0.428
16662,102.639,0.4313
16663,102.722,0.4345
16664,102.295,0.4372
16665,101.501,0.44
16666,100.824,0.4427
16667,100.731,0.4457
16668,101.31,0.4488
16669,102.21,0.4517
16670,103.004,0.4545
16671,103.57,0.4575
16672,104.035,0.46
16673,104.444,0.4622
16674,104.637,0.4645
16675,104.407,0.4667
16676,103.764,0.4692
16677,103.015,0.4715
16678,102.526,0.474
16679,102.388,0.4763
16680,102.4,0.477
16681,102.34,0.4773
16682,102.195,0.4788
16683,102.085,0.4815
16684,102.006,0.4837
16685,101.841,0.486
16686,101.639,0.4882
16687,101.635,0.4905
16688,102.004,0.493
16689,102.747,0.4962
16690,103.652,0.4995
16691,104.374,0.503
16692,104.651,0.505
16693,104.4,0.5045
16694,103.718,0.504
16695,102.952,0.5035
16696,102.624,0.5028
16697,103.031,0.5008
16698,103.891,0.4987
16699,104.531,0.4965
16700,104.463,0.495
16701,103.727,0.4927
16702,102.782,0.489
16703,102.116,0.4853
16704,101.88,0.4828
16705,101.883,0.48
16706,101.911,0.4777
16707,101.93,0.4752
16708,102.005,0.4728
16709,102.158,0.4695
16710,102.335,0.4662
16711,102.48,0.463
16712,102.567,0.4615
16713,102.565,0.4582
16714,102.467,0.455
16715,102.322,0.4515
16716,102.215,0.4488
16717,102.223,0.446
16718,102.327,0.443
16719,102.403,0.44
16720,102.35,0.4398
16721,102.193,0.4387
16722,102.045,0.437
16723,101.984,0.4325
16724,101.986,0.4298
16725,101.99,0.427
16726,101.992,0.4242
16727,102.068,0.4215
16728,102.27,0.4193
16729,102.513,0.416
16730,102.648,0.413
16731,102.609,0.41
16732,102.469,0.4085
16733,102.447,0.409
16734,102.711,0.4097
16735,103.127,0.408
16736,103.426,0.4068
16737,103.517,0.406
16738,103.466,0.4052
16739,103.367,0.4042
16740,103.3,0.404
16741,103.276,0.4038
16742,103.287,0.4052
16743,103.371,0.4068
16744,103.542,0.4083
16745,103.701,0.4097
16746,103.709,0.4115
16747,103.495,0.4133
16748,103.095,0.415
16749,102.642,0.4168
16750,102.318,0.4185
16751,102.25,0.4202
16752,102.419,0.4208
16753,102.7,0.423
16754,102.944,0.4258
16755,103.084,0.4287
16756,103.171,0.4318
16757,103.272,0.4347
16758,103.349,0.4378
16759,103.294,0.441
16760,103.038,0.4432
16761,102.627,0.4463
16762,102.23,0.449
16763,101.994,0.4537
16764,101.925,0.4573
16765,101.949,0.4615
16766,102.045,0.4657
16767,102.211,0.47
16768,102.374,0.4745
16769,102.437,0.478
16770,102.364,0.4813
16771,102.2,0.4848
16772,102.039,0.4888
16773,101.963,0.4927
16774,102.025,0.4967
16775,102.25,0.5032
16776,102.561,0.5088
16777,102.791,0.5142
16778,102.853,0.5197
16779,102.844,0.5255
16780,102.92,0.5305
16781,103.1,0.5358
16782,103.204,0.5407
16783,103.02,0.5457
16784,102.518,0.5505
16785,101.931,0.5553
16786,101.659,0.5593
16787,102.02,0.5633
16788,102.95,0.567
16789,103.906,0.5715
16790,104.198,0.577
16791,103.583,0.5825
16792,102.502,0.5873
16793,101.66,0.5927
16794,101.417,0.5978
16795,101.605,0.6025
16796,101.853,0.6063
16797,102.011,0.61
16798,102.174,0.613
16799,102.41,0.6152
16800,102.641,0.6172
16801,102.729,0.6185
16802,102.618,0.6188
16803,102.387,0.619
16804,102.145,0.6192
16805,101.919,0.6188
16806,101.7,0.6195
16807,101.521,0.6202
16808,101.455,0.6198
16809,101.539,0.6205
16810,101.73,0.6208
16811,101.91,0.6192
16812,101.987,0.617
16813,101.996,0.6148
16814,102.055,0.6123
16815,102.268,0.6095
16816,102.645,0.607
16817,103.094,0.6048
16818,103.484,0.6025
16819,103.726,0.6002
16820,103.811,0.5988
16821,103.74,0.597
16822,103.505,0.5953
16823,103.159,0.5922
16824,102.836,0.5893
16825,102.682,0.5867
16826,102.773,0.5842
16827,103.036,0.5813
16828,103.251,0.5787
16829,103.243,0.5755
16830,103.047,0.5715
16831,102.864,0.5675
16832,102.877,0.5643
16833,103.062,0.5605
16834,103.185,0.5568
16835,103.04,0.5533
16836,102.661,0.5497
16837,102.264,0.5457
16838,102.018,0.5425
16839,101.93,0.54
16840,101.915,0.5375
16841,101.912,0.5353
16842,101.909,0.534
16843,101.91,0.5327
16844,101.914,0.5318
16845,101.914,0.5307
16846,101.908,0.5287
16847,101.896,0.5267
16848,101.878,0.5248
16849,101.877,0.5225
16850,101.964,0.521
16851,102.208,0.521
16852,102.545,0.52
16853,102.789,0.52
16854,102.786,0.5197
16855,102.539,0.5197
16856,102.225,0.5197
16857,102.099,0.5195
16858,102.285,0.5192
16859,102.649,0.519
16860,102.912,0.518
16861,102.823,0.5172
16862,102.321,0.5165
16863,101.628,0.517
16864,101.131,0.5172
16865,101.052,0.5175
16866,101.31,0.518
16867,101.683,0.519
16868,102.008,0.5197
16869,102.249,0.5208
16870,102.412,0.5217
16871,102.465,0.5228
16872,102.38,0.5238
16873,102.198,0.5245
16874,102.026,0.5258
16875,101.938,0.527
16876,101.916,0.5282
16877,101.912,0.53
16878,101.912,0.532
16879,101.92,0.534
16880,101.933,0.5363
16881,101.944,0.5385
16882,101.951,0.5433
16883,101.956,0.548
16884,101.962,0.5525
16885,101.962,0.5575
16886,101.954,0.5623
16887,101.943,0.567
16888,101.941,0.572
16889,101.953,0.5765
16890,101.973,0.5803
16891,101.988,0.5842
16892,101.992,0.5893
16893,101.992,0.5927
16894,101.985,0.596
16895,101.911,0.599
16896,101.688,0.602
16897,101.288,0.6045
16898,100.739,0.6072
16899,100.108,0.6108
16900,99.491,0.6145
16901,98.964,0.617
16902,98.512,0.6195
16903,98.071,0.622
16904,97.597,0.6242
16905,97.116,0.626
16906,96.704,0.628
16907,96.391,0.63
16908,96.097,0.632
16909,95.7,0.6335
16910,95.134,0.6352
16911,94.49,0.6358
16912,94.095,0.6368
16913,94.276,0.6375
16914,94.906,0.639
16915,95.382,0.6402
16916,95.096,0.6422
16917,93.87,0.644
16918,92.079,0.6457
16919,90.395,0.6475
16920,89.269,0.6468
16921,88.728,0.6457
16922,88.611,0.6425
16923,88.738,0.6402
16924,88.907,0.6378
16925,88.981,0.6345
16926,88.965,0.631
16927,88.949,0.627
16928,89.008,0.6235
16929,89.17,0.6205
16930,89.411,0.618
16931,89.715,0.6158
16932,90.101,0.6128
16933,90.623,0.6103
16934,91.332,0.6083
16935,92.194,0.607
16936,93.06,0.6052
16937,93.773,0.604
16938,94.302,0.6025
16939,94.755,0.6008
16940,95.281,0.5985
16941,95.974,0.5973
16942,96.839,0.5958
16943,97.844,0.5935
16944,98.941,0.5915
16945,100.046,0.5895
16946,101.062,0.587
16947,101.908,0.5837
16948,102.543,0.5807
16949,102.999,0.579
16950,103.308,0.5773
16951,103.399,0.576
16952,103.214,0.574
16953,102.833,0.5723
16954,102.402,0.5692
16955,102.072,0.566
16956,101.933,0.562
16957,101.922,0.5583
16958,101.873,0.5545
16959,101.655,0.5502
16960,101.26,0.548
16961,100.79,0.5457
16962,100.383,0.5435
16963,100.146,0.5395
16964,100.154,0.536
16965,100.461,0.5327
16966,101.042,0.5298
16967,101.697,0.5267
16968,102.107,0.5232
16969,102.037,0.5197
16970,101.535,0.516
16971,100.899,0.512
16972,100.42,0.5078
16973,100.19,0.5035
16974,100.133,0.4993
16975,100.138,0.4945
16976,100.143,0.4913
16977,100.14,0.4885
16978,100.141,0.4857
16979,100.145,0.4825
16980,100.127,0.4793
16981,100.057,0.476
16982,99.971,0.473
16983,99.937,0.471
16984,99.946,0.469
16985,99.979,0.467
16986,100.112,0.465
16987,100.414,0.4642
16988,100.873,0.4633
16989,101.39,0.4615
16990,101.782,0.4595
16991,101.938,0.4588
16992,101.955,0.4582
16993,102.029,0.4577
16994,102.264,0.4565
16995,102.592,0.4565
16996,102.824,0.4565
16997,102.829,0.4565
16998,102.661,0.4562
16999,102.489,0.456
17000,102.415,0.456
17001,102.389,0.456
17002,102.303,0.456
17003,102.144,0.46
17004,101.992,0.4637
17005,101.854,0.4675
17006,101.626,0.4712
17007,101.245,0.4757
17008,100.794,0.4803
17009,100.402,0.4853
17010,100.101,0.4902
17011,99.798,0.495
17012,99.402,0.5008
17013,98.945,0.5065
17014,98.559,0.512
17015,98.328,0.5177
17016,98.178,0.5225
17017,97.943,0.5267
17018,97.553,0.5315
17019,97.09,0.5363
17020,96.701,0.5413
17021,96.484,0.5463
17022,96.407,0.551
17023,96.324,0.5555
17024,96.092,0.56
17025,95.692,0.5645
17026,95.228,0.568
17027,94.844,0.5712
17028,94.619,0.5763
17029,94.475,0.581
17030,94.244,0.5855
17031,93.851,0.5893
17032,93.379,0.593
17033,92.977,0.5968
17034,92.743,0.6008
17035,92.667,0.604
17036,92.665,0.6072
17037,92.674,0.6105
17038,92.683,0.6135
17039,92.677,0.617
17040,92.604,0.6205
17041,92.456,0.6222
17042,92.304,0.6242
17043,92.173,0.623
17044,91.949,0.6218
17045,91.479,0.6205
17046,90.743,0.6198
17047,89.922,0.6185
17048,89.306,0.6172
17049,89.082,0.6158
17050,89.196,0.6152
17051,89.46,0.6148
17052,89.701,0.6138
17053,89.791,0.6125
17054,89.691,0.609
17055,89.531,0.6052
17056,89.516,0.6012
17057,89.748,0.5973
17058,90.151,0.5938
17059,90.545,0.5902
17060,90.779,0.5865
17061,90.848,0.5835
17062,90.833,0.5805
17063,90.799,0.5775
17064,90.782,0.574
17065,90.861,0.5705
17066,91.108,0.5677
17067,91.461,0.5637
17068,91.722,0.5577
17069,91.73,0.5517
17070,91.486,0.5457
17071,91.153,0.541
17072,90.92,0.5367
17073,90.845,0.5325
17074,90.857,0.5287
17075,90.879,0.5248
17076,90.892,0.5208
17077,90.895,0.5165
17078,90.886,0.5122
17079,90.886,0.5078
17080,90.948,0.5032
17081,91.088,0.5002
17082,91.243,0.4973
17083,91.365,0.4942
17084,91.505,0.4913
17085,91.795,0.4882
17086,92.346,0.485
17087,93.081,0.482
17088,93.717,0.4797
17089,94.052,0.4775
17090,94.185,0.4745
17091,94.36,0.4715
17092,94.739,0.469
17093,95.409,0.4667
17094,96.413,0.467
17095,97.687,0.4672
17096,99.089,0.4675
17097,100.445,0.4667
17098,101.573,0.4655
17099,102.426,0.4642
17100,103.073,0.463
17101,103.488,0.4605
17102,103.516,0.4582
17103,103.021,0.456
17104,102.074,0.4548
17105,101.045,0.4535
17106,100.383,0.4525
17107,100.252,0.4525
17108,100.494,0.4525
17109,100.79,0.4525
17110,100.87,0.4528
17111,100.722,0.452
17112,100.511,0.4505
17113,100.32,0.4488
17114,100.168,0.447
17115,100.092,0.4455
17116,100.088,0.4437
17117,100.106,0.4423
17118,100.118,0.441
17119,100.119,0.44
17120,100.11,0.4395
17121,100.092,0.439
17122,100.067,0.4383
17123,100.06,0.4375
17124,100.121,0.437
17125,100.281,0.4365
17126,100.528,0.4355
17127,100.832,0.4345
17128,101.171,0.4327
17129,101.56,0.4305
17130,102.042,0.4282
17131,102.597,0.4262
17132,103.132,0.4242
17133,103.605,0.422
17134,104.05,0.42
17135,104.507,0.418
17136,104.963,0.4163
17137,105.341,0.4153
17138,105.565,0.4137
17139,105.639,0.4125
17140,105.64,0.4115
17141,105.643,0.4103
17142,105.723,0.4097
17143,105.956,0.4093
17144,106.35,0.4083
17145,106.813,0.4073
17146,107.203,0.4062
17147,107.429,0.4052
17148,107.504,0.4045
17149,107.518,0.4035
17150,107.516,0.4005
17151,107.465,0.3975
17152,107.334,0.3947
17153,107.1,0.3917
17154,106.65,0.3887
17155,105.862,0.3857
17156,104.744,0.3828
17157,103.413,0.3792
17158,102,0.3757
17159,100.615,0.372
17160,99.298,0.3678
17161,98.097,0.363
17162,97.155,0.3583
17163,96.603,0.3535
17164,96.434,0.3485
17165,96.541,0.3432
17166,96.799,0.3382
17167,97.12,0.333
17168,97.453,0.3277
17169,97.754,0.3225
17170,97.989,0.3172
17171,98.13,0.3118
17172,98.179,0.3063
17173,98.251,0.301
17174,98.545,0.2958
17175,99.19,0.2905
17176,100.158,0.2853
17177,101.282,0.2802
17178,102.325,0.275
17179,103.105,0.2695
17180,103.575,0.264
17181,103.793,0.2583
17182,103.848,0.2518
17183,103.837,0.2447
17184,103.824,0.2377
17185,103.822,0.2308
17186,103.825,0.2238
17187,103.829,0.2168
17188,103.832,0.2097
17189,103.835,0.203
17190,103.836,0.1982
17191,103.837,0.1935
17192,103.837,0.19
17194,103.837,0.184
17195,103.84,0.181
17196,103.844,0.1782
17197,103.847,0.176
17198,103.846,0.1737
17199,103.842,0.1718
17200,103.838,0.1698
17201,103.841,0.1685
17202,103.832,0.1672
17203,103.755,0.166
17204,103.59,0.1643
17205,103.414,0.1628
17206,103.339,0.1613
17207,103.411,0.16
17208,103.584,0.1588
17209,103.752,0.158
17210,103.829,0.1573
17211,103.774,0.1565
17212,103.54,0.1545
17213,103.068,0.1542
17214,102.359,0.1537
17215,101.543,0.1532
17216,100.839,0.1515
17217,100.433,0.1497
17218,100.376,0.1483
17219,100.562,0.1467
17220,100.793,0.1437
17221,100.879,0.1417
17222,100.788,0.1398
17223,100.696,0.1405
17224,100.783,0.1398
17225,101.038,0.139
17226,101.28,0.1383
17227,101.3,0.1375
17228,101.04,0.136
17229,100.658,0.1345
17230,100.352,0.133
17231,100.191,0.1315
17232,100.14,0.1285
17233,100.141,0.1255
17234,100.148,0.1225
17235,100.137,0.1218
17236,100.123,0.1202
17237,100.176,0.119
17238,100.387,0.1177
17239,100.769,0.1165
17240,101.224,0.1145
17241,101.608,0.1125
17242,101.823,0.1105
17243,101.884,0.1085
17245,101.874,0.1045
17246,101.879,0.1025
17247,101.888,0.1005
17249,101.904,0.0965
17250,101.91,0.0945
17251,101.915,0.0925
17252,101.922,0.092
17253,101.937,0.0897
17254,101.941,0.087
17255,101.88,0.0843
17256,101.727,0.0815
17257,101.556,0.0788
17258,101.478,0.076
17259,101.547,0.0732
17260,101.717,0.0718
17261,101.879,0.0703
17262,101.954,0.0687
17263,101.954,0.065
17264,101.951,0.0628
17265,102.029,0.0605
17266,102.261,0.0583
17267,102.656,0.056
17268,103.117,0.0535
17269,103.509,0.051
17270,103.741,0.0485
17271,103.826,0.046
17272,103.844,0.0432
17273,103.854,0.0405
17274,103.862,0.0377
17275,103.855,0.0328
17276,103.855,0.0282
17277,103.918,0.0235
17278,104.066,0.0187
17279,104.224,0.014
17280,104.283,0.01
17281,104.198,0.006
17282,104.016,0.002
17283,103.851,-0.002
17284,103.779,-0.0057
17285,103.778,-0.0095
17286,103.79,-0.0132
17287,103.789,-0.017
17288,103.777,-0.0208
17289,103.761,-0.0255
17290,103.749,-0.0312
17291,103.768,-0.037
17292,103.87,-0.0432
17293,104.051,-0.0505
17294,104.163,-0.0575
17295,103.991,-0.0648
17296,103.43,-0.071
17297,102.615,-0.0777
17298,101.882,-0.0857
17299,101.503,-0.0927
17300,101.436,-0.1
17301,101.408,-0.1075
17302,101.139,-0.1157
17303,100.473,-0.1245
17304,99.421,-0.1335
17305,98.112,-0.143
17306,96.654,-0.157
17307,95.045,-0.172
17308,93.19,-0.1867
17309,90.956,-0.2022
17310,88.301,-0.2185
17311,85.361,-0.231
17312,82.291,-0.2435
17313,79.033,-0.2573
17314,75.339,-0.2722
17315,71.116,-0.2905
17316,66.644,-0.3098
17317,62.357,-0.33
17318,58.474,-0.351
17319,54.946,-0.376
17320,51.675,-0.4052
17321,48.74,-0.4352
17322,46.357,-0.466
17323,44.556,-0.4973
17324,42.994,-0.5302
17325,41.233,-0.5633
17326,39.146,-0.5958
17327,36.986,-0.6275
17328,35.104,-0.6595
17329,33.587,-0.69
17330,32.175,-0.7195
17331,30.5,-0.7495
17332,28.406,-0.7797
17333,26.116,-0.8113
17334,24.05,-0.8427
17335,22.493,-0.8742
17336,21.482,-0.9057
17337,20.904,-0.938
17338,20.539,-0.9698
17339,20.168,-1.0032
17340,19.72,-1.0375
17341,19.252,-1.0742
17342,18.864,-1.1125
17343,18.647,-1.1532
17344,18.652,-1.197
17345,18.882,-1.2443
17346,19.29,-1.2973
17347,19.753,-1.3605
17348,20.067,-1.4463
17349,20.075,-1.577
17350,19.828,-1.8215
17351,19.524,-1.8544
17352,19.293,-1.8884
17353,19.139,-1.923
17354,19.008,-1.9581
17355,18.849,-1.9914
17356,18.637,-2.0253
17357,18.351,-2.06
17358,17.954,-2.0959
17359,17.415,-2.129
17360,16.712,-2.1587
17361,15.861,-2.1893
17362,14.94,-2.2211
17363,14.018,-2.2544
17364,13.048,-2.2873
17365,11.827,-2.3228
17366,10.099,-1.1935
17367,7.789,-1.1935
17368,5.172,-1.1935
17369,2.784,-1.1935
17370,0,-1.1935
20169,0,-1.1935
20170,1.728,-1.1935
20171,3.457,-1.1935
20172,5.185,-1.1935
20173,6.914,-1.1935
20174,8.642,-1.1935
20175,10.539,-1.0053
20176,12.435,-0.8171
20177,14.332,-0.6289
20178,16.228,-0.4407
20179,18.125,-0.2525
20180,20.021,-0.0643
20181,21.977,-0.0642
20182,23.932,-0.0641
20183,25.888,-0.064
20185,29.798,-0.0638
20186,31.754,-0.0637
20187,33.709,-0.0636
20190,40.27,-0.0633
20191,42.456,-0.0632
20192,44.643,-0.063
20193,46.548,-0.063
20194,48.452,-0.0629
20195,50.357,-0.0628
20196,52.261,-0.0627
20197,54.166,-0.0626
20198,56.07,-0.0625
20199,58.085,-0.0624
20200,60.099,-0.0623
20201,62.114,-0.0622
20202,64.128,-0.0622
20204,68.158,-0.062
20205,69.835,-0.0619
20206,71.512,-0.0619
20208,74.866,-0.0617
20209,76.543,-0.0617
20211,79.897,-0.0615
20212,81.931,-0.0612
20213,83.964,-0.0609
20214,85.998,-0.0606
20215,88.031,-0.0603
20216,90.065,-0.06
20217,92.153,-0.0597
20219,96.331,-0.0591
20220,98.419,-0.0589
20221,100.508,-0.0586
20222,102.243,-0.0583
20223,103.979,-0.0581
20226,109.184,-0.0575
20227,110.92,-0.0572
20228,110.178,-0.056
20229,109.351,-0.0548
20230,108.41,-0.0537
20231,107.24,-0.0527
20232,105.899,-0.0518
20233,104.566,-0.0514
20234,103.393,-0.0511
20235,102.39,-0.0508
20236,101.461,-0.0505
20237,100.544,-0.0495
20238,99.683,-0.0485
20239,98.981,-0.0362
20240,98.519,-0.0335
20241,98.3,-0.0328
20242,98.251,-0.0315
20243,98.273,-0.0305
20244,98.302,-0.0295
20245,98.301,-0.0285
20246,98.212,-0.0255
20247,98.014,-0.0243
20248,97.804,-0.0235
20249,97.774,-0.0227
20250,98.085,-0.022
20251,98.746,-0.019
20252,99.568,-0.0187
20253,100.289,-0.0185
20254,100.753,-0.0182
20255,100.977,-0.018
20256,101.101,-0.0155
20257,101.241,-0.0152
20258,101.383,-0.015
20259,101.452,-0.0148
20260,101.45,-0.014
20261,101.447,-0.0128
20262,101.463,-0.0115
20263,101.42,-0.0112
20264,101.196,-0.011
20265,100.735,-0.011
20266,100.108,-0.011
20267,99.456,-0.011
20268,98.895,-0.0112
20269,98.496,-0.0115
20270,98.273,-0.0115
20271,98.123,-0.0115
20272,97.89,-0.0115
20273,97.568,-0.0112
20274,97.328,-0.011
20275,97.335,-0.0105
20276,97.586,-0.01
20277,97.921,-0.0103
20278,98.158,-0.0105
20279,98.232,-0.011
20280,98.155,-0.0112
20281,97.911,-0.0107
20282,97.513,-0.0112
20283,97.112,-0.0118
20284,96.935,-0.0123
20285,97.1,-0.0128
20286,97.51,-0.0155
20287,97.936,-0.0158
20288,98.199,-0.016
20289,98.28,-0.0165
20290,98.285,-0.0175
20291,98.342,-0.0208
20292,98.488,-0.0215
20293,98.662,-0.0222
20294,98.797,-0.0208
20295,98.878,-0.0217
20296,98.958,-0.025
20297,99.101,-0.026
20298,99.231,-0.0253
20299,99.149,-0.0245
20300,98.754,-0.0238
20301,98.129,-0.0235
20302,97.446,-0.0248
20303,96.833,-0.0243
20304,96.283,-0.0238
20305,95.719,-0.0238
20306,95.097,-0.0238
20307,94.44,-0.0232
20308,93.879,-0.0225
20309,93.644,-0.0217
20310,93.891,-0.0212
20311,94.562,-0.0222
20312,95.382,-0.0232
20313,96.022,-0.0238
20314,96.33,-0.0243
20315,96.396,-0.025
20316,96.383,-0.0248
20317,96.379,-0.0245
20318,96.376,-0.0243
20319,96.3,-0.0238
20320,96.074,-0.0253
20321,95.695,-0.0267
20322,95.232,-0.0282
20323,94.764,-0.0295
20324,94.367,-0.0298
20325,94.114,-0.03
20326,94.041,-0.0302
20327,94.126,-0.0305
20328,94.314,-0.03
20329,94.554,-0.031
20330,94.853,-0.0315
20331,95.239,-0.032
20332,95.692,-0.032
20333,96.155,-0.032
20334,96.61,-0.0342
20335,97.066,-0.034
20336,97.528,-0.0333
20337,97.989,-0.0325
20338,98.453,-0.0323
20339,98.932,-0.032
20340,99.406,-0.0338
20341,99.816,-0.0355
20342,100.122,-0.0358
20343,100.359,-0.0367
20344,100.606,-0.0375
20345,100.895,-0.0382
20346,101.137,-0.0395
20347,101.188,-0.0415
20348,101.011,-0.0435
20349,100.748,-0.0452
20350,100.624,-0.047
20351,100.783,-0.0473
20352,101.189,-0.0475
20353,101.683,-0.048
20354,102.107,-0.0485
20355,102.368,-0.049
20356,102.459,-0.0505
20357,102.453,-0.052
20358,102.428,-0.0535
20359,102.428,-0.0562
20360,102.485,-0.0572
20361,102.627,-0.0583
20362,102.876,-0.0583
20363,103.219,-0.0585
20364,103.493,-0.061
20365,103.411,-0.0635
20366,102.83,-0.0648
20367,101.923,-0.066
20368,101.029,-0.068
20369,100.414,-0.0695
20370,100.146,-0.071
20371,100.108,-0.0715
20372,100.133,-0.0725
20373,100.139,-0.0735
20374,100.125,-0.0755
20375,100.11,-0.0775
20376,100.085,-0.0793
20377,100.004,-0.081
20378,99.85,-0.084
20379,99.668,-0.088
20380,99.524,-0.09
20381,99.517,-0.0912
20382,99.753,-0.0925
20383,100.185,-0.0938
20384,100.585,-0.0953
20385,100.694,-0.097
20386,100.362,-0.0983
20387,99.683,-0.0992
20388,98.972,-0.1002
20389,98.489,-0.1015
20390,98.274,-0.1027
20391,98.222,-0.104
20392,98.217,-0.1053
20393,98.213,-0.1065
20394,98.275,-0.1073
20395,98.501,-0.109
20396,98.903,-0.1108
20397,99.38,-0.1125
20398,99.789,-0.1143
20399,100.033,-0.1143
20400,100.122,-0.1143
20401,100.14,-0.1148
20402,100.145,-0.1162
20403,100.138,-0.1175
20404,100.124,-0.1175
20405,100.177,-0.1175
20406,100.393,-0.1187
20407,100.796,-0.1195
20408,101.268,-0.1202
20409,101.593,-0.1197
20410,101.588,-0.1205
20411,101.261,-0.1212
20412,100.8,-0.122
20413,100.417,-0.1228
20414,100.199,-0.1225
20415,100.061,-0.1223
20416,99.829,-0.1218
20417,99.427,-0.1228
20418,98.939,-0.1238
20419,98.515,-0.1238
20420,98.264,-0.1233
20421,98.185,-0.1235
20422,98.196,-0.124
20423,98.228,-0.1245
20424,98.254,-0.125
20425,98.268,-0.1263
20426,98.267,-0.1273
20427,98.257,-0.1283
20428,98.239,-0.1293
20429,98.226,-0.1303
20430,98.296,-0.1313
20431,98.598,-0.1323
20432,99.212,-0.133
20433,100.007,-0.1337
20434,100.732,-0.135
20435,101.21,-0.1353
20436,101.402,-0.136
20437,101.328,-0.1368
20438,100.935,-0.1375
20439,100.129,-0.1388
20440,99.03,-0.1393
20441,98.051,-0.1393
20442,97.63,-0.1393
20443,97.961,-0.1395
20444,98.891,-0.1393
20445,100.035,-0.139
20446,101.024,-0.1388
20447,101.653,-0.139
20448,101.863,-0.1395
20449,101.763,-0.14
20450,101.567,-0.1393
20451,101.399,-0.1395
20452,101.238,-0.139
20453,101.003,-0.1385
20454,100.613,-0.138
20455,100.049,-0.1375
20456,99.41,-0.1395
20457,98.849,-0.1385
20458,98.518,-0.1375
20459,98.516,-0.1365
20460,98.783,-0.136
20461,99.117,-0.135
20462,99.371,-0.1337
20463,99.538,-0.133
20464,99.689,-0.1323
20465,99.874,-0.1305
20466,100.034,-0.129
20467,100.051,-0.1275
20468,99.899,-0.127
20469,99.64,-0.1265
20470,99.328,-0.126
20471,98.999,-0.1247
20472,98.698,-0.1238
20473,98.455,-0.1242
20474,98.284,-0.1247
20475,98.191,-0.1253
20476,98.167,-0.1238
20477,98.239,-0.123
20478,98.479,-0.1223
20479,98.892,-0.1215
20480,99.37,-0.1197
20481,99.777,-0.1172
20482,100.084,-0.1148
20483,100.389,-0.1123
20484,100.794,-0.1105
20485,101.268,-0.1098
20486,101.678,-0.109
20487,101.918,-0.1073
20488,101.981,-0.1053
20489,101.89,-0.1032
20490,101.635,-0.1012
20491,101.226,-0.099
20492,100.758,-0.0975
20493,100.37,-0.0943
20494,100.156,-0.0922
20495,100.098,-0.0892
20496,100.107,-0.0847
20497,100.113,-0.0818
20498,100.105,-0.0793
20499,100.094,-0.0765
20500,100.087,-0.0757
20501,100.087,-0.0755
20502,100.094,-0.0735
20503,100.103,-0.0703
20504,100.112,-0.067
20505,100.119,-0.0638
20506,100.125,-0.062
20507,100.13,-0.0602
20508,100.134,-0.0583
20509,100.138,-0.0562
20510,100.139,-0.0542
20511,100.133,-0.0542
20512,100.119,-0.0535
20513,100.101,-0.0513
20514,100.086,-0.0485
20515,100.085,-0.0457
20516,100.082,-0.0447
20517,100.006,-0.043
20518,99.768,-0.042
20519,99.373,-0.041
20520,98.982,-0.0413
20521,98.818,-0.0405
20522,98.985,-0.04
20523,99.378,-0.0395
20524,99.773,-0.0387
20525,100.009,-0.037
20526,100.082,-0.036
20527,100.082,-0.036
20528,100.072,-0.0362
20529,100.067,-0.0365
20530,100.068,-0.0372
20531,100.056,-0.0382
20532,99.978,-0.0385
20533,99.82,-0.0405
20534,99.661,-0.0415
20535,99.598,-0.0435
20536,99.614,-0.0455
20537,99.552,-0.0475
20538,99.234,-0.0495
20539,98.662,-0.0517
20540,98.096,-0.052
20541,97.85,-0.0527
20542,98.02,-0.0542
20543,98.446,-0.0565
20544,98.849,-0.0588
20545,99.031,-0.0607
20546,99.025,-0.0615
20547,99.011,-0.0622
20548,99.092,-0.0622
20549,99.237,-0.0622
20550,99.398,-0.0622
20551,99.545,-0.061
20552,99.687,-0.0605
20553,99.844,-0.0605
20554,99.981,-0.0615
20555,100.042,-0.0625
20556,100.047,-0.0633
20557,100.05,-0.0643
20558,100.07,-0.0638
20559,100.094,-0.0633
20560,100.104,-0.0633
20561,100.111,-0.065
20562,100.194,-0.067
20563,100.437,-0.069
20564,100.764,-0.07
20565,100.927,-0.0718
20566,100.756,-0.072
20567,100.384,-0.0723
20568,100.188,-0.0723
20569,100.488,-0.0732
20570,101.285,-0.0718
20571,102.259,-0.0703
20572,103.061,-0.0695
20573,103.538,-0.0682
20574,103.667,-0.0673
20575,103.486,-0.0663
20576,103.151,-0.0653
20577,102.902,-0.0643
20578,102.906,-0.064
20579,103.159,-0.0638
20580,103.51,-0.0635
20581,103.775,-0.061
20582,103.864,-0.06
20583,103.785,-0.061
20584,103.594,-0.062
20585,103.396,-0.0633
20586,103.31,-0.065
20587,103.382,-0.0658
20588,103.556,-0.0678
20589,103.714,-0.0697
20590,103.781,-0.0703
20591,103.783,-0.0708
20592,103.778,-0.0713
20593,103.785,-0.074
20594,103.796,-0.0762
20595,103.803,-0.0785
20596,103.806,-0.0807
20597,103.803,-0.0828
20598,103.793,-0.0852
20599,103.777,-0.0878
20600,103.757,-0.0902
20601,103.74,-0.0935
20602,103.728,-0.0945
20603,103.72,-0.0955
20604,103.735,-0.1015
20605,103.826,-0.1068
20606,104.009,-0.1128
20607,104.2,-0.1187
20608,104.284,-0.1228
20609,104.206,-0.1258
20610,104.02,-0.1308
20611,103.85,-0.1358
20612,103.767,-0.141
20613,103.691,-0.1467
20614,103.481,-0.152
20615,103.1,-0.1573
20616,102.642,-0.1625
20617,102.251,-0.1677
20618,102.021,-0.1718
20619,101.936,-0.1757
20620,101.928,-0.18
20621,101.999,-0.186
20622,102.223,-0.1913
20623,102.619,-0.1945
20624,103.092,-0.198
20625,103.5,-0.2012
20626,103.746,-0.2037
20627,103.835,-0.2075
20628,103.828,-0.2103
20629,103.735,-0.2127
20630,103.559,-0.2168
20631,103.377,-0.221
20632,103.303,-0.2253
20633,103.386,-0.226
20634,103.56,-0.2273
20635,103.648,-0.2288
20636,103.494,-0.2302
20637,103.107,-0.2312
20638,102.634,-0.2325
20639,102.236,-0.233
20640,102.009,-0.2338
20641,101.948,-0.2338
20642,101.952,-0.2355
20643,101.899,-0.239
20644,101.75,-0.2385
20645,101.586,-0.2393
20646,101.509,-0.2395
20647,101.501,-0.2383
20648,101.43,-0.239
20649,101.194,-0.2397
20650,100.857,-0.2407
20651,100.611,-0.2417
20652,100.594,-0.2423
20653,100.811,-0.2427
20654,101.208,-0.2433
20655,101.758,-0.2442
20656,102.421,-0.2452
20657,103.077,-0.2455
20658,103.564,-0.2457
20659,103.81,-0.246
20660,103.866,-0.2465
20661,103.839,-0.247
20662,103.8,-0.2452
20663,103.776,-0.2462
20664,103.75,-0.247
20665,103.669,-0.2488
20666,103.511,-0.2495
20667,103.348,-0.25
20668,103.28,-0.2492
20669,103.355,-0.2498
20670,103.533,-0.2498
20671,103.695,-0.2495
20672,103.704,-0.2492
20673,103.496,-0.2492
20674,103.111,-0.246
20675,102.645,-0.2455
20676,102.17,-0.245
20677,101.699,-0.245
20678,101.215,-0.2445
20679,100.736,-0.245
20680,100.346,-0.2452
20681,100.131,-0.2455
20682,100.082,-0.2442
20683,100.112,-0.242
20684,100.136,-0.2397
20685,100.076,-0.2363
20686,99.834,-0.2332
20687,99.347,-0.2322
20688,98.689,-0.232
20689,98.083,-0.2318
20690,97.769,-0.2312
20691,97.847,-0.23
20692,98.2,-0.23
20693,98.563,-0.23
20694,98.72,-0.23
20695,98.657,-0.2282
20696,98.548,-0.2265
20697,98.608,-0.2255
20698,98.921,-0.2245
20699,99.389,-0.2235
20700,99.871,-0.2227
20701,100.268,-0.2235
20702,100.517,-0.2268
20703,100.591,-0.2255
20704,100.525,-0.224
20705,100.432,-0.2217
20706,100.432,-0.2205
20707,100.527,-0.218
20708,100.571,-0.217
20709,100.415,-0.215
20710,100.07,-0.2135
20711,99.719,-0.211
20712,99.565,-0.2117
20713,99.703,-0.213
20714,100.12,-0.217
20715,100.703,-0.217
20716,101.267,-0.217
20717,101.617,-0.217
20718,101.616,-0.2175
20719,101.281,-0.2172
20720,100.794,-0.2165
20721,100.377,-0.2145
20722,100.133,-0.214
20723,99.987,-0.2127
20724,99.776,-0.2115
20725,99.401,-0.211
20726,98.867,-0.2105
20727,98.25,-0.2103
20728,97.689,-0.209
20729,97.295,-0.208
20730,97.062,-0.2085
20731,96.913,-0.2097
20732,96.771,-0.2085
20733,96.609,-0.2067
20734,96.53,-0.206
20735,96.698,-0.2065
20736,97.176,-0.207
20737,97.882,-0.2083
20738,98.612,-0.2112
20739,99.144,-0.2142
20740,99.358,-0.2165
20741,99.267,-0.2162
20742,98.993,-0.2178
20743,98.74,-0.2193
20744,98.711,-0.221
20745,99.091,-0.2227
20746,99.96,-0.2275
20747,101.154,-0.231
20748,102.341,-0.234
20749,103.287,-0.237
20750,103.976,-0.2403
20751,104.503,-0.247
20752,104.896,-0.2485
20753,105.047,-0.25
20754,104.865,-0.2512
20755,104.467,-0.2535
20756,104.139,-0.2577
20757,104.064,-0.2597
20758,104.18,-0.2607
20759,104.351,-0.2632
20760,104.53,-0.2662
20761,104.694,-0.2712
20762,104.772,-0.2762
20763,104.685,-0.2805
20764,104.414,-0.2845
20765,104.07,-0.2893
20766,103.83,-0.294
20767,103.757,-0.2973
20768,103.773,-0.3005
20769,103.797,-0.3035
20770,103.813,-0.3053
20771,103.814,-0.3073
20772,103.74,-0.3108
20773,103.509,-0.3145
20774,103.113,-0.317
20775,102.648,-0.3197
20776,102.238,-0.3225
20777,101.91,-0.3245
20778,101.59,-0.3255
20779,101.247,-0.3265
20780,101.008,-0.3272
20781,101.079,-0.329
20782,101.555,-0.329
20783,102.305,-0.3312
20784,103.037,-0.3335
20785,103.474,-0.3357
20786,103.491,-0.335
20787,103.15,-0.3367
20788,102.652,-0.3385
20789,102.213,-0.3402
20790,101.956,-0.341
20791,101.892,-0.3395
20792,101.985,-0.34
20793,102.179,-0.3405
20794,102.352,-0.3435
20795,102.341,-0.3448
20796,102.094,-0.344
20797,101.75,-0.3455
20798,101.518,-0.3495
20799,101.448,-0.3528
20800,101.377,-0.356
20801,101.127,-0.3583
20802,100.732,-0.3593
20803,100.427,-0.3625
20804,100.365,-0.366
20805,100.412,-0.368
20806,100.333,-0.3697
20807,100.081,-0.3715
20808,99.833,-0.3735
20809,99.816,-0.3755
20810,100.078,-0.3772
20811,100.405,-0.3788
20812,100.551,-0.3802
20813,100.474,-0.382
20814,100.29,-0.383
20815,100.132,-0.384
20816,100.065,-0.3857
20817,100.074,-0.3875
20818,100.172,-0.3885
20819,100.402,-0.3887
20820,100.712,-0.3882
20821,100.994,-0.3877
20822,101.295,-0.3872
20823,101.812,-0.3852
20824,102.626,-0.3845
20825,103.552,-0.3838
20826,104.262,-0.3842
20827,104.517,-0.3838
20828,104.365,-0.384
20829,104.09,-0.3825
20830,103.961,-0.382
20831,104.131,-0.3818
20832,104.71,-0.382
20833,105.72,-0.3828
20834,106.989,-0.3798
20835,108.204,-0.3785
20836,109.152,-0.3775
20837,109.876,-0.3775
20838,110.509,-0.3772
20839,111.07,-0.3768
20840,111.418,-0.3747
20841,111.35,-0.373
20842,110.787,-0.3725
20843,109.822,-0.3707
20844,108.604,-0.369
20845,107.317,-0.3675
20846,106.213,-0.3655
20847,105.461,-0.3642
20848,104.95,-0.3632
20849,104.356,-0.3625
20850,103.472,-0.3618
20851,102.481,-0.361
20852,101.839,-0.3615
20853,101.844,-0.3622
20854,102.388,-0.3632
20855,103.091,-0.3642
20856,103.612,-0.3645
20857,103.766,-0.3642
20858,103.502,-0.3638
20859,102.894,-0.3625
20860,102.115,-0.362
20861,101.38,-0.3578
20862,100.961,-0.3598
20863,101.056,-0.3628
20864,101.567,-0.3612
20865,102.161,-0.3598
20866,102.529,-0.3583
20867,102.543,-0.3578
20868,102.242,-0.358
20869,101.66,-0.3588
20870,100.661,-0.3593
20871,99.077,-0.3602
20872,96.944,-0.361
20873,94.63,-0.3612
20874,92.868,-0.3595
20875,92.495,-0.3578
20876,93.847,-0.3565
20877,96.429,-0.3555
20878,99.177,-0.352
20879,101.099,-0.3478
20880,101.911,-0.345
20881,102.09,-0.343
20882,102.252,-0.3407
20883,102.624,-0.3382
20884,103.098,-0.3357
20885,103.501,-0.3325
20886,103.727,-0.3312
20887,103.797,-0.33
20888,103.8,-0.3285
20889,103.795,-0.3267
20890,103.804,-0.3255
20891,103.879,-0.3243
20892,104.104,-0.3217
20893,104.495,-0.319
20894,104.97,-0.3178
20895,105.383,-0.3155
20896,105.556,-0.313
20897,105.338,-0.311
20898,104.7,-0.3098
20899,103.785,-0.3105
20900,102.876,-0.3115
20901,102.301,-0.3158
20902,102.225,-0.314
20903,102.512,-0.3128
20904,102.867,-0.3148
20905,103.062,-0.317
20906,103.005,-0.318
20907,102.743,-0.3192
20908,102.437,-0.319
20909,102.25,-0.3197
20910,102.243,-0.3192
20911,102.338,-0.3187
20912,102.403,-0.318
20913,102.406,-0.312
20914,102.46,-0.3095
20915,102.689,-0.307
20916,103.076,-0.3108
20917,103.462,-0.3118
20918,103.697,-0.314
20919,103.768,-0.317
20920,103.76,-0.3205
20921,103.749,-0.323
20922,103.744,-0.3257
20923,103.677,-0.3285
20924,103.456,-0.3312
20925,103.06,-0.3342
20926,102.598,-0.336
20927,102.287,-0.3377
20928,102.286,-0.3395
20929,102.543,-0.3405
20930,102.864,-0.3407
20931,103.105,-0.341
20932,103.201,-0.3415
20933,103.124,-0.3417
20934,102.888,-0.3425
20935,102.563,-0.344
20936,102.303,-0.3453
20937,102.308,-0.3465
20938,102.627,-0.3463
20939,103.099,-0.3455
20940,103.498,-0.3465
20941,103.646,-0.348
20942,103.476,-0.3493
20943,103.061,-0.35
20944,102.549,-0.3513
20945,102.141,-0.352
20946,102.129,-0.3528
20947,102.788,-0.353
20948,104.114,-0.353
20949,105.665,-0.353
20950,106.684,-0.3535
20951,106.572,-0.353
20952,105.383,-0.353
20953,103.807,-0.3583
20954,102.711,-0.364
20955,102.584,-0.369
20956,103.219,-0.3658
20957,103.919,-0.3655
20958,104.048,-0.366
20959,103.443,-0.3665
20960,102.48,-0.3665
20961,101.781,-0.3673
20962,101.8,-0.368
20963,102.673,-0.3693
20964,104.348,-0.3705
20965,106.673,-0.372
20966,109.34,-0.3727
20967,111.894,-0.3735
20968,113.885,-0.3733
20969,115.062,-0.3737
20970,115.446,-0.3747
20971,115.199,-0.3765
20972,114.38,-0.3778
20973,112.947,-0.378
20974,110.998,-0.3768
20975,108.89,-0.3755
20976,107.118,-0.3762
20977,106.101,-0.3762
20978,105.908,-0.3772
20979,106.185,-0.3782
20980,106.47,-0.3778
20981,106.572,-0.376
20982,106.563,-0.3743
20983,106.555,-0.3737
20984,106.564,-0.3727
20985,106.551,-0.3713
20986,106.536,-0.3695
20987,106.626,-0.3685
20988,106.882,-0.3678
20989,107.153,-0.3673
20990,107.183,-0.3675
20991,106.877,-0.3678
20992,106.334,-0.3635
20993,105.693,-0.3658
20994,105.062,-0.3655
20995,104.51,-0.366
20996,104.029,-0.3678
20997,103.569,-0.3683
20998,103.097,-0.3693
20999,102.628,-0.3703
21000,102.223,-0.3693
21001,101.912,-0.368
21002,101.674,-0.3683
21003,101.499,-0.368
21004,101.426,-0.3678
21005,101.505,-0.3665
21006,101.751,-0.3645
21007,102.079,-0.3625
21008,102.334,-0.3615
21009,102.412,-0.3608
21010,102.331,-0.359
21011,102.21,-0.3555
21012,102.207,-0.3523
21013,102.383,-0.3505
21014,102.62,-0.3495
21015,102.739,-0.3493
21016,102.715,-0.3478
21017,102.703,-0.347
21018,102.851,-0.3455
21019,103.156,-0.3438
21020,103.487,-0.3417
21021,103.715,-0.3427
21022,103.863,-0.3432
21023,104.094,-0.3425
21024,104.503,-0.3417
21025,105.013,-0.3417
21026,105.372,-0.343
21027,105.226,-0.3438
21028,104.349,-0.3445
21029,102.954,-0.3453
21030,101.629,-0.3455
21031,100.896,-0.3458
21032,100.813,-0.3508
21033,101.018,-0.3498
21034,101.18,-0.3503
21035,101.361,-0.3508
21036,101.796,-0.3518
21037,102.454,-0.3525
21038,102.98,-0.3515
21039,103.045,-0.3505
21040,102.642,-0.3515
21041,102.059,-0.3523
21042,101.622,-0.3525
21043,101.473,-0.3528
21044,101.551,-0.353
21045,101.664,-0.3543
21046,101.594,-0.357
21047,101.249,-0.3602
21048,100.766,-0.3635
21049,100.417,-0.3665
21050,100.416,-0.37
21051,100.761,-0.374
21052,101.259,-0.378
21053,101.683,-0.3802
21054,101.91,-0.3812
21055,101.96,-0.3812
21056,101.931,-0.381
21057,101.901,-0.3808
21058,101.901,-0.382
21059,101.993,-0.3835
21060,102.241,-0.3855
21061,102.586,-0.3845
21062,102.828,-0.3835
21063,102.742,-0.3825
21064,102.239,-0.3812
21065,101.485,-0.38
21066,100.859,-0.3785
21067,100.691,-0.377
21068,100.957,-0.3753
21069,101.316,-0.3735
21070,101.475,-0.3743
21071,101.468,-0.375
21072,101.524,-0.375
21073,101.779,-0.375
21074,102.112,-0.3753
21075,102.278,-0.3757
21076,102.188,-0.3757
21077,101.93,-0.3757
21078,101.597,-0.3757
21079,101.254,-0.3757
21080,101.034,-0.3757
21081,101.067,-0.3757
21082,101.343,-0.3743
21083,101.69,-0.3727
21084,101.921,-0.3705
21085,101.993,-0.3693
21086,101.987,-0.3673
21087,101.972,-0.3648
21088,101.967,-0.3622
21089,102.029,-0.3598
21090,102.253,-0.359
21091,102.648,-0.3588
21092,103.059,-0.3588
21093,103.251,-0.3573
21094,103.084,-0.3568
21095,102.603,-0.3565
21096,102.024,-0.3568
21097,101.599,-0.3568
21098,101.446,-0.356
21099,101.515,-0.3553
21100,101.676,-0.3543
21101,101.821,-0.3543
21102,101.957,-0.3548
21103,102.204,-0.3555
21104,102.622,-0.354
21105,103.119,-0.3525
21106,103.541,-0.3503
21107,103.78,-0.348
21108,103.775,-0.348
21109,103.462,-0.348
21110,102.795,-0.3463
21111,101.872,-0.3445
21112,101.03,-0.3425
21113,100.76,-0.3402
21114,101.34,-0.3382
21115,102.536,-0.336
21116,103.723,-0.334
21117,104.32,-0.332
21118,104.137,-0.3305
21119,103.445,-0.329
21120,102.706,-0.327
21121,102.202,-0.3247
21122,101.966,-0.323
21123,101.962,-0.3213
21124,102.19,-0.32
21125,102.612,-0.3175
21126,103.046,-0.3158
21127,103.192,-0.3138
21128,102.82,-0.3118
21129,101.948,-0.3098
21130,100.823,-0.3063
21131,99.757,-0.3025
21132,98.972,-0.2985
21133,98.501,-0.2975
21134,98.198,-0.2963
21135,97.885,-0.2945
21136,97.613,-0.2923
21137,97.742,-0.2903
21138,98.617,-0.2883
21139,100.176,-0.287
21140,101.908,-0.2855
21141,103.214,-0.2843
21142,103.825,-0.2828
21143,103.858,-0.2795
21144,103.55,-0.2787
21145,103.083,-0.278
21146,102.655,-0.2767
21147,102.5,-0.2757
21148,102.707,-0.2727
21149,103.072,-0.2697
21150,103.265,-0.267
21151,103.165,-0.2642
21152,102.963,-0.2617
21153,102.93,-0.259
21154,103.151,-0.2563
21155,103.48,-0.2535
21156,103.735,-0.2502
21157,103.898,-0.247
21158,104.052,-0.2437
21159,104.217,-0.2405
21160,104.366,-0.2377
21161,104.475,-0.2352
21162,104.493,-0.2355
21163,104.333,-0.232
21164,103.924,-0.2285
21165,103.313,-0.2245
21166,102.73,-0.2213
21167,102.411,-0.2182
21168,102.363,-0.2152
21169,102.397,-0.2122
21170,102.345,-0.21
21171,102.177,-0.2077
21172,101.984,-0.2055
21173,101.906,-0.2033
21174,102.112,-0.204
21175,102.685,-0.2008
21176,103.44,-0.1975
21177,104,-0.1943
21178,104.103,-0.191
21179,103.806,-0.1883
21180,103.396,-0.1855
21181,103.08,-0.1815
21182,102.831,-0.1792
21183,102.539,-0.1782
21184,102.23,-0.1772
21185,102.027,-0.178
21186,101.945,-0.1792
21187,101.848,-0.178
21188,101.663,-0.1767
21189,101.531,-0.1755
21190,101.667,-0.174
21191,102.15,-0.1735
21192,102.891,-0.172
21193,103.705,-0.1705
21194,104.419,-0.1685
21195,104.962,-0.1675
21196,105.34,-0.1667
21197,105.559,-0.166
21198,105.636,-0.1653
21199,105.566,-0.1645
21200,105.275,-0.1633
21201,104.723,-0.1603
21202,104.02,-0.1545
21203,103.394,-0.1545
21204,103.07,-0.1547
21205,103.11,-0.1555
21206,103.356,-0.1555
21207,103.547,-0.156
21208,103.498,-0.1565
21209,103.175,-0.1565
21210,102.64,-0.1555
21211,101.935,-0.156
21212,101.05,-0.1535
21213,100.003,-0.151
21214,98.939,-0.1455
21215,98.119,-0.1455
21216,97.735,-0.1447
21217,97.812,-0.144
21218,98.307,-0.1432
21219,99.202,-0.1415
21220,100.415,-0.1398
21221,101.667,-0.1405
21222,102.502,-0.1398
21223,102.523,-0.1388
21224,101.639,-0.1378
21225,100.088,-0.135
21226,98.275,-0.131
21227,96.639,-0.1285
21228,95.589,-0.126
21229,95.341,-0.1242
21230,95.72,-0.1205
21231,96.316,-0.1157
21232,96.877,-0.1135
21233,97.432,-0.1113
21234,98.128,-0.1085
21235,99.041,-0.1048
21236,99.996,-0.1005
21237,100.626,-0.0963
21238,100.714,-0.09
21239,100.414,-0.0838
21240,100.124,-0.078
21241,100.273,-0.074
21242,101.115,-0.0692
21243,102.461,-0.0638
21244,103.626,-0.0583
21245,103.828,-0.053
21246,102.697,-0.047
21247,100.472,-0.0405
21248,97.853,-0.034
21249,95.609,-0.028
21250,94.164,-0.0212
21251,93.489,-0.0128
21252,93.394,-0.0073
21253,93.768,-0.0017
21254,94.422,0.0032
21255,94.93,0.0092
21256,94.813,0.0145
21257,93.888,0.0202
21258,92.509,0.025
21259,91.484,0.031
21260,91.58,0.037
21261,92.982,0.0443
21262,95.194,0.0515
21263,97.422,0.0578
21264,99.054,0.064
21265,99.878,0.0715
21266,99.997,0.0777
21267,99.69,0.0818
21268,99.272,0.0857
21269,98.919,0.0905
21270,98.725,0.0935
21271,98.871,0.0968
21272,99.525,0.101
21273,100.64,0.1053
21274,101.974,0.108
21275,103.168,0.1108
21276,103.939,0.113
21277,104.283,0.1153
21278,104.344,0.1162
21279,104.109,0.1172
21280,103.467,0.118
21281,102.496,0.1187
21282,101.465,0.1187
21283,100.599,0.12
21284,99.939,0.1215
21285,99.359,0.1228
21286,98.68,0.1233
21287,97.853,0.1235
21288,96.922,0.124
21289,95.832,0.1245
21290,94.448,0.124
21291,92.781,0.1233
21292,90.979,0.1225
21293,89.175,0.1218
21294,87.455,0.1215
21295,85.909,0.122
21296,84.659,0.1225
21297,83.836,0.1225
21298,83.409,0.1235
21299,83.123,0.1235
21300,82.747,0.1235
21301,82.288,0.1235
21302,81.881,0.1238
21303,81.557,0.1255
21304,81.169,0.1273
21305,80.601,0.1278
21306,79.951,0.1283
21307,79.474,0.129
21308,79.381,0.1308
21309,79.717,0.1325
21310,80.371,0.1342
21311,81.165,0.1373
21312,81.907,0.1407
21313,82.441,0.1442
21314,82.81,0.1473
21315,83.267,0.151
21316,84.046,0.1547
21317,85.111,0.1585
21318,86.108,0.162
21319,86.602,0.1648
21320,86.371,0.1685
21321,85.476,0.1723
21322,84.153,0.176
21323,82.698,0.1782
21324,81.416,0.1795
21325,80.56,0.181
21326,80.189,0.184
21327,80.141,0.1855
21328,80.229,0.1867
21329,80.383,0.1872
21330,80.619,0.1878
21331,80.947,0.1878
21332,81.298,0.1878
21333,81.542,0.1883
21334,81.616,0.1862
21335,81.582,0.1835
21336,81.545,0.1808
21337,81.586,0.1792
21338,81.738,0.1767
21339,81.981,0.1742
21340,82.293,0.172
21341,82.701,0.1698
21342,83.238,0.1672
21343,83.878,0.1628
21344,84.516,0.1583
21345,85.062,0.154
21346,85.53,0.1497
21347,85.982,0.1467
21348,86.424,0.142
21349,86.805,0.1373
21350,87.101,0.1325
21351,87.341,0.1263
21352,87.524,0.1205
21353,87.6,0.1145
21354,87.548,0.1085
21355,87.462,0.1017
21356,87.466,0.095
21357,87.565,0.087
21358,87.623,0.0785
21359,87.474,0.0708
21360,87.057,0.0622
21361,86.488,0.0493
21362,86.004,0.0413
21363,85.816,0.0347
21364,85.99,0.0267
21365,86.406,0.0187
21366,86.825,0.0087
21367,87.011,0.0005
21368,86.867,-0.006
21369,86.47,-0.0118
21370,85.991,-0.0172
21371,85.595,-0.0225
21372,85.378,-0.0272
21373,85.321,-0.0325
21374,85.331,-0.0377
21375,85.334,-0.0432
21376,85.319,-0.048
21377,85.299,-0.0522
21378,85.282,-0.0572
21379,85.275,-0.0622
21380,85.279,-0.0675
21381,85.287,-0.0723
21382,85.284,-0.0772
21383,85.248,-0.0813
21384,85.227,-0.0852
21385,85.421,-0.0888
21386,86.04,-0.0902
21387,87.034,-0.0917
21388,88.067,-0.0925
21389,88.745,-0.0932
21390,88.892,-0.0935
21391,88.639,-0.094
21392,88.199,-0.095
21393,87.618,-0.0958
21394,86.838,-0.0948
21395,85.881,-0.0938
21396,84.91,-0.0927
21397,84.127,-0.091
21398,83.645,-0.089
21399,83.498,-0.087
21400,83.683,-0.085
21401,84.116,-0.079
21402,84.628,-0.0775
21403,85.047,-0.076
21404,85.288,-0.0723
21405,85.356,-0.0685
21406,85.213,-0.0645
21407,84.678,-0.0605
21408,83.585,-0.0583
21409,81.999,-0.0565
21410,80.222,-0.055
21411,78.635,-0.0548
21412,77.526,-0.0548
21413,76.993,-0.061
21414,76.947,-0.0648
21415,77.213,-0.0687
21416,77.633,-0.066
21417,78.108,-0.065
21418,78.594,-0.0622
21419,79.078,-0.0595
21420,79.549,-0.0578
21421,80.012,-0.0567
21422,80.482,-0.0555
21423,80.938,-0.0542
21424,81.315,-0.0532
21425,81.583,-0.0522
21426,81.852,-0.0532
21427,82.291,-0.0542
21428,82.966,-0.0553
21429,83.758,-0.0572
21430,84.468,-0.0598
21431,84.959,-0.062
21432,85.207,-0.0643
21433,85.227,-0.0673
21434,85.014,-0.0692
21435,84.546,-0.0713
21436,83.828,-0.0732
21437,82.933,-0.077
21438,81.999,-0.0825
21439,81.156,-0.0883
21440,80.434,-0.0925
21441,79.712,-0.0963
21442,78.801,-0.0983
21443,77.62,-0.1002
21444,76.317,-0.1022
21445,75.205,-0.1043
21446,74.5,-0.1058
21447,74.068,-0.1075
21448,73.499,-0.1092
21449,72.487,-0.1105
21450,71.07,-0.113
21451,69.558,-0.1143
21452,68.307,-0.1157
21453,67.486,-0.1105
21454,66.987,-0.1048
21455,66.573,-0.1002
21456,66.029,-0.103
21457,65.228,-0.1058
21458,64.243,-0.1098
21459,63.351,-0.1133
21460,62.812,-0.1157
21461,62.687,-0.1195
21462,62.82,-0.1233
21463,62.93,-0.1253
21464,62.8,-0.127
21465,62.425,-0.1295
21466,61.878,-0.1332
21467,61.17,-0.137
21468,60.297,-0.1395
21469,59.325,-0.1412
21470,58.426,-0.1425
21471,57.857,-0.1437
21472,57.848,-0.1452
21473,58.432,-0.146
21474,59.404,-0.149
21475,60.394,-0.1515
21476,61.04,-0.1547
21477,61.238,-0.1557
21478,61.224,-0.155
21479,61.341,-0.154
21480,61.745,-0.1547
21481,62.306,-0.158
21482,62.774,-0.1633
21483,63.019,-0.1667
21484,63.098,-0.1705
21485,63.107,-0.174
21486,63.04,-0.178
21487,62.799,-0.1818
21488,62.295,-0.1862
21489,61.531,-0.1905
21490,60.682,-0.1935
21491,60.106,-0.197
21492,60.182,-0.207
21493,61.016,-0.2107
21494,62.338,-0.2162
21495,63.704,-0.2205
21496,64.802,-0.225
21497,65.617,-0.229
21498,66.36,-0.2318
21499,67.243,-0.235
21500,68.363,-0.238
21501,69.768,-0.2393
21502,71.515,-0.2405
21503,73.537,-0.242
21504,75.471,-0.2435
21505,76.756,-0.246
21506,77.032,-0.2472
21507,76.464,-0.2482
21508,75.676,-0.2515
21509,75.329,-0.2545
21510,75.654,-0.259
21511,76.325,-0.2627
21512,76.822,-0.2662
21513,76.898,-0.2697
21514,76.713,-0.2725
21515,76.655,-0.2745
21516,77.045,-0.2757
21517,77.899,-0.277
21518,78.935,-0.2785
21519,79.826,-0.28
21520,80.442,-0.2828
21521,80.865,-0.2833
21522,81.244,-0.284
21523,81.633,-0.2865
21524,81.959,-0.289
21525,82.157,-0.2923
21526,82.232,-0.293
21527,82.197,-0.2938
21528,82.076,-0.2938
21529,81.972,-0.294
21530,82.068,-0.295
21531,82.565,-0.2955
21532,83.558,-0.2895
21533,84.872,-0.2908
21534,86.062,-0.2908
21535,86.697,-0.2903
21536,86.614,-0.2888
21537,85.935,-0.2878
21538,84.951,-0.2868
21539,83.913,-0.2858
21540,82.854,-0.2853
21541,81.749,-0.285
21542,80.775,-0.286
21543,80.224,-0.2883
21544,80.246,-0.2903
21545,80.753,-0.2913
21546,81.494,-0.2928
21547,82.202,-0.2938
21548,82.751,-0.2945
21549,83.132,-0.2952
21550,83.341,-0.295
21551,83.395,-0.2963
21552,83.382,-0.2975
21553,83.435,-0.3003
21554,83.668,-0.3033
21555,84.082,-0.3085
21556,84.513,-0.3138
21557,84.702,-0.319
21558,84.452,-0.324
21559,83.792,-0.329
21560,83.005,-0.3322
21561,82.488,-0.3367
21562,82.555,-0.3412
21563,83.287,-0.346
21564,84.456,-0.3508
21565,85.651,-0.355
21566,86.603,-0.3615
21567,87.356,-0.3678
21568,88.129,-0.3745
21569,89.017,-0.3808
21570,89.822,-0.3862
21571,90.219,-0.3913
21572,90.107,-0.3962
21573,89.752,-0.4005
21574,89.561,-0.4047
21575,89.741,-0.409
21576,90.172,-0.4143
21577,90.528,-0.4185
21578,90.553,-0.4228
21579,90.278,-0.427
21580,89.938,-0.431
21581,89.746,-0.435
21582,89.738,-0.4375
21583,89.784,-0.4407
21584,89.71,-0.4455
21585,89.434,-0.4492
21586,88.965,-0.4525
21587,88.378,-0.4565
21588,87.815,-0.4597
21589,87.46,-0.4635
21590,87.46,-0.4672
21591,87.802,-0.4703
21592,88.298,-0.4732
21593,88.725,-0.475
21594,88.959,-0.4773
21595,88.99,-0.4785
21596,88.881,-0.4797
21597,88.764,-0.4813
21598,88.824,-0.483
21599,89.17,-0.4848
21600,89.732,-0.4868
21601,90.313,-0.4868
21602,90.708,-0.487
21603,90.842,-0.4868
21604,90.773,-0.4862
21605,90.603,-0.4857
21606,90.441,-0.485
21607,90.367,-0.4848
21608,90.363,-0.484
21609,90.314,-0.4837
21610,90.078,-0.4837
21611,89.542,-0.4837
21612,88.69,-0.4837
21613,87.651,-0.484
21614,86.623,-0.4842
21615,85.756,-0.4845
21616,85.086,-0.484
21617,84.494,-0.4842
21618,83.805,-0.4845
21619,83.007,-0.4845
21620,82.291,-0.4848
21621,81.876,-0.485
21622,81.82,-0.4853
21623,81.951,-0.4855
21624,81.976,-0.4845
21625,81.684,-0.4848
21626,81.111,-0.485
21627,80.473,-0.485
21628,79.932,-0.485
21629,79.471,-0.4842
21630,78.987,-0.4835
21631,78.468,-0.4828
21632,78.1,-0.482
21633,78.223,-0.481
21634,79.096,-0.4793
21635,80.636,-0.4775
21636,82.43,-0.4757
21637,83.981,-0.4738
21638,85.007,-0.4718
21639,85.538,-0.4698
21640,85.757,-0.4677
21641,85.791,-0.4662
21642,85.685,-0.4647
21643,85.482,-0.4635
21644,85.302,-0.4625
21645,85.291,-0.4615
21646,85.534,-0.4622
21647,86.027,-0.463
21648,86.657,-0.4637
21649,87.27,-0.4642
21650,87.857,-0.464
21651,88.617,-0.4645
21652,89.714,-0.465
21653,91.011,-0.4677
21654,92.144,-0.4708
21655,92.863,-0.4743
21656,93.225,-0.479
21657,93.445,-0.484
21658,93.612,-0.4893
21659,93.61,-0.4938
21660,93.249,-0.498
21661,92.463,-0.5022
21662,91.417,-0.5068
21663,90.433,-0.5105
21664,89.833,-0.5148
21665,89.764,-0.52
21666,90.103,-0.5255
21667,90.547,-0.5318
21668,90.841,-0.5383
21669,90.82,-0.545
21670,90.322,-0.5517
21671,89.215,-0.5587
21672,87.539,-0.566
21673,85.587,-0.5732
21674,83.805,-0.581
21675,82.527,-0.5907
21676,81.819,-0.5998
21677,81.543,-0.6078
21678,81.498,-0.614
21679,81.523,-0.618
21680,81.554,-0.6218
21681,81.616,-0.6265
21682,81.664,-0.631
21683,81.347,-0.6355
21684,80.203,-0.6398
21685,78.329,-0.642
21686,76.472,-0.6425
21687,75.27,-0.6437
21688,74.692,-0.6452
21689,74.182,-0.647
21690,73.224,-0.6492
21691,71.844,-0.6512
21692,70.555,-0.6532
21693,69.998,-0.653
21694,70.763,-0.6535
21695,73.21,-0.6528
21696,75.206,-0.6521
21697,77.203,-0.6515
21699,81.955,-0.6505
21700,84.107,-0.6497
21701,86.259,-0.649
21702,89.211,-0.6485
21703,90.711,-0.6482
21704,91.228,-0.648
21705,91.419,-0.6475
21706,91.842,-0.647
21707,92.637,-0.6457
21708,93.534,-0.6435
21709,94.185,-0.641
21710,94.416,-0.638
21711,94.253,-0.6348
21712,93.849,-0.632
21713,93.375,-0.6293
21714,92.976,-0.6262
21715,92.742,-0.6228
21716,92.664,-0.6192
21717,92.651,-0.6152
21718,92.611,-0.6092
21719,92.583,-0.605
21720,92.848,-0.602
21721,93.766,-0.6008
21722,95.38,-0.602
21723,97.301,-0.6038
21724,99,-0.6048
21725,100.159,-0.6058
21726,100.838,-0.6072
21727,101.296,-0.6088
21728,101.654,-0.6123
21729,101.878,-0.617
21730,102.014,-0.6208
21731,102.239,-0.6242
21732,102.702,-0.6275
21733,103.413,-0.6313
21734,104.242,-0.6352
21735,104.98,-0.6395
21736,105.406,-0.644
21737,105.353,-0.6475
21738,104.767,-0.6517
21739,103.702,-0.6565
21740,102.307,-0.6615
21741,100.84,-0.6673
21742,99.575,-0.6735
21743,98.621,-0.6803
21744,97.945,-0.6873
21745,97.562,-0.6947
21746,97.58,-0.7032
21747,98.032,-0.7117
21748,98.68,-0.7205
21749,98.999,-0.7298
21750,98.457,-0.7392
21751,96.936,-0.749
21752,94.869,-0.7587
21753,92.919,-0.7695
21754,91.559,-0.7802
21755,90.918,-0.7912
21756,90.775,-0.802
21757,90.633,-0.8122
21758,89.997,-0.8218
21759,88.636,-0.8297
21760,86.651,-0.8377
21761,84.445,-0.8455
21762,82.552,-0.8528
21763,81.314,-0.8595
21764,80.726,-0.8655
21765,80.52,-0.8708
21766,80.344,-0.8745
21767,79.93,-0.8778
21768,79.179,-0.881
21769,78.145,-0.883
21770,76.996,-0.8842
21771,75.93,-0.8852
21772,75.156,-0.8868
21773,74.895,-0.8882
21774,75.287,-0.8897
21775,76.321,-0.8905
21776,77.868,-0.8912
21777,79.697,-0.8912
21778,81.52,-0.8915
21779,83.065,-0.891
21780,84.191,-0.89
21781,85.072,-0.8885
21782,86.191,-0.886
21783,87.93,-0.8825
21784,90.181,-0.8783
21785,92.425,-0.8735
21786,94.151,-0.8677
21787,95.202,-0.862
21788,95.787,-0.8555
21789,96.151,-0.8488
21790,96.292,-0.8417
21791,96.069,-0.8348
21792,95.446,-0.8273
21793,94.556,-0.8193
21794,93.594,-0.8113
21795,92.716,-0.8035
21796,91.993,-0.7963
21797,91.424,-0.7903
21798,91.07,-0.7857
21799,91.128,-0.7825
21800,91.829,-0.78
21801,93.265,-0.7785
21802,95.291,-0.778
21803,97.538,-0.778
21804,99.544,-0.7788
21805,100.954,-0.7805
21806,101.646,-0.7832
21807,101.694,-0.7863
21808,101.267,-0.7893
21809,100.534,-0.7928
21810,99.641,-0.797
21811,98.733,-0.8027
21812,97.894,-0.8082
21813,97.023,-0.8127
21814,95.86,-0.8153
21815,94.156,-0.8172
21816,91.758,-0.818
21817,88.666,-0.8193
21818,85.174,-0.8197
21819,81.773,-0.8202
21820,78.91,-0.8205
21821,76.846,-0.8212
21822,75.571,-0.8225
21823,74.845,-0.8242
21824,74.433,-0.8268
21825,74.233,-0.8297
21826,74.163,-0.8332
21827,74.07,-0.8365
21828,73.823,-0.8403
21829,73.469,-0.8438
21830,73.221,-0.8483
21831,73.399,-0.8525
21832,74.444,-0.856
21833,76.701,-0.859
21834,80.013,-0.8613
21835,81.85,-0.8622
21836,83.687,-0.8632
21837,86.912,-0.8653
21838,89.194,-0.866
21839,90.554,-0.8665
21840,91.277,-0.8668
21841,91.472,-0.8665
21842,91.127,-0.865
21843,90.388,-0.8632
21844,89.532,-0.8613
21845,88.731,-0.8588
21846,88.001,-0.8552
21847,87.35,-0.8502
21848,86.888,-0.8448
21849,86.737,-0.8388
21850,86.856,-0.8323
21851,87.052,-0.8255
21852,87.179,-0.8165
21853,87.223,-0.8075
21854,87.162,-0.7993
21855,86.866,-0.7928
21856,86.178,-0.7865
21857,85.015,-0.781
21858,83.371,-0.7757
21859,81.317,-0.7712
21860,79.067,-0.767
21861,77.023,-0.7622
21862,75.694,-0.757
21863,75.492,-0.752
21864,76.517,-0.7468
21865,78.525,-0.7415
21866,81.114,-0.7345
21867,83.87,-0.7273
21868,86.364,-0.7205
21869,88.205,-0.7135
21870,89.191,-0.706
21871,89.367,-0.6977
21872,88.982,-0.6895
21873,88.361,-0.682
21874,87.784,-0.6745
21875,87.445,-0.6678
21876,87.456,-0.661
21877,87.794,-0.654
21878,88.304,-0.648
21879,88.815,-0.6415
21880,89.157,-0.635
21881,89.153,-0.628
21882,88.714,-0.6215
21883,87.952,-0.6143
21884,87.186,-0.607
21885,86.801,-0.6005
21886,86.973,-0.595
21887,87.557,-0.591
21888,88.28,-0.588
21889,88.981,-0.5867
21890,89.606,-0.5865
21891,90.132,-0.5873
21892,90.518,-0.5893
21893,90.732,-0.5915
21894,90.799,-0.5938
21895,90.799,-0.5958
21896,90.786,-0.5988
21897,90.786,-0.6022
21898,90.881,-0.606
21899,91.184,-0.6098
21900,91.685,-0.614
21901,92.259,-0.6188
21902,92.81,-0.6238
21903,93.227,-0.6285
21904,93.317,-0.6332
21905,92.897,-0.637
21906,91.88,-0.6422
21907,90.294,-0.6475
21908,88.321,-0.6528
21909,86.242,-0.658
21910,84.332,-0.6633
21911,82.83,-0.6683
21912,81.843,-0.673
21913,81.194,-0.6777
21914,80.542,-0.6822
21915,79.663,-0.6855
21916,78.543,-0.689
21917,77.229,-0.6927
21918,75.736,-0.6963
21919,74.128,-0.6995
21920,72.671,-0.7023
21921,71.726,-0.7052
21922,71.449,-0.7085
21923,71.668,-0.7123
21924,72.039,-0.7153
21925,72.286,-0.7182
21926,72.365,-0.7218
21927,72.424,-0.726
21928,72.624,-0.7302
21929,73.013,-0.7335
21930,73.547,-0.736
21931,74.106,-0.738
21932,74.519,-0.74
21933,74.673,-0.742
21934,74.537,-0.7443
21935,74.138,-0.747
21936,73.593,-0.75
21937,73.054,-0.753
21938,72.578,-0.7562
21939,72.123,-0.7598
21940,71.615,-0.7635
21941,70.934,-0.7647
21942,69.863,-0.7658
21943,68.157,-0.766
21944,65.82,-0.7658
21945,63.26,-0.766
21946,61.107,-0.77
21947,59.805,-0.7762
21948,59.26,-0.786
21949,58.932,-0.8
21950,58.362,-0.8185
21951,57.499,-0.8397
21952,56.542,-0.8632
21953,55.686,-0.8882
21954,55.012,-0.914
21955,54.42,-0.941
21956,53.67,-0.9675
21957,52.575,-0.9948
21958,51.186,-1.022
21959,49.82,-1.05
21960,49.008,-1.0785
21961,49.299,-1.1073
21962,50.723,-1.1302
21963,52.333,-1.149
21964,52.608,-1.1665
21965,50.462,-1.1785
21966,45.975,-1.1887
21967,40.362,-1.1978
21968,35.188,-1.2065
21969,31.387,-1.2172
21970,29.01,-1.2275
21971,27.687,-1.2368
21972,27.029,-1.247
21973,26.763,-1.2568
21974,26.746,-1.266
21975,26.87,-1.2755
21976,26.974,-1.2857
21977,26.913,-1.2968
21978,26.641,-1.3093
21979,26.27,-1.325
21980,26.065,-1.3413
21981,26.341,-1.363
21982,27.298,-1.386
21983,28.839,-1.4098
21984,30.478,-1.4332
21985,31.597,-1.4565
21986,31.933,-1.4757
21987,31.806,-1.4925
21988,31.813,-1.5043
21989,32.302,-1.511
21990,33.142,-1.513
21991,33.962,-1.5112
21992,34.424,-1.505
21993,34.359,-1.4968
21994,33.827,-1.4875
21995,32.967,-1.4755
21996,31.768,-1.4605
21997,30.105,-1.4432
21998,27.997,-1.4247
21999,25.799,-1.4038
22000,24.113,-1.3815
22001,23.359,-1.3585
22002,23.42,-1.3407
22003,23.792,-1.327
22004,24.08,-1.315
22005,24.236,-1.3088
22006,24.375,-1.3045
22007,24.586,-1.3057
22008,24.943,-1.3083
22009,25.485,-1.3095
22010,26.115,-1.3125
22011,26.659,-1.319
22012,27.042,-1.3233
22013,27.394,-1.3322
22014,28.001,-1.3482
22015,29.045,-1.377
22016,30.388,-1.42
22017,31.692,-1.483
22018,32.734,-1.568
22019,33.513,-1.6683
22020,34.078,-1.772
22021,34.385,-1.8638
22022,34.317,-1.9387
22023,33.779,-1.9977
22024,32.82,-2.034
22025,31.641,-2.0615
22026,30.451,-2.0825
22027,29.353,-2.099
22028,28.321,-2.113
22029,27.189,-2.121
22030,25.693,-2.1255
22031,23.619,-2.1268
22032,20.926,-2.1278
22033,17.774,-2.127
22034,14.496,-2.1215
22035,11.471,-2.1172
22036,8.97,-2.0984
22037,7.167,-2.0984
22038,6.184,-2.0984
22039,5.988,-2.0984
22040,6.401,-2.0984
22041,7.24,-2.0984
22042,8.358,-2.0984
22043,9.624,-2.0984
22044,10.901,-2.0984
22045,12.05,-2.0795
22046,13.041,-2.073
22047,14.024,-2.063
22048,15.17,-2.0518
22049,16.498,-2.039
22050,17.886,-2.023
22051,19.211,-2.004
22052,20.456,-1.983
22053,21.683,-1.9572
22054,22.925,-1.9243
22055,24.167,-1.8767
22056,25.418,-1.8135
22057,26.674,-1.729
22058,27.839,-1.6205
22059,28.781,-1.4918
22060,29.423,-1.3583
22061,29.719,-1.234
22062,29.562,-1.1255
22063,28.843,-1.0333
22064,27.669,-0.9643
22065,26.455,-0.9045
22066,25.725,-0.8515
22067,25.745,-0.8033
22068,26.281,-0.759
22069,26.838,-0.7215
22070,27.163,-0.6883
22071,27.382,-0.6603
22072,27.748,-0.635
22073,28.399,-0.614
22074,29.267,-0.5982
22075,30.147,-0.5855
22076,30.858,-0.5738
22077,31.31,-0.5667
22078,31.455,-0.5603
22079,31.287,-0.5543
22080,30.893,-0.5473
22081,30.426,-0.543
22082,30.032,-0.5387
22083,29.791,-0.5345
22084,29.694,-0.5298
22085,29.667,-0.5245
22086,29.659,-0.5222
22087,29.665,-0.5168
22088,29.696,-0.5097
22089,29.729,-0.503
22090,29.674,-0.498
22091,29.441,-0.4933
22092,29.094,-0.4915
22093,28.894,-0.4888
22094,29.1,-0.4862
22095,29.73,-0.485
22096,30.543,-0.484
22097,31.265,-0.4833
22098,31.82,-0.482
22099,32.303,-0.4825
22100,32.773,-0.482
22101,33.159,-0.4815
22102,33.364,-0.481
22103,33.406,-0.4808
22104,33.444,-0.4808
22105,33.661,-0.4805
22106,34.149,-0.4797
22107,34.889,-0.4793
22108,35.716,-0.4785
22109,36.356,-0.4777
22110,36.603,-0.477
22111,36.491,-0.4752
22112,36.225,-0.473
22113,35.993,-0.4685
22114,35.84,-0.4637
22115,35.649,-0.458
22116,35.258,-0.4525
22117,34.62,-0.4472
22118,33.816,-0.4425
22119,32.982,-0.438
22120,32.269,-0.4333
22121,31.806,-0.4262
22122,31.668,-0.4193
22123,31.858,-0.4128
22124,32.278,-0.4062
22125,32.762,-0.3995
22126,33.146,-0.393
22127,33.328,-0.3872
22128,33.353,-0.3832
22129,33.466,-0.3795
22130,33.983,-0.376
22131,35.042,-0.373
22132,36.491,-0.37
22133,37.954,-0.3683
22134,39.072,-0.3663
22135,39.742,-0.364
22136,40.135,-0.3615
22137,40.498,-0.3588
22138,40.96,-0.3563
22139,41.442,-0.353
22140,41.753,-0.3508
22141,41.758,-0.3485
22142,41.438,-0.346
22143,40.877,-0.3432
22144,40.245,-0.3405
22145,39.679,-0.3382
22146,39.185,-0.3367
22147,38.722,-0.3355
22148,38.326,-0.3355
22149,38.081,-0.3365
22150,38.015,-0.3387
22151,38.097,-0.3412
22152,38.327,-0.3468
22153,38.781,-0.3558
22154,39.571,-0.371
22155,40.692,-0.3905
22156,41.885,-0.4148
22157,42.772,-0.4215
22158,43.151,-0.429
22159,43.055,-0.4367
22160,42.657,-0.4445
22161,42.204,-0.4515
22162,41.795,-0.4568
22163,41.164,-0.4677
22164,39.886,-0.4775
22165,37.775,-0.486
22166,35.001,-0.4927
22167,31.929,-0.4998
22168,28.813,-0.5058
22169,25.609,-0.5097
22170,22.168,-0.5122
22171,18.586,-0.5128
22172,15.216,-0.5125
22173,12.406,-0.512
22174,10.32,-0.5212
22175,8.938,-0.5212
22176,8.116,-0.5212
22177,7.684,-0.5212
22178,7.568,-0.5212
22179,7.747,-0.5212
22180,8.158,-0.5212
22181,8.711,-0.5212
22182,9.326,-0.5212
22183,9.939,-0.5212
22184,10.597,-0.5212
22185,11.498,-0.5305
22186,12.865,-0.529
22187,14.796,-0.5267
22188,17.18,-0.5235
22189,19.706,-0.5192
22190,22.007,-0.5135
22191,23.815,-0.5097
22192,25.037,-0.5028
22193,25.787,-0.492
22194,26.303,-0.4752
22195,26.776,-0.4537
22196,27.194,-0.4278
22197,27.366,-0.421
22198,27.102,-0.412
22199,26.431,-0.403
22200,25.656,-0.394
22201,25.15,-0.3855
22202,25.077,-0.379
22203,25.342,-0.3665
22204,25.705,-0.354
22205,25.956,-0.3425
22206,26.039,-0.3325
22207,26.049,-0.323
22208,26.115,-0.3142
22209,26.273,-0.3075
22210,26.438,-0.3023
22211,26.492,-0.298
22212,26.401,-0.2945
22213,26.28,-0.2913
22214,26.343,-0.2885
22215,26.735,-0.285
22216,27.434,-0.2815
22217,28.315,-0.2772
22218,29.25,-0.2725
22219,30.124,-0.2678
22220,30.826,-0.2625
22221,31.296,-0.257
22222,31.595,-0.2502
22223,31.874,-0.2435
22224,32.242,-0.2377
22225,32.688,-0.2357
22226,33.173,-0.234
22227,33.728,-0.2325
22228,34.367,-0.231
22229,35,-0.2295
22230,35.52,-0.2285
22231,35.953,-0.2253
22232,36.468,-0.2227
22233,37.254,-0.2207
22234,38.354,-0.2193
22235,39.604,-0.2182
22236,40.785,-0.2178
22237,41.802,-0.216
22238,42.665,-0.2152
22239,43.394,-0.2145
22240,43.965,-0.2142
22241,44.22,-0.2142
22242,43.896,-0.2142
22243,42.907,-0.2142
22244,41.525,-0.2158
22245,40.229,-0.2172
22246,39.45,-0.2188
22247,39.337,-0.2203
22248,39.645,-0.2225
22249,39.878,-0.2248
22250,39.55,-0.2275
22251,38.395,-0.2308
22252,36.477,-0.2338
22253,34.095,-0.2367
22254,31.545,-0.2395
22255,29.017,-0.2423
22256,26.669,-0.2452
22257,24.703,-0.2477
22258,23.318,-0.2502
22259,22.565,-0.2527
22260,22.292,-0.2555
22261,22.255,-0.258
22262,22.273,-0.261
22263,22.273,-0.2637
22264,22.27,-0.266
22265,22.344,-0.2682
22266,22.581,-0.27
22267,22.984,-0.2715
22268,23.452,-0.273
22269,23.863,-0.2745
22270,24.169,-0.2757
22271,24.413,-0.277
22272,24.649,-0.2782
22273,24.865,-0.2795
22274,25.023,-0.2787
22275,25.147,-0.2772
22276,25.306,-0.2752
22277,25.52,-0.2727
22278,25.75,-0.2717
22279,25.984,-0.2705
22280,26.268,-0.269
22281,26.66,-0.2675
22282,27.196,-0.2655
22283,27.911,-0.2635
22284,28.797,-0.2622
22285,29.767,-0.261
22286,30.649,-0.2593
22287,31.264,-0.2577
22288,31.551,-0.2555
22289,31.613,-0.2532
22290,31.603,-0.2508
22291,31.589,-0.2488
22292,31.591,-0.2472
22293,31.668,-0.2462
22294,31.892,-0.2457
22295,32.212,-0.2457
22296,32.448,-0.246
22297,32.448,-0.247
22298,32.213,-0.2482
22299,31.898,-0.2498
22300,31.684,-0.251
22301,31.62,-0.2525
22302,31.628,-0.2532
22303,31.636,-0.2492
22304,31.638,-0.2452
22305,31.638,-0.2413
22306,31.569,-0.2373
22307,31.272,-0.2335
22308,30.572,-0.2298
22309,29.389,-0.226
22310,27.807,-0.2223
22311,26.058,-0.2182
22312,24.397,-0.2142
22313,22.986,-0.2103
22314,21.894,-0.2077
22315,21.135,-0.2085
22316,20.677,-0.2093
22317,20.454,-0.21
22318,20.393,-0.2097
22319,20.462,-0.2095
22320,20.695,-0.209
22321,21.17,-0.2085
22322,21.949,-0.2085
22323,23.002,-0.2085
22324,24.188,-0.2075
22325,25.3,-0.2065
22326,26.164,-0.206
22327,26.737,-0.2047
22328,27.115,-0.2035
22329,27.472,-0.2022
22330,27.938,-0.2008
22331,28.504,-0.1955
22332,29.051,-0.19
22333,29.458,-0.184
22334,29.665,-0.1775
22335,29.716,-0.1708
22336,29.766,-0.1638
22337,29.973,-0.1565
22338,30.37,-0.1492
22339,30.848,-0.1417
22340,31.25,-0.1345
22341,31.473,-0.1273
22342,31.532,-0.1202
22343,31.525,-0.1182
22344,31.526,-0.1165
22345,31.541,-0.1148
22346,31.553,-0.1133
22347,31.553,-0.1148
22348,31.549,-0.1162
22349,31.547,-0.1177
22350,31.548,-0.1192
22351,31.57,-0.1207
22352,31.655,-0.1223
22353,31.817,-0.1238
22354,31.975,-0.1253
22355,32.041,-0.1238
22356,32.04,-0.1223
22357,32.108,-0.1207
22358,32.362,-0.119
22359,32.769,-0.1167
22360,33.173,-0.1145
22361,33.483,-0.1123
22362,33.772,-0.11
22363,34.145,-0.1075
22364,34.584,-0.105
22365,34.969,-0.1025
22366,35.199,-0.1
22367,35.277,-0.0983
22368,35.291,-0.0963
22369,35.366,-0.0943
22370,35.593,-0.0922
22371,35.98,-0.0925
22372,36.43,-0.0927
22373,36.823,-0.093
22374,37.13,-0.0932
22375,37.434,-0.0935
22376,37.818,-0.0938
22377,38.268,-0.094
22378,38.729,-0.0943
22379,39.187,-0.0945
22380,39.662,-0.0948
22381,40.135,-0.095
22382,40.528,-0.0953
22383,40.755,-0.0955
22384,40.815,-0.0958
22385,40.807,-0.096
22386,40.867,-0.0963
22387,41.097,-0.0935
22388,41.506,-0.0907
22389,41.989,-0.088
22390,42.397,-0.0852
22391,42.625,-0.0823
22392,42.699,-0.0793
22393,42.768,-0.0762
22394,42.98,-0.0732
22395,43.38,-0.0708
22396,43.914,-0.0682
22397,44.469,-0.0658
22398,44.934,-0.0635
22399,45.289,-0.0615
22400,45.601,-0.0598
22401,45.963,-0.058
22402,46.434,-0.0562
22403,47.002,-0.0548
22404,47.608,-0.0532
22405,48.233,-0.0517
22406,48.907,-0.0503
22407,49.671,-0.0485
22408,50.54,-0.047
22409,51.459,-0.0455
22410,52.327,-0.0443
22411,53.093,-0.0435
22412,53.771,-0.0427
22413,54.392,-0.042
22414,55,-0.0413
22415,55.634,-0.0405
22416,56.27,-0.0398
22417,56.822,-0.039
22418,57.231,-0.0382
22419,57.523,-0.0372
22420,57.802,-0.0362
22421,58.185,-0.0353
22422,58.714,-0.0342
22423,59.34,-0.0335
22424,59.979,-0.0328
22425,60.601,-0.032
22426,61.227,-0.031
22427,61.835,-0.03
22428,62.357,-0.029
22429,62.733,-0.028
22430,62.935,-0.027
22431,63.017,-0.0265
22432,63.112,-0.026
22433,63.282,-0.0255
22434,63.39,-0.025
22435,63.234,-0.024
22436,62.759,-0.023
22437,62.117,-0.022
22438,61.559,-0.021
22439,61.267,-0.0202
22440,61.266,-0.0195
22441,61.496,-0.0187
22442,61.9,-0.018
22443,62.446,-0.0175
22444,63.083,-0.017
22445,63.719,-0.0165
22446,64.258,-0.016
22447,64.651,-0.0158
22448,64.938,-0.0155
22449,65.23,-0.0152
22450,65.619,-0.0148
22451,66.075,-0.0148
22452,66.466,-0.0148
22453,66.684,-0.0145
22454,66.732,-0.0142
22455,66.712,-0.014
22456,66.765,-0.0138
22457,66.995,-0.0135
22458,67.403,-0.0132
22459,67.881,-0.0132
22460,68.274,-0.0132
22461,68.502,-0.0132
22462,68.646,-0.0132
22463,68.878,-0.0145
22464,69.268,-0.0158
22465,69.728,-0.017
22466,70.128,-0.0185
22467,70.438,-0.02
22468,70.752,-0.0215
22469,71.158,-0.022
22470,71.622,-0.0225
22471,72.016,-0.023
22472,72.246,-0.0235
22473,72.324,-0.024
22474,72.333,-0.0245
22475,72.309,-0.025
22476,72.228,-0.0255
22477,72.141,-0.026
22478,72.2,-0.0265
22479,72.461,-0.027
22480,72.785,-0.0275
22481,72.965,-0.0282
22482,72.892,-0.029
22483,72.635,-0.0295
22484,72.341,-0.0295
22485,72.033,-0.0295
22486,71.57,-0.0295
22487,70.815,-0.0295
22488,69.792,-0.0295
22489,68.698,-0.0295
22490,67.751,-0.0295
22491,66.989,-0.0295
22492,66.25,-0.0295
22493,65.326,-0.0298
22494,64.155,-0.03
22495,62.873,-0.0307
22496,61.696,-0.0315
22497,60.752,-0.0323
22498,60.062,-0.033
22499,59.613,-0.0338
22500,59.376,-0.0345
22501,59.304,-0.0353
22502,59.377,-0.036
22503,59.623,-0.0353
22504,60.038,-0.035
22505,60.526,-0.0347
22506,60.942,-0.0345
22507,61.187,-0.0342
22508,61.27,-0.034
22509,61.281,-0.0347
22510,61.27,-0.0355
22511,61.186,-0.0362
22512,60.948,-0.037
22513,60.552,-0.0377
22514,60.092,-0.0387
22515,59.636,-0.0398
22516,59.111,-0.041
22517,58.345,-0.0425
22518,57.235,-0.0443
22519,55.885,-0.0467
22520,54.548,-0.05
22521,53.441,-0.0542
22522,52.598,-0.0598
22523,51.897,-0.0665
22524,51.192,-0.0745
22525,50.422,-0.0835
22526,49.638,-0.094
22527,48.981,-0.1065
22528,48.554,-0.122
22529,48.298,-0.1403
22530,47.968,-0.16
22531,47.241,-0.1805
22532,45.9,-0.197
22533,43.913,-0.2105
22534,41.319,-0.222
22535,38.069,-0.232
22536,33.996,-0.2413
22537,29.03,-0.2502
22538,23.529,-0.2587
22539,18.295,-0.2665
22540,14.131,-0.2735
22541,11.37,-0.28
22542,9.767,-0.3307
22543,8.766,-0.3307
22544,7.882,-0.3307
22545,6.883,-0.3307
22546,5.76,-0.3307
22547,4.693,-0.3307
22548,3.983,-0.3307
22549,3.905,-0.3307
22550,4.515,-0.3307
22551,5.596,-0.3307
22552,6.804,-0.3307
22553,7.852,-0.3307
22554,8.612,-0.3307
22555,9.132,-0.3307
22556,9.568,-0.3307
22557,10.086,-0.3307
22558,10.784,-0.3307
22559,11.651,-0.3815
22560,12.583,-0.3885
22561,13.464,-0.394
22562,14.249,-0.3982
22563,14.937,-0.4007
22564,15.494,-0.4027
22565,15.869,-0.4047
22566,16.033,-0.4073
22567,15.963,-0.412
22568,15.653,-0.421
22569,15.138,-0.4327
22570,14.424,-0.4455
22571,13.499,-0.4532
22572,12.399,-0.4602
22573,11.209,-0.4675
22574,10.028,-0.1223
22575,8.986,-0.1223
22576,8.22,-0.1223
22577,7.82,-0.1223
22578,7.757,-0.1223
22579,7.868,-0.1223
22580,7.958,-0.1223
22581,7.935,-0.1223
22582,7.807,-0.1223
22583,7.532,-0.1223
22584,6.939,-0.1223
22585,5.89,-0.1223
22586,4.513,-0.1223
22587,3.198,-0.1223
22588,2.371,-0.1223
22589,2.208,-0.1223
22590,2.535,-0.1223
22591,3.028,-0.1223
22592,3.435,-0.1223
22593,3.667,-0.1223
22594,3.812,-0.1223
22595,4.048,-0.1223
22596,4.463,-0.1223
22597,4.959,-0.1223
22598,5.31,-0.1223
22599,5.325,-0.1223
22600,4.997,-0.1223
22601,4.509,-0.1223
22602,4.081,-0.1223
22603,3.83,-0.1223
22604,3.738,-0.1223
22605,3.734,-0.1223
22606,3.82,-0.1223
22607,4.065,-0.1223
22608,4.478,-0.1223
22609,4.96,-0.1223
22610,5.369,-0.1223
22611,5.591,-0.1223
22612,5.578,-0.1223
22613,5.335,-0.1223
22614,4.925,-0.1223
22615,4.459,-0.1223
22616,4.07,-0.1223
22617,3.847,-0.1223
22618,3.775,-0.1223
22619,3.769,-0.1223
22620,3.764,-0.1223
22621,3.75,-0.1223
22622,3.73,-0.1223
22623,3.725,-0.1223
22624,3.799,-0.1223
22625,4.036,-0.1223
22626,4.447,-0.1223
22627,4.934,-0.1223
22628,5.351,-0.1223
22629,5.599,-0.1223
22630,5.679,-0.1223
22631,5.686,-0.1223
22632,5.749,-0.1223
22633,5.968,-0.1223
22634,6.353,-0.1223
22635,6.81,-0.1223
22636,7.198,-0.1223
22637,7.43,-0.1223
22638,7.578,-0.1223
22639,7.807,-0.1223
22640,8.19,-0.1223
22641,8.643,-0.1223
22642,9.035,-0.1223
22643,9.336,-0.1223
22644,9.64,-0.1223
22645,10.039,-0.1223
22646,10.504,-0.1223
22647,10.906,-0.1223
22648,11.144,0.223
22649,11.226,0.231
22650,11.24,0.2385
22651,11.234,0.2445
22652,11.151,0.2502
22653,10.896,0.2675
22654,10.476,0.2675
22655,10.064,0.2675
22656,9.9,0.2675
22657,10.093,0.2675
22658,10.506,0.2675
22659,10.834,0.2675
22660,10.826,0.2675
22661,10.48,0.2675
22662,9.994,0.2675
22663,9.589,0.2675
22664,9.372,0.2675
22665,9.316,0.2675
22666,9.339,0.2675
22667,9.432,0.2675
22668,9.666,0.2675
22669,10.055,0.2675
22670,10.524,0.2675
22671,10.994,0.2848
22672,11.447,0.2865
22673,11.904,0.2883
22674,12.354,0.2908
22675,12.728,0.2935
22676,12.949,0.297
22677,13.03,0.302
22678,13.034,0.3102
22679,12.96,0.3217
22680,12.736,0.3235
22681,12.348,0.326
22682,11.89,0.3233
22683,11.506,0.32
22684,11.289,0.3162
22685,11.223,0.295
22686,11.222,0.275
22687,11.217,0.2557
22688,11.199,0.2373
22689,11.186,0.2188
22690,11.193,0.2008
22691,11.215,0.1908
22692,11.17,0.1978
22693,10.885,0.2025
22694,10.198,0.2025
22695,9.098,0.2025
22696,7.749,0.2025
22697,6.402,0.2025
22698,5.275,0.2025
22699,4.482,0.2025
22700,4.074,0.2025
22701,4.084,0.2025
22702,4.503,0.2025
22703,5.223,0.2025
22704,6.045,0.2025
22705,6.76,0.2025
22706,7.244,0.2025
22707,7.487,0.2025
22708,7.573,0.2025
22709,7.588,0.2025
22710,7.511,0.2025
22711,7.208,0.2025
22712,6.568,0.2025
22713,5.611,0.2025
22714,4.493,0.2025
22715,3.44,0.2025
22716,2.634,0.2025
22717,2.144,0.2025
22718,1.984,0.2025
22719,2.163,0.2025
22720,2.656,0.2025
22721,3.375,0.2025
22722,4.183,0.2025
22723,4.956,0.2025
22724,5.652,0.2025
22725,6.273,0.2025
22726,6.803,0.2025
22727,7.206,0.2025
22728,7.431,0.2025
22729,7.433,0.2025
22730,7.204,0.2025
22731,6.793,0.2025
22732,6.309,0.2025
22733,5.909,0.2025
22734,5.757,0.2025
22735,5.922,0.2025
22736,6.326,0.2025
22737,6.804,0.2025
22738,7.205,0.2025
22739,7.441,0.2025
22740,7.521,0.2025
22741,7.518,0.2025
22742,7.507,0.2025
22743,7.572,0.2025
22744,7.793,0.2025
22745,8.182,0.2025
22746,8.645,0.2025
22747,9.039,0.2025
22748,9.27,0.2025
22749,9.348,0.2025
22751,9.374,0.2025
22752,9.402,0.2025
22753,9.422,0.2025
22754,9.365,0.2025
22755,9.13,0.2025
22756,8.638,0.2025
22757,7.904,0.2025
22758,7.069,0.2025
22759,6.352,0.2025
22760,5.954,0.2025
22761,5.956,0.2025
22762,6.296,0.2025
22763,6.841,0.2025
22764,7.477,0.2025
22765,8.108,0.2025
22766,8.653,0.2025
22767,9.053,0.2025
22768,9.279,0.2025
22769,9.362,0.2025
22770,9.367,0.2025
22771,9.291,0.2025
22772,9.063,0.2025
22773,8.668,0.2025
22774,8.2,0.2025
22775,7.8,0.2025
22776,7.563,0.2025
22777,7.472,0.2025
22778,7.453,0.2025
22779,7.522,0.2025
22780,7.813,0.2025
22781,8.438,0.2025
22782,9.372,0.2025
22783,10.47,0.2025
22784,11.567,0.2073
22785,12.578,0.2097
22786,13.525,0.2122
22787,14.456,0.2147
22788,15.389,0.2155
22789,16.301,0.2145
22790,17.148,0.2135
22791,17.907,0.2125
22792,18.6,0.2115
22793,19.241,0.21
22794,19.8,0.2085
22795,20.219,0.2073
22796,20.451,0.2045
22797,20.513,0.2018
22798,20.489,0.199
22799,20.445,0.1958
22800,20.42,0.1925
22801,20.487,0.1895
22802,20.717,0.169
22803,21.048,0.1422
22804,21.313,0.1177
22805,21.403,0.094
22806,21.331,0.0715
22807,21.184,0.0498
22808,21.055,0.0287
22809,20.931,0.0107
22810,20.652,-0.0067
22811,20.055,-0.0232
22812,19.103,-0.0393
22813,17.889,-0.0545
22814,16.601,-0.0692
22815,15.426,-0.0785
22816,14.406,-0.0828
22817,13.481,-0.0867
22818,12.696,-0.0907
22819,12.216,-0.0985
22820,12.137,-0.106
22821,12.373,-0.1145
22822,12.708,-0.122
22823,12.948,-0.1293
22824,13.04,-0.1378
22825,13.053,-0.1457
22826,13.049,-0.1532
22827,13.053,-0.1605
22828,13.117,-0.1657
22829,13.335,-0.171
22830,13.791,-0.1765
22831,14.478,-0.182
22832,15.265,-0.1875
22833,15.952,-0.1923
22834,16.419,-0.197
22835,16.717,-0.2018
22836,17.004,-0.2063
22837,17.399,-0.207
22838,17.943,-0.2077
22839,18.647,-0.208
22840,19.488,-0.2083
22841,20.409,-0.2085
22842,21.409,-0.213
22843,22.558,-0.2093
22844,23.886,-0.2057
22845,25.304,-0.2012
22846,26.646,-0.1968
22847,27.802,-0.1893
22848,28.806,-0.1818
22849,29.744,-0.1742
22850,30.6,-0.1667
22851,31.3,-0.16
22852,31.907,-0.1535
22853,32.598,-0.1475
22854,33.446,-0.1417
22855,34.294,-0.141
22856,34.911,-0.1403
22857,35.2,-0.1368
22858,35.254,-0.133
22859,35.227,-0.1285
22860,35.2,-0.1245
22861,35.175,-0.1195
22862,35.173,-0.1148
22863,35.328,-0.1103
22864,35.824,-0.1063
22865,36.68,-0.1025
22866,37.613,-0.0995
22867,38.144,-0.0963
22868,37.897,-0.0932
22869,36.901,-0.0902
22870,35.58,-0.086
22871,34.429,-0.082
22872,33.718,-0.0783
22873,33.419,-0.0752
22874,33.297,-0.0726
22875,33.108,-0.0697
22876,32.736,-0.067
22877,32.137,-0.0683
22878,31.274,-0.0697
22879,30.16,-0.0712
22880,28.906,-0.0727
22881,27.703,-0.0744
22882,26.703,-0.0706
22883,25.869,-0.0587
22884,25.047,-0.049
22885,24.182,-0.0406
22886,23.313,-0.0326
22887,22.387,-0.0284
22888,21.157,-0.0245
22889,19.223,-0.0213
22890,16.191,-0.0181
22891,11.968,-0.0145
22892,7.185,0.0256
22893,0,0.0256
22901,0,0.0256
22902,2.804,0.0256
22903,4.521,0.0256
22904,5.898,0.0256
22905,6.823,0.0256
22906,7.513,0.0256
22907,8.193,0.0256
22908,8.943,0.0256
22909,9.72,0.0256
22910,10.47,0.0256
22911,11.225,0.0658
22912,12.075,0.0684
22913,13.058,0.0716
22914,14.135,0.0706
22915,15.283,0.0697
22916,16.589,0.0703
22917,18.176,0.0709
22918,19.981,0.0694
22919,21.711,0.0678
22920,23.087,0.0663
22921,24.118,0.0649
22922,25.089,0.0635
22923,26.315,0.0602
22924,27.9,0.0588
22925,29.732,0.058
22926,31.625,0.0575
22927,33.436,0.056
22928,35.07,0.0548
22929,36.454,0.054
22930,37.527,0.0515
22931,38.276,0.049
22932,38.786,0.0467
22933,39.215,0.0445
22934,39.744,0.0423
22935,40.515,0.0387
22936,41.53,0.0362
22937,42.627,0.0333
22938,43.634,0.0302
22939,44.482,0.0275
22940,45.162,0.025
22941,45.69,0.0227
22942,46.067,0.0205
22943,46.275,0.0168
22944,46.334,0.0118
22945,46.32,0.0067
22946,46.316,0.002
22947,46.403,-0.0043
22948,46.652,-0.0105
22949,47.06,-0.0158
22950,47.518,-0.0212
22951,47.905,-0.026
22952,48.206,-0.0307
22953,48.511,-0.0338
22954,48.846,-0.0367
22955,49.078,-0.0423
22956,49.07,-0.049
22957,48.875,-0.0545
22958,48.759,-0.0583
22959,48.995,-0.062
22960,49.639,-0.0655
22961,50.482,-0.069
22962,51.222,-0.0732
22963,51.628,-0.0785
22964,51.623,-0.0838
22965,51.334,-0.0885
22966,50.998,-0.0932
22967,50.82,-0.097
22968,50.885,-0.1007
22969,51.134,-0.1043
22970,51.441,-0.106
22971,51.774,-0.1077
22972,52.169,-0.1095
22973,52.57,-0.1115
22974,52.831,-0.1135
22975,52.833,-0.1167
22976,52.58,-0.12
22977,52.23,-0.1225
22978,52.035,-0.125
22979,52.168,-0.1278
22980,52.65,-0.1303
22981,53.387,-0.133
22982,54.207,-0.1358
22983,54.913,-0.137
22984,55.432,-0.1383
22985,55.866,-0.1395
22986,56.384,-0.1407
22987,57.079,-0.1403
22988,57.875,-0.1398
22989,58.578,-0.1395
22990,59.049,-0.1393
22991,59.274,-0.1388
22992,59.337,-0.1383
22993,59.339,-0.1395
22994,59.345,-0.1405
22995,59.351,-0.1388
22996,59.284,-0.137
22997,59.055,-0.1365
22998,58.651,-0.1358
22999,58.17,-0.1348
23000,57.76,-0.134
23001,57.52,-0.1332
23002,57.442,-0.1318
23003,57.441,-0.1303
23004,57.443,-0.1288
23005,57.444,-0.1278
23006,57.508,-0.1268
23007,57.738,-0.1258
23008,58.231,-0.1247
23009,59.02,-0.124
23010,59.991,-0.1233
23011,60.926,-0.1225
23012,61.685,-0.1218
23013,62.293,-0.1205
23014,62.863,-0.1192
23015,63.489,-0.118
23016,64.255,-0.116
23017,65.251,-0.114
23018,66.512,-0.112
23019,67.928,-0.1092
23020,69.275,-0.1068
23021,70.351,-0.1043
23022,71.112,-0.1017
23023,71.705,-0.099
23024,72.296,-0.0963
23025,72.901,-0.0935
23026,73.438,-0.0907
23027,73.838,-0.088
23028,74.063,-0.0872
23029,74.137,-0.0865
23030,74.144,-0.0857
23031,74.134,-0.0852
23032,74.054,-0.0852
23033,73.839,-0.0852
23034,73.527,-0.0855
23035,73.234,-0.086
23036,73.023,-0.0865
23037,72.876,-0.087
23038,72.724,-0.0878
23039,72.544,-0.0885
23040,72.45,-0.0892
23041,72.594,-0.0892
23042,72.977,-0.0892
23043,73.455,-0.0892
23044,73.864,-0.0892
23045,74.106,-0.089
23046,74.193,-0.089
23047,74.204,-0.0888
23048,74.198,-0.0885
23049,74.202,-0.0883
23050,74.274,-0.0865
23051,74.495,-0.0847
23052,74.878,-0.0833
23053,75.333,-0.082
23054,75.724,-0.079
23055,75.954,-0.076
23056,76.026,-0.0737
23057,76.035,-0.0715
23058,76.104,-0.0697
23059,76.322,-0.0685
23060,76.691,-0.0673
23061,77.198,-0.066
23062,77.924,-0.065
23063,79.05,-0.0645
23064,80.759,-0.064
23065,83.073,-0.0635
23066,85.7,-0.063
23067,87.999,-0.0625
23068,89.122,-0.06
23069,88.418,-0.057
23070,85.933,-0.054
23071,82.513,-0.051
23072,79.32,-0.0475
23073,77.122,-0.0427
23074,75.926,-0.038
23075,75.267,-0.0333
23076,74.792,-0.0285
23077,74.493,-0.0235
23078,74.509,-0.0185
23079,74.843,-0.0135
23080,75.322,-0.0085
23081,75.739,-0.0037
23082,75.987,0.001
23083,76.078,0.0057
23084,76.095,0.0107
23085,76.097,0.0155
23086,76.098,0.0202
23087,76.098,0.0248
23088,76.097,0.0295
23089,76.094,0.0338
23090,76.085,0.0367
23091,76.089,0.0398
23092,76.159,0.0432
23093,76.311,0.0467
23094,76.471,0.0485
23095,76.526,0.0503
23096,76.425,0.052
23097,76.223,0.0537
23098,76.113,0.056
23099,76.355,0.0583
23100,77.078,0.0612
23101,78.08,0.0663
23102,78.841,0.0715
23103,78.841,0.0772
23104,77.953,0.0823
23105,76.55,0.0875
23106,75.183,0.0927
23107,74.163,0.0983
23108,73.467,0.1005
23109,72.957,0.1022
23110,72.581,0.104
23111,72.363,0.1058
23112,72.287,0.1065
23113,72.281,0.106
23114,72.295,0.1055
23115,72.315,0.105
23116,72.26,0.1045
23117,71.916,0.1027
23118,71.065,0.101
23119,69.648,0.0992
23120,67.832,0.0955
23121,65.913,0.0912
23122,64.129,0.086
23123,62.551,0.0767
23124,61.156,0.067
23125,59.933,0.0583
23126,58.916,0.0495
23127,58.171,0.0408
23128,57.794,0.0355
23129,57.891,0.0307
23130,58.481,0.0258
23131,59.384,0.0208
23132,60.228,0.0155
23133,60.596,0.0103
23134,60.227,0.005
23135,59.129,-0.0032
23136,57.527,-0.0112
23137,55.755,-0.0192
23138,54.174,-0.027
23139,52.999,-0.0347
23140,52.092,-0.043
23141,51.034,-0.0532
23142,49.537,-0.0633
23143,47.768,-0.0735
23144,46.233,-0.0828
23145,45.375,-0.0922
23146,45.249,-0.1015
23147,45.538,-0.111
23148,45.878,-0.1172
23149,46.119,-0.1233
23150,46.321,-0.1293
23151,46.665,-0.1353
23152,47.35,-0.14
23153,48.435,-0.1447
23154,49.78,-0.1495
23155,51.202,-0.1542
23156,52.618,-0.159
23157,54.027,-0.1628
23158,55.428,-0.1665
23159,56.804,-0.17
23160,58.176,-0.1715
23161,59.64,-0.173
23162,61.272,-0.1735
23163,62.998,-0.17
23164,64.644,-0.1662
23165,66.107,-0.1635
23166,67.405,-0.1605
23167,68.614,-0.1575
23168,69.839,-0.1583
23169,71.164,-0.159
23170,72.567,-0.1598
23171,73.909,-0.1603
23172,74.986,-0.1608
23173,75.659,-0.1613
23174,76.025,-0.1618
23175,76.393,-0.1593
23176,77.022,-0.157
23177,77.897,-0.1547
23178,78.776,-0.1527
23179,79.407,-0.1507
23180,79.698,-0.1483
23181,79.743,-0.1457
23182,79.708,-0.1435
23183,79.759,-0.1412
23184,80.06,-0.1393
23185,80.695,-0.1373
23186,81.566,-0.1355
23187,82.436,-0.1337
23188,83.143,-0.132
23189,83.754,-0.1305
23190,84.457,-0.129
23191,85.331,-0.1275
23192,86.274,-0.1278
23193,87.13,-0.128
23194,87.808,-0.1283
23195,88.324,-0.1285
23196,88.758,-0.1288
23197,89.214,-0.129
23198,89.766,-0.1293
23199,90.341,-0.1298
23200,90.687,-0.1303
23201,90.59,-0.1308
23202,90.101,-0.1303
23203,89.507,-0.1298
23204,89.106,-0.1293
23205,88.959,-0.1288
23206,88.811,-0.1283
23207,88.371,-0.1278
23208,87.642,-0.1273
23209,86.922,-0.1268
23210,86.53,-0.1263
23211,86.553,-0.126
23212,86.75,-0.1258
23213,86.753,-0.1255
23214,86.429,-0.1253
23215,85.945,-0.125
23216,85.529,-0.1247
23217,85.292,-0.1245
23218,85.219,-0.1245
23219,85.224,-0.1242
23220,85.246,-0.1247
23221,85.263,-0.1253
23222,85.26,-0.1258
23223,85.248,-0.1263
23224,85.302,-0.1268
23225,85.521,-0.1273
23226,85.924,-0.1275
23227,86.416,-0.1278
23228,86.829,-0.128
23229,86.991,-0.1283
23230,86.823,-0.1285
23231,86.42,-0.1288
23232,86.014,-0.1275
23233,85.847,-0.1263
23234,86.028,-0.1247
23235,86.467,-0.1233
23236,86.889,-0.1218
23237,86.935,-0.1202
23238,86.403,-0.1187
23239,85.418,-0.1172
23240,84.297,-0.1157
23241,83.319,-0.1145
23242,82.618,-0.114
23243,82.169,-0.1138
23244,81.907,-0.1135
23245,81.847,-0.1133
23246,81.999,-0.113
23247,82.274,-0.1128
23248,82.584,-0.1125
23249,83.009,-0.1123
23250,83.841,-0.112
23251,85.355,-0.1118
23252,87.5,-0.112
23253,89.816,-0.1123
23254,91.623,-0.1125
23255,92.335,-0.1128
23256,91.707,-0.1133
23257,89.963,-0.1138
23258,87.718,-0.114
23259,85.57,-0.1145
23260,83.702,-0.115
23261,81.87,-0.1155
23262,79.804,-0.118
23263,77.661,-0.1207
23264,75.998,-0.1235
23265,75.175,-0.1263
23266,74.931,-0.1293
23267,74.671,-0.1323
23268,74.077,-0.135
23269,73.296,-0.1373
23270,72.608,-0.1395
23271,72.078,-0.1415
23272,71.547,-0.1435
23273,70.849,-0.1455
23274,69.975,-0.1478
23275,69.031,-0.1497
23276,68.149,-0.1505
23277,67.464,-0.1512
23278,67.1,-0.152
23279,67.06,-0.1525
23280,67.122,-0.153
23281,66.982,-0.1532
23282,66.507,-0.1537
23283,65.839,-0.154
23284,65.304,-0.1542
23285,65.2,-0.1545
23286,65.645,-0.1547
23287,66.588,-0.155
23288,67.88,-0.1547
23289,69.295,-0.1545
23290,70.559,-0.1542
23291,71.476,-0.154
23292,72.075,-0.1532
23293,72.599,-0.1522
23294,73.296,-0.1512
23295,74.243,-0.1505
23296,75.338,-0.1495
23297,76.411,-0.1485
23298,77.375,-0.1475
23299,78.305,-0.1462
23300,79.375,-0.145
23301,80.648,-0.144
23302,81.944,-0.141
23303,82.967,-0.1378
23304,83.519,-0.1345
23305,83.63,-0.131
23306,83.532,-0.1275
23307,83.446,-0.124
23308,83.369,-0.1207
23309,83.146,-0.118
23310,82.681,-0.1153
23311,82.04,-0.1128
23312,81.383,-0.1103
23313,80.836,-0.1077
23314,80.43,-0.1053
23315,80.135,-0.104
23316,79.907,-0.104
23317,79.687,-0.104
23318,79.401,-0.104
23319,79.019,-0.1032
23320,78.64,-0.1025
23321,78.407,-0.1015
23322,78.347,-0.1005
23323,78.344,-0.0995
23324,78.259,-0.0985
23325,78.085,-0.0975
23326,77.989,-0.0968
23327,78.138,-0.096
23328,78.527,-0.0958
23329,79.007,-0.0955
23330,79.414,-0.0953
23331,79.65,-0.0948
23332,79.74,-0.0943
23333,79.823,-0.094
23334,79.992,-0.094
23335,80.179,-0.0938
23336,80.196,-0.0935
23337,79.894,-0.0955
23338,79.321,-0.0975
23339,78.741,-0.0997
23340,78.407,-0.1022
23341,78.336,-0.1045
23342,78.341,-0.1043
23343,78.206,-0.104
23344,77.821,-0.1037
23345,77.195,-0.1037
23346,76.359,-0.1037
23347,75.329,-0.104
23348,74.17,-0.1043
23349,72.996,-0.1045
23350,71.902,-0.1048
23351,70.927,-0.105
23352,70.008,-0.1053
23353,68.964,-0.1058
23354,67.596,-0.1063
23355,65.871,-0.1058
23356,63.971,-0.105
23357,62.205,-0.1063
23358,60.847,-0.1075
23359,59.997,-0.108
23360,59.57,-0.1085
23361,59.397,-0.1092
23362,59.244,-0.11
23363,58.792,-0.111
23364,57.774,-0.112
23365,56.186,-0.1133
23366,54.393,-0.1145
23367,52.921,-0.1165
23368,52.064,-0.119
23369,51.657,-0.122
23370,51.238,-0.1265
23371,50.505,-0.1327
23372,49.629,-0.141
23373,49.118,-0.1527
23374,49.382,-0.17
23375,50.386,-0.1968
23376,51.627,-0.2403
23377,52.476,-0.2998
23378,52.572,-0.3715
23379,51.931,-0.4475
23380,50.747,-0.5228
23381,49.192,-0.5995
23382,47.338,-0.6862
23383,45.163,-0.7728
23384,42.619,-0.8588
23385,39.75,-0.9557
23386,36.648,-0.9779
23387,33.339,-1.0011
23388,29.79,-1.0254
23389,25.93,-1.0511
23390,21.698,-1.0783
23391,17.221,-1.1071
23392,12.885,-1.1376
23393,9.107,-0.5322
23394,6.141,-0.5322
23395,4.089,-0.5322
23396,2.919,-0.5322
23397,2.445,-0.5322
23398,2.368,-0.5322
23399,2.387,-0.5322
23400,2.339,-0.5322
23401,2.266,-0.5322
23403,2.284,-0.5322
23404,2.031,-0.5322
23405,0,-0.5322
23469,0,-0.5322
23470,2.24,-0.5322
23471,3.012,-0.5322
23472,3.584,-0.5322
23473,4.048,-0.5322
23475,4.962,-0.5322
23476,5.343,-0.5322
23477,5.574,-0.5322
23478,5.718,-0.5322
23479,5.952,-0.5322
23480,6.413,-0.5322
23481,7.101,-0.5322
23482,7.896,-0.5322
23483,8.671,-0.5322
23484,9.373,-0.5322
23485,10.002,-0.5322
23486,10.54,-0.5322
23487,10.948,-0.5322
23488,11.197,0.0732
23489,11.297,0.0732
23490,11.245,0.0732
23491,10.939,0.0316
23492,10.22,0.0316
23493,9.029,0.0316
23494,7.504,0.0316
23495,5.913,0.0316
23496,4.498,0.0316
23497,3.394,0.0316
23498,2.636,0.0316
23499,2.177,0.0316
23500,1.873,0.0316
23501,0,0.0316
23837,0,0.0316
23839,3.924,0.0316
23840,5.887,0.0316
23841,9.126,0.0316
23842,11.355,-0.01
23843,12.438,-0.0113
23844,12.855,-0.0125
23845,13.018,-0.0132
23846,13.139,-0.0104
23847,13.36,-0.0078
23848,13.735,-0.0054
23849,14.178,-0.0031
23850,14.554,-0.001
23851,14.836,-0.001
23852,15.182,-0.0006
23853,15.858,-0.0003
23854,17.077,0
23855,18.884,0.0003
23856,21.095,-0.0006
23857,23.363,-0.0013
23858,25.381,-0.0021
23859,27.127,-0.0023
23860,28.874,-0.0025
23861,30.902,-0.007
23862,33.207,-0.0097
23863,35.483,-0.012
23864,37.356,-0.017
23865,38.712,-0.022
23866,39.814,-0.0265
23867,41.018,-0.0253
23868,42.471,-0.024
23869,44.123,-0.0227
23870,45.826,-0.0215
23871,47.444,-0.02
23872,48.988,-0.0187
23873,50.553,-0.0163
23874,52.125,-0.014
23875,53.566,-0.012
23876,54.757,-0.01
23877,55.658,-0.0083
23878,56.319,-0.007
23879,56.894,-0.006
23880,57.572,-0.0053
23881,58.425,-0.0045
23882,59.38,-0.0037
23883,60.332,-0.0032
23884,61.239,-0.0032
23885,62.14,-0.0035
23886,63.116,-0.006
23887,64.179,-0.0085
23888,65.262,-0.011
23889,66.343,-0.0135
23890,67.458,-0.016
23891,68.556,-0.017
23892,69.494,-0.0182
23893,70.252,-0.0195
23894,71.047,-0.0208
23895,72.193,-0.0215
23896,73.82,-0.0212
23897,75.72,-0.021
23898,77.461,-0.0208
23899,78.709,-0.021
23900,79.406,-0.0212
23901,79.689,-0.0215
23902,79.745,-0.0222
23903,79.738,-0.023
23904,79.801,-0.0238
23905,80.017,-0.0245
23906,80.405,-0.0258
23907,80.936,-0.0258
23908,81.553,-0.0258
23909,82.171,-0.026
23910,82.702,-0.0262
23911,83.082,-0.0262
23912,83.298,-0.0262
23913,83.442,-0.0265
23914,83.676,-0.0267
23915,84.072,-0.0265
23916,84.544,-0.0262
23917,84.951,-0.026
23918,85.184,-0.0255
23919,85.196,-0.0255
23920,84.999,-0.0255
23921,84.626,-0.0255
23922,84.043,-0.0258
23923,83.14,-0.026
23924,81.829,-0.0258
23925,80.121,-0.0255
23926,78.146,-0.0253
23927,76.122,-0.0245
23928,74.255,-0.0238
23929,72.621,-0.023
23930,71.166,-0.0227
23931,69.782,-0.0225
23932,68.352,-0.0222
23933,66.782,-0.022
23934,65.137,-0.0222
23935,63.646,-0.0227
23936,62.448,-0.023
23937,61.451,-0.0232
23938,60.493,-0.023
23939,59.482,-0.0227
23940,58.442,-0.0225
23941,57.504,-0.0222
23942,56.834,-0.022
23943,56.583,-0.0217
23944,56.892,-0.0215
23945,57.792,-0.0212
23946,59.088,-0.0208
23947,60.446,-0.0212
23948,61.637,-0.0215
23949,62.647,-0.0215
23950,63.58,-0.0215
23951,64.494,-0.0212
23952,65.336,-0.021
23953,66.019,-0.0208
23954,66.535,-0.0205
23955,66.98,-0.021
23956,67.492,-0.0215
23957,68.167,-0.022
23958,69.015,-0.0225
23959,70.006,-0.0222
23960,71.115,-0.022
23961,72.3,-0.0217
23962,73.462,-0.0212
23963,74.49,-0.0208
23964,75.392,-0.0202
23965,76.314,-0.0198
23966,77.343,-0.0192
23967,78.359,-0.0195
23968,79.092,-0.0198
23969,79.313,-0.02
23970,79.059,-0.0198
23971,78.595,-0.02
23972,78.119,-0.02
23973,77.6,-0.02
23974,76.928,-0.0195
23975,76.082,-0.0187
23976,75.101,-0.0182
23977,73.963,-0.0178
23978,72.559,-0.0178
23979,70.821,-0.018
23980,68.885,-0.0182
23981,67.125,-0.0185
23982,65.932,-0.0185
23983,65.469,-0.0178
23984,65.6,-0.0175
23985,65.958,-0.0172
23986,66.147,-0.017
23987,65.995,-0.0163
23988,65.672,-0.0158
23989,65.505,-0.0152
23990,65.674,-0.0148
23991,66.085,-0.0148
23992,66.494,-0.015
23993,66.728,-0.0152
23994,66.777,-0.015
23995,66.745,-0.0145
23996,66.784,-0.014
23997,67.051,-0.0135
23998,67.668,-0.013
23999,68.678,-0.0128
24000,70.026,-0.0125
24001,71.552,-0.0123
24002,73.044,-0.012
24003,74.331,-0.0118
24004,75.337,-0.0115
24005,76.087,-0.0112
24006,76.625,-0.0115
24007,76.983,-0.0115
24008,77.197,-0.0115
24009,77.28,-0.0112
24010,77.201,-0.011
24011,76.909,-0.0103
24012,76.358,-0.0097
24013,75.616,-0.0092
24014,74.923,-0.0087
24015,74.511,-0.0087
24016,74.38,-0.0087
24017,74.352,-0.0087
24018,74.287,-0.0087
24019,74.152,-0.0085
24020,73.905,-0.0083
24021,73.501,-0.0083
24022,72.999,-0.0083
24023,72.648,-0.009
24024,72.788,-0.0092
24025,73.531,-0.0097
24026,74.58,-0.0095
24027,75.473,-0.0092
24028,75.965,-0.009
24029,76.104,-0.0087
24030,76.017,-0.0085
24031,75.743,-0.0087
24032,75.297,-0.0085
24033,74.793,-0.0083
24034,74.451,-0.0085
24035,74.459,-0.0087
24036,74.81,-0.009
24037,75.306,-0.0092
24038,75.724,-0.0092
24039,75.966,-0.0092
24040,76.113,-0.0092
24041,76.337,-0.0092
24042,76.716,-0.0092
24043,77.169,-0.0097
24044,77.546,-0.0103
24045,77.752,-0.0107
24046,77.796,-0.0092
24047,77.783,-0.0077
24048,77.851,-0.0063
24049,78.101,-0.005
24050,78.534,-0.0037
24051,79.04,-0.0025
24052,79.458,-0.0013
24053,79.705,-0.0003
24054,79.842,0.0008
24055,79.978,0.0025
24056,80.132,0.0043
24057,80.265,0.006
24058,80.339,0.0077
24059,80.334,0.0095
24060,80.319,0.0112
24061,80.409,0.0138
24062,80.631,0.0163
24063,80.874,0.0187
24064,80.965,0.0212
24065,80.779,0.024
24066,80.382,0.026
24067,79.976,0.026
24068,79.669,0.028
24069,79.381,0.03
24070,79.001,0.032
24071,78.548,0.0342
24072,78.156,0.0362
24073,77.921,0.0367
24074,77.777,0.0372
24075,77.556,0.038
24076,77.154,0.0387
24077,76.598,0.0395
24078,76.025,0.0393
24079,75.624,0.039
24080,75.5,0.0387
24081,75.608,0.0385
24082,75.818,0.0382
24083,75.991,0.0382
24084,76.053,0.0377
24085,76.033,0.0372
24086,75.993,0.0353
24087,75.975,0.0333
24088,76.04,0.0312
24089,76.277,0.0293
24090,76.756,0.03
24091,77.461,0.0307
24092,78.251,0.0315
24093,78.949,0.0325
24094,79.494,0.0335
24095,79.961,0.0338
24096,80.437,0.032
24097,80.91,0.0315
24098,81.305,0.031
24099,81.601,0.0305
24100,81.885,0.03
24101,82.271,0.029
24102,82.788,0.027
24103,83.407,0.0248
24104,84.102,0.023
24105,84.869,0.0212
24106,85.663,0.0195
24107,86.357,0.019
24108,86.832,0.0165
24109,87.068,0.014
24110,87.124,0.0115
24111,87.087,0.0092
24112,87.092,0.007
24113,87.393,0.0067
24114,88.339,0.0065
24115,90.224,0.006
24116,93.07,0.0055
24117,96.447,0.005
24118,99.442,0.0057
24119,101.027,0.0065
24120,100.66,0.0073
24121,98.622,0.008
24122,95.854,0.0087
24123,93.406,0.0085
24124,91.834,0.0105
24125,91.023,0.0125
24126,90.555,0.0145
24127,90.118,0.0165
24128,89.593,0.0185
24129,88.978,0.0192
24130,88.298,0.0172
24131,87.531,0.0165
24132,86.593,0.0158
24133,85.421,0.015
24134,84.065,0.0132
24135,82.727,0.0115
24136,81.688,0.0118
24137,81.09,0.0107
24138,80.817,0.0103
24139,80.599,0.0103
24140,80.236,0.0103
24141,79.751,0.0103
24142,79.353,0.0112
24143,79.201,0.0125
24144,79.277,0.012
24145,79.458,0.0123
24146,79.619,0.0125
24147,79.694,0.0135
24148,79.704,0.0145
24149,79.697,0.0155
24150,79.703,0.016
24151,79.778,0.0165
24152,80.002,0.017
24153,80.407,0.017
24154,80.944,0.017
24155,81.502,0.0168
24156,81.978,0.0168
24157,82.362,0.0168
24158,82.707,0.0163
24159,83.006,0.0158
24160,83.177,0.0152
24161,83.172,0.0142
24162,83.062,0.0138
24163,82.981,0.0145
24164,82.965,0.0135
24165,82.897,0.0125
24166,82.649,0.0107
24167,82.252,0.01
24168,81.931,0.0092
24169,81.92,0.0097
24170,82.24,0.0105
24171,82.706,0.01
24172,83.115,0.0087
24173,83.362,0.0085
24174,83.447,0.0092
24175,83.387,0.01
24176,83.163,0.0107
24177,82.758,0.011
24178,82.196,0.0107
24179,81.56,0.011
24180,81.023,0.0107
24181,80.733,0.0105
24182,80.614,0.0103
24183,80.415,0.0087
24184,79.923,0.0085
24185,79.112,0.0092
24186,78.214,0.0105
24187,77.575,0.0118
24188,77.349,0.013
24189,77.424,0.0128
24190,77.619,0.013
24191,77.774,0.0132
24192,77.77,0.0155
24193,77.608,0.0172
24194,77.419,0.019
24195,77.342,0.021
24196,77.433,0.0202
24197,77.629,0.0195
24198,77.746,0.021
24199,77.607,0.023
24200,77.205,0.025
24201,76.708,0.0275
24202,76.358,0.0278
24203,76.344,0.0287
24204,76.666,0.0298
24205,77.141,0.0307
24206,77.55,0.0325
24207,77.778,0.0333
24208,77.853,0.0325
24209,77.926,0.0325
24210,78.165,0.0328
24211,78.648,0.033
24212,79.29,0.034
24213,79.872,0.034
24214,80.195,0.0333
24215,80.207,0.0325
24216,79.971,0.0318
24217,79.577,0.0315
24218,79.089,0.0312
24219,78.519,0.03
24220,77.88,0.0295
24221,77.237,0.029
24222,76.667,0.0285
24223,76.258,0.0293
24224,76.165,0.029
24225,76.491,0.0265
24226,77.13,0.0238
24227,77.851,0.021
24228,78.495,0.0182
24229,79.088,0.0163
24230,79.74,0.0142
24231,80.454,0.0123
24232,81.023,0.009
24233,81.19,0.0063
24234,80.922,0.0035
24235,80.448,0.0008
24236,80.023,0.0015
24237,79.718,0.0023
24238,79.425,0.0003
24239,79.042,-0.0023
24240,78.597,-0.0047
24241,78.203,-0.0067
24242,77.903,-0.007
24243,77.593,-0.0097
24244,77.116,-0.013
24245,76.42,-0.0163
24246,75.635,-0.019
24247,74.943,-0.0217
24248,74.402,-0.023
24249,73.93,-0.0245
24250,73.44,-0.027
24251,72.945,-0.029
24252,72.55,-0.031
24253,72.327,-0.033
24254,72.211,-0.0342
24255,72.069,-0.035
24256,71.832,-0.0358
24257,71.527,-0.0365
24258,71.268,-0.0372
24259,71.205,-0.038
24260,71.445,-0.039
24261,71.992,-0.04
24262,72.719,-0.0408
24263,73.4,-0.0415
24264,73.856,-0.0413
24265,74.078,-0.0405
24266,74.215,-0.04
24267,74.447,-0.0395
24268,74.842,-0.039
24269,75.31,-0.0377
24270,75.706,-0.0365
24271,75.942,-0.0353
24272,76.021,-0.0347
24273,75.961,-0.0353
24274,75.743,-0.0358
24275,75.342,-0.0362
24276,74.792,-0.0365
24277,74.222,-0.0367
24278,73.815,-0.0362
24279,73.657,-0.0358
24280,73.641,-0.0355
24281,73.583,-0.0358
24282,73.417,-0.036
24283,73.257,-0.0342
24284,73.276,-0.032
24285,73.525,-0.0298
24286,73.863,-0.028
24287,74.102,-0.026
24288,74.178,-0.0232
24289,74.16,-0.022
24290,74.14,-0.0202
24291,74.206,-0.019
24292,74.44,-0.0178
24293,74.857,-0.0172
24294,75.344,-0.0155
24295,75.681,-0.0142
24296,75.676,-0.013
24297,75.32,-0.0118
24298,74.808,-0.0103
24299,74.442,-0.0087
24300,74.49,-0.0065
24301,75.054,-0.0045
24302,76.02,-0.0028
24303,77.158,-0.001
24304,78.207,0.0008
24305,78.978,0.0025
24306,79.444,0.0043
24307,79.736,0.0065
24308,80.037,0.0087
24309,80.444,0.011
24310,80.905,0.0132
24311,81.297,0.0155
24312,81.587,0.0178
24313,81.879,0.0198
24314,82.281,0.0217
24315,82.749,0.0248
24316,83.083,0.0265
24317,83.088,0.0282
24318,82.757,0.0295
24319,82.269,0.0295
24320,81.859,0.0295
24321,81.698,0.0295
24322,81.789,0.0293
24323,81.969,0.0287
24324,82.058,0.0278
24325,81.989,0.0267
24326,81.816,0.0258
24327,81.65,0.0272
24328,81.571,0.028
24329,81.567,0.0298
24330,81.586,0.0312
24331,81.602,0.0323
24332,81.612,0.0333
24333,81.597,0.035
24334,81.493,0.0355
24335,81.241,0.036
24336,80.898,0.0365
24337,80.654,0.037
24338,80.715,0.0372
24339,81.185,0.0375
24340,81.994,0.037
24341,82.946,0.0367
24342,83.855,0.0365
24343,84.649,0.0362
24344,85.338,0.036
24345,85.935,0.0355
24346,86.447,0.034
24347,86.904,0.032
24348,87.355,0.0293
24349,87.826,0.0265
24350,88.302,0.0238
24351,88.688,0.0217
24352,88.841,0.0198
24353,88.686,0.019
24354,88.292,0.0187
24355,87.814,0.0175
24356,87.416,0.0168
24357,87.254,0.016
24358,87.404,0.0155
24359,87.8,0.0152
24360,88.281,0.0152
24361,88.686,0.0152
24362,88.915,0.015
24363,88.976,0.0148
24364,88.959,0.015
24365,88.937,0.0152
24366,88.93,0.0155
24367,88.936,0.0135
24368,88.948,0.0115
24369,88.961,0.0095
24370,88.968,0.0077
24371,88.974,0.0065
24372,88.967,0.0053
24373,88.889,0.0037
24374,88.665,0.0023
24375,88.294,0.0008
24376,87.863,-0.0008
24377,87.415,-0.0023
24378,86.826,-0.0035
24379,85.889,-0.0047
24380,84.533,-0.006
24381,82.939,-0.0073
24382,81.414,-0.0085
24383,80.173,-0.0095
24384,79.232,-0.01
24385,78.474,-0.0103
24386,77.791,-0.0095
24387,77.158,-0.0087
24388,76.628,-0.0073
24389,76.311,-0.0057
24390,76.318,-0.0043
24391,76.649,-0.0035
24392,77.193,-0.0028
24393,77.828,-0.002
24394,78.46,-0.0017
24395,79.055,-0.002
24396,79.682,-0.0028
24397,80.514,-0.0035
24398,81.678,-0.0043
24399,83.058,-0.004
24400,84.322,-0.0037
24401,85.211,-0.0035
24402,85.734,-0.0028
24403,86.104,-0.002
24404,86.494,-0.0013
24405,86.872,-0.0005
24406,87.105,0.0008
24407,87.167,0.001
24408,87.14,0.0013
24409,87.114,0.0015
24410,87.167,0.0017
24411,87.375,0.0017
24412,87.765,0.0017
24413,88.312,0.002
24414,88.956,0.0023
24415,89.609,0.0023
24416,90.181,0.0023
24417,90.594,0.0023
24418,90.746,0.002
24419,90.578,0.0023
24420,90.164,0.0025
24421,89.672,0.0025
24422,89.267,0.0028
24423,89.037,0.0028
24424,88.961,0.0023
24425,88.964,0.0017
24426,89.048,0.0013
24427,89.283,0.0005
24428,89.686,-0.0003
24429,90.159,-0.001
24430,90.555,-0.0013
24431,90.774,-0.0015
24432,90.83,-0.0017
24433,90.818,-0.002
24434,90.791,-0.0017
24435,90.709,-0.0017
24436,90.547,-0.0017
24437,90.371,-0.0017
24438,90.306,-0.002
24439,90.465,-0.0023
24440,90.879,-0.0025
24441,91.442,-0.0032
24442,91.977,-0.0037
24443,92.382,-0.0043
24444,92.689,-0.0047
24445,93.001,-0.0053
24446,93.337,-0.0055
24447,93.574,-0.0047
24448,93.568,-0.0045
24449,93.336,-0.0043
24450,93.082,-0.0045
24451,93.007,-0.0047
24452,93.096,-0.0045
24453,93.174,-0.0043
24454,93.121,-0.004
24455,92.962,-0.0035
24456,92.808,-0.0028
24457,92.743,-0.002
24458,92.735,-0.0013
24459,92.669,-0.001
24460,92.438,-0.0008
24461,92.033,-0.0005
24462,91.553,-0.0005
24463,91.147,-0.0005
24464,90.919,-0.0005
24465,90.844,-0.0005
24466,90.771,-0.0005
24467,90.557,0
24468,90.16,0.0005
24469,89.614,0.001
24471,88.348,0.001
24472,87.783,0.001
24473,87.301,0.001
24474,86.925,0.0005
24475,86.69,0.0003
24476,86.557,0.0003
24477,86.42,0.0003
24478,86.2,0.0005
24479,85.891,0.001
24480,85.565,0.0013
24481,85.342,0.002
24482,85.267,0.0025
24483,85.277,0.0023
24484,85.299,0.004
24485,85.313,0.0057
24486,85.326,0.0067
24487,85.326,0.0073
24488,85.246,0.0083
24489,85.005,0.0085
24490,84.603,0.009
24491,84.126,0.0097
24492,83.643,0.0105
24493,83.178,0.0112
24494,82.764,0.0123
24495,82.445,0.0132
24496,82.238,0.0132
24497,82.108,0.0132
24498,81.93,0.0132
24499,81.564,0.0132
24500,80.964,0.013
24501,80.122,0.0132
24502,79.001,0.0135
24503,77.661,0.0138
24504,76.377,0.014
24505,75.476,0.0142
24506,75.09,0.0152
24507,75.095,0.016
24508,75.269,0.0168
24509,75.445,0.0172
24510,75.531,0.0178
24511,75.474,0.0182
24512,75.305,0.0195
24513,75.221,0.0208
24514,75.472,0.022
24515,76.074,0.0238
24516,76.695,0.025
24517,76.837,0.0255
24518,76.102,0.0262
24519,74.357,0.0267
24520,71.762,0.0275
24521,68.792,0.0285
24522,66.287,0.0295
24523,65.17,0.0307
24524,65.87,0.0298
24525,68.074,0.029
24526,71.093,0.0275
24527,74.318,0.026
24528,77.377,0.0245
24529,80.024,0.0245
24530,81.938,0.027
24531,82.724,0.0302
24532,82.219,0.0325
24533,80.671,0.0347
24534,78.538,0.0367
24535,76.262,0.0387
24536,74.195,0.0408
24537,72.546,0.0427
24538,71.334,0.0443
24539,70.451,0.0457
24540,69.777,0.0475
24541,69.248,0.048
24542,68.87,0.0485
24543,68.651,0.0513
24544,68.444,0.054
24545,67.996,0.0553
24546,67.202,0.0537
24547,66.183,0.0522
24548,65.15,0.0508
24549,64.286,0.0493
24550,63.675,0.0478
24551,63.356,0.0462
24552,63.378,0.044
24553,63.715,0.041
24554,64.192,0.038
24555,64.6,0.034
24556,64.831,0.0302
24557,64.909,0.0278
24558,64.925,0.0267
24559,64.93,0.0258
24560,64.871,0.0248
24561,64.647,0.0227
24562,64.185,0.0198
24563,63.487,0.0172
24564,62.624,0.015
24565,61.692,0.0125
24566,60.749,0.0115
24567,59.807,0.0138
24568,58.868,0.0135
24569,57.934,0.0125
24570,57.004,0.0092
24571,56.093,0.0053
24572,55.242,0.0017
24573,54.477,0.0003
24574,53.784,-0.0013
24575,53.151,-0.003
24576,52.612,-0.004
24577,52.197,-0.0053
24578,51.895,-0.005
24579,51.663,-0.0047
24580,51.491,-0.0045
24581,51.417,-0.0032
24582,51.498,-0.002
24583,51.75,-0.0028
24584,52.08,-0.0028
24585,52.328,-0.0013
24586,52.415,0.0023
24587,52.409,0.0057
24588,52.46,0.0092
24589,52.687,0.0142
24590,53.07,0.0148
24591,53.453,0.0152
24592,53.689,0.0165
24593,53.763,0.0185
24594,53.757,0.0205
24595,53.763,0.0235
24596,53.849,0.0272
24597,54.018,0.0285
24598,54.199,0.028
24599,54.345,0.031
24600,54.501,0.0342
24601,54.738,0.0382
24602,55.079,0.045
24603,55.433,0.0517
24604,55.604,0.0532
24605,55.453,0.0548
24606,55.032,0.0555
24607,54.52,0.0537
24608,54.093,0.0545
24609,53.851,0.0555
24610,53.779,0.0562
24611,53.78,0.0572
24612,53.774,0.0583
24613,53.764,0.0565
24614,53.835,0.0555
24615,54.06,0.0548
24616,54.393,0.054
24617,54.712,0.0532
24618,54.941,0.051
24619,55.093,0.0495
24620,55.228,0.0462
24621,55.389,0.043
24622,55.534,0.0398
24623,55.616,0.0375
24624,55.706,0.0325
24625,55.927,0.0287
24626,56.318,0.025
24627,56.849,0.0212
24628,57.464,0.017
24629,58.075,0.013
24630,58.604,0.0135
24631,59.073,0.0125
24632,59.602,0.0107
24633,60.306,0.009
24634,61.185,0.0097
24635,62.122,0.0105
24636,62.985,0.0105
24637,63.754,0.0125
24638,64.518,0.014
24639,65.373,0.011
24640,66.356,0.0077
24641,67.457,0.004
24642,68.635,-0.0015
24643,69.804,-0.007
24644,70.826,-0.006
24645,71.585,-0.0057
24646,72.058,-0.0055
24647,72.27,-0.006
24648,72.234,-0.007
24649,72.04,-0.0083
24650,71.978,-0.0087
24651,72.42,-0.0095
24652,73.528,-0.01
24653,75.13,-0.0097
24654,76.873,-0.0103
24655,78.491,-0.0105
24656,79.966,-0.011
24657,81.457,-0.0112
24658,83.03,-0.011
24659,84.479,-0.0115
24660,85.446,-0.0103
24661,85.661,-0.0087
24662,85.113,-0.0075
24663,84.172,-0.0075
24664,83.466,-0.0055
24665,83.383,-0.0047
24666,83.75,-0.003
24667,84.121,-0.0023
24668,84.182,-0.001
24669,83.919,-0.0013
24670,83.521,-0.0013
24671,83.126,0
24672,82.691,0.002
24673,82.144,0.0032
24674,81.577,0.002
24675,81.234,0.0008
24676,81.312,-0.0005
24677,81.846,-0.001
24678,82.72,-0.001
24679,83.741,-0.001
24680,84.75,-0.001
24681,85.715,-0.0008
24682,86.66,-0.0005
24683,87.533,0.0008
24684,88.224,0.0008
24685,88.68,0
24686,88.983,-0.0008
24687,89.278,-0.0015
24688,89.614,-0.0017
24689,89.919,-0.0008
24690,90.142,-0.0003
24691,90.364,0.0003
24692,90.746,-0.0013
24693,91.329,-0.0028
24694,91.878,-0.0043
24695,92.043,-0.006
24696,91.714,-0.0053
24697,91.111,-0.0047
24698,90.549,-0.0063
24699,90.224,-0.0075
24700,90.166,-0.0087
24701,90.289,-0.0105
24702,90.478,-0.0103
24703,90.619,-0.011
24704,90.555,-0.0118
24705,90.155,-0.0125
24706,89.436,-0.0145
24707,88.526,-0.0155
24708,87.567,-0.015
24709,86.682,-0.0155
24710,85.974,-0.0163
24711,85.511,-0.0168
24712,85.272,-0.018
24713,85.138,-0.0182
24714,85.006,-0.0182
24715,84.877,-0.0182
24716,84.758,-0.0182
24717,84.541,-0.019
24718,84.081,-0.0198
24719,83.36,-0.0195
24720,82.55,-0.0192
24721,81.914,-0.0187
24722,81.586,-0.0182
24723,81.506,-0.0187
24724,81.587,-0.0192
24725,81.841,-0.018
24726,82.247,-0.017
24727,82.632,-0.016
24728,82.789,-0.0148
24729,82.744,-0.0148
24730,82.783,-0.0148
24731,83.181,-0.015
24732,83.971,-0.0135
24733,84.938,-0.012
24734,85.804,-0.0103
24735,86.481,-0.0085
24736,87.088,-0.0092
24737,87.753,-0.0097
24738,88.521,-0.008
24739,89.406,-0.0065
24740,90.41,-0.005
24741,91.525,-0.0035
24742,92.699,-0.004
24743,93.786,-0.0035
24744,94.583,-0.0025
24745,95.011,-0.0015
24746,95.221,-0.0008
24747,95.502,0
24748,96.111,-0.0008
24749,97.084,-0.0005
24750,98.132,0.0003
24751,98.803,0.0008
24752,98.78,0.0013
24753,98.09,0.0015
24754,97.151,0.0015
24755,96.542,0.0015
24756,96.584,0.0015
24757,97.178,0.0015
24758,97.96,0.0015
24759,98.548,0.0015
24760,98.765,0.0015
24761,98.668,0.0017
24762,98.389,0.0017
24763,98.067,0.0017
24764,97.829,0.0017
24765,97.688,0.0015
24766,97.544,0.0017
24767,97.315,0.002
24768,96.979,0.002
24769,96.563,0.002
24770,96.173,0.002
24771,95.923,0.0023
24772,95.842,0.0025
24773,95.942,0.003
24774,96.281,0.0032
24775,96.859,0.0035
24776,97.523,0.004
24777,98.086,0.0045
24778,98.459,0.0045
24779,98.711,0.0045
24780,99.067,0.0047
24781,99.755,0.0053
24782,100.776,0.006
24783,101.903,0.0065
24784,102.884,0.0065
24785,103.546,0.0065
24786,103.706,0.007
24787,103.163,0.008
24788,101.875,0.0083
24789,100.098,0.0085
24790,98.269,0.0083
24791,96.724,0.0083
24792,95.459,0.008
24793,94.163,0.0085
24794,92.547,0.0075
24795,90.669,0.0065
24796,88.843,0.0055
24797,87.301,0.0045
24798,86.071,0.0035
24799,85.029,0.0025
24800,83.972,0.0008
24801,82.733,-0.0013
24802,81.287,-0.003
24803,79.715,-0.0047
24804,78.15,-0.0065
24805,76.755,-0.0083
24806,75.666,-0.0103
24807,74.914,-0.0125
24808,74.398,-0.0148
24809,73.962,-0.017
24810,73.507,-0.0198
24811,73.024,-0.0225
24812,72.538,-0.0253
24813,72.062,-0.0267
24814,71.59,-0.0282
24815,71.121,-0.0307
24816,70.662,-0.0333
24817,70.209,-0.0353
24818,69.747,-0.037
24819,69.266,-0.0375
24820,68.784,-0.0382
24821,68.381,-0.039
24822,68.199,-0.0395
24823,68.348,-0.0398
24824,68.837,-0.04
24825,69.576,-0.0403
24826,70.386,-0.0405
24827,71.035,-0.0432
24828,71.385,-0.0452
24829,71.466,-0.0473
24830,71.38,-0.0493
24831,71.214,-0.0503
24832,71.035,-0.051
24833,70.857,-0.0525
24834,70.665,-0.0525
24835,70.501,-0.0525
24836,70.426,-0.0525
24837,70.415,-0.0525
24838,70.398,-0.0525
24839,70.385,-0.0525
24840,70.511,-0.0517
24841,70.9,-0.051
24842,71.496,-0.05
24843,72.082,-0.049
24844,72.44,-0.048
24845,72.514,-0.047
24846,72.485,-0.046
24847,72.631,-0.0447
24848,73.077,-0.0427
24849,73.709,-0.0408
24850,74.295,-0.0382
24851,74.673,-0.0358
24852,74.827,-0.0333
24853,74.823,-0.0323
24854,74.714,-0.0318
24855,74.488,-0.0302
24856,74.142,-0.0287
24857,73.807,-0.0278
24858,73.654,-0.0267
24859,73.725,-0.0262
24860,73.927,-0.0255
24861,74.107,-0.0248
24862,74.119,-0.0243
24863,73.897,-0.0238
24864,73.48,-0.0232
24865,72.999,-0.0227
24866,72.662,-0.0222
24867,72.65,-0.0198
24868,72.969,-0.0172
24869,73.441,-0.0148
24870,73.854,-0.0123
24871,74.094,-0.0107
24872,74.174,-0.0092
24873,74.177,-0.0077
24874,74.163,-0.0063
24875,74.157,-0.0047
24876,74.223,-0.0032
24877,74.447,-0.0017
24878,74.841,-0.0003
24879,75.306,0.0013
24880,75.715,0.0028
24881,76.018,0.0043
24882,76.238,0.0055
24883,76.41,0.0065
24884,76.546,0.0075
24885,76.626,0.0085
24886,76.621,0.0095
24887,76.592,0.0105
24888,76.659,0.0107
24889,76.873,0.011
24890,77.201,0.0112
24891,77.551,0.0115
24892,77.801,0.0118
24893,77.904,0.012
24894,77.922,0.0128
24895,77.926,0.0135
24896,77.911,0.0142
24897,77.824,0.015
24898,77.648,0.0158
24899,77.466,0.0158
24900,77.386,0.0155
24901,77.448,0.0152
24902,77.614,0.015
24903,77.836,0.0148
24904,78.148,0.0145
24905,78.641,0.0142
24906,79.296,0.014
24907,79.89,0.0138
24908,80.133,0.0135
24909,79.891,0.0132
24910,79.292,0.013
24911,78.625,0.0128
24912,78.139,0.0125
24913,77.917,0.0123
24914,77.874,0.012
24915,77.825,0.0118
24916,77.613,0.0115
24917,77.213,0.0112
24918,76.732,0.011
24919,76.326,0.0107
24920,76.081,0.0105
24921,75.925,0.0105
24922,75.689,0.0105
24923,75.295,0.0107
24924,74.832,0.011
24925,74.44,0.0112
24926,74.144,0.0118
24927,73.787,0.0123
24928,73.166,0.0125
24929,72.256,0.0128
24930,71.258,0.013
24931,70.405,0.0132
24932,69.677,0.0135
24933,68.822,0.0132
24934,67.646,0.013
24935,66.237,0.014
24936,64.894,0.015
24937,63.768,0.016
24938,62.594,0.0172
24939,60.932,0.0187
24940,58.575,0.0205
24941,55.632,0.0243
24942,52.354,0.0282
24943,48.927,0.0323
24944,45.436,0.0365
24945,42.037,0.041
24946,39.04,0.0408
24947,36.699,0.0405
24948,35.03,0.0403
24949,33.862,0.04
24950,32.996,0.0432
24951,32.276,0.0462
24952,31.555,0.0462
24953,30.651,0.0462
24954,29.364,0.0462
24955,27.56,0.0462
24956,25.279,0.0455
24957,22.741,0.0447
24958,20.261,0.044
24959,18.144,0.0435
24960,16.591,0.043
24961,15.631,0.0423
24962,15.068,0.0415
24963,14.571,0.0408
24964,13.877,0.04
24965,12.98,0.0393
24966,12.163,0.0382
24967,11.823,0.0372
24968,12.166,0.0365
24969,13.068,0.0358
24970,14.223,0.0353
24971,15.358,0.0358
24972,16.289,0.036
24973,16.919,0.0367
24974,17.269,0.0375
24975,17.471,0.037
24976,17.676,0.0358
24977,17.968,0.0345
24978,18.36,0.033
24979,18.822,0.0312
24980,19.305,0.0298
24981,19.713,0.0262
24982,19.912,0.0227
24983,19.814,0.0192
24984,19.414,0.0105
24985,18.828,0.0013
24986,18.336,-0.0035
24987,18.24,-0.0087
24988,18.69,-0.0145
24989,19.611,-0.0178
24990,20.688,-0.0235
24991,21.556,-0.0293
24992,22.132,-0.0323
24993,22.584,-0.0358
24994,23.052,-0.0478
24995,23.537,-0.0628
24996,23.941,-0.0695
24997,24.112,-0.0635
24998,23.969,-0.0732
24999,23.569,-0.0875
25000,23.019,-0.0895
25001,22.393,-0.0916
25002,21.703,-0.0938
25003,20.867,-0.0961
25004,19.756,-0.0986
25005,18.334,-0.1012
25006,16.737,-0.1039
25007,15.22,-0.1069
25008,13.985,-0.11
25009,13.007,-0.1133
25010,12.043,-0.1172
25011,10.828,-0.0636
25012,9.273,-0.0636
25013,7.532,-0.0636
25014,5.864,-0.0636
25015,4.451,-0.0636
25016,3.357,-0.0636
25017,2.519,-0.0636
25018,1.781,-0.0636
25019,0,-0.0636
26054,0,-0.0636
26055,1.913,-0.0636
26056,3.827,-0.0636
26059,9.566,-0.0636
26060,11.371,-0.056
26061,13.175,-0.0483
26062,14.98,-0.0406
26063,16.784,-0.033
26064,18.588,-0.0253
26065,20.393,-0.0177
26066,22.197,-0.01
26067,24.311,-0.0096
26069,28.539,-0.0086
26070,30.653,-0.0082
26071,32.767,-0.0077
26072,34.631,-0.0074
26073,36.495,-0.007
26074,38.359,-0.0067
26075,40.223,-0.0063
26076,42.087,-0.006
26077,43.95,-0.0056
26078,45.826,-0.0056
26079,47.701,-0.0056
26080,49.576,-0.0055
26082,53.326,-0.0055
26083,55.202,-0.0054
26084,57.184,-0.0054
26085,59.166,-0.0055
26086,61.148,-0.0055
26087,63.13,-0.0056
26088,65.112,-0.0056
26089,67.123,-0.0056
26090,69.134,-0.0057
26091,71.144,-0.0057
26092,73.155,-0.0057
26093,75.166,-0.0058
26094,77.034,-0.0058
26095,78.901,-0.0058
26096,80.769,-0.0059
26097,82.636,-0.0059
26098,84.504,-0.0059
26099,83.164,-0.0061
26100,82.002,-0.0059
26101,81.096,-0.0057
26102,80.403,-0.0052
26103,79.955,-0.0047
26104,79.75,-0.0052
26105,79.707,-0.0056
26106,79.719,-0.0054
26107,79.724,-0.0056
26108,79.71,-0.0057
26109,79.708,-0.0053
26110,79.787,-0.0049
26111,80.025,-0.0045
26112,80.427,-0.0025
26113,80.89,-0.0003
26114,81.266,0.0005
26115,81.468,0.001
26116,81.589,0.0015
26117,81.887,0.002
26118,82.597,0.0025
26119,83.716,0.0028
26120,84.948,0.003
26121,85.904,0.0035
26122,86.371,0.004
26123,86.426,0.0045
26124,86.296,0.005
26125,86.132,0.0043
26126,85.943,0.0037
26127,85.711,0.0045
26128,85.48,0.005
26129,85.338,0.0055
26130,85.359,0.0053
26131,85.519,0.005
26132,85.686,0.0043
26133,85.758,0.0035
26134,85.771,0.003
26135,85.847,0.0037
26136,86.011,0.0043
26137,86.09,0.0045
26138,85.883,0.0047
26139,85.443,0.005
26140,85.103,0.0055
26141,85.204,0.006
26142,85.723,0.0063
26143,86.235,0.0065
26144,86.329,0.0075
26145,85.983,0.008
26146,85.499,0.008
26147,85.169,0.0087
26148,85.03,0.0095
26149,84.889,0.0097
26150,84.633,0.01
26151,84.383,0.0103
26152,84.295,0.0105
26153,84.382,0.0105
26154,84.566,0.0105
26155,84.748,0.0105
26156,84.845,0.0105
26157,84.793,0.0107
26158,84.546,0.011
26159,84.142,0.0112
26160,83.732,0.0115
26161,83.478,0.0115
26162,83.461,0.0112
26163,83.685,0.011
26164,84.097,0.0107
26165,84.581,0.0105
26166,84.99,0.01
26167,85.216,0.0095
26168,85.266,0.0092
26169,85.238,0.009
26170,85.254,0.0087
26171,85.423,0.0087
26172,85.758,0.0087
26173,86.069,0.0087
26174,86.05,0.0085
26175,85.574,0.008
26176,84.849,0.008
26177,84.238,0.0083
26178,83.941,0.0087
26179,83.867,0.0092
26180,83.799,0.009
26181,83.648,0.0087
26182,83.488,0.0085
26183,83.418,0.0083
26184,83.479,0.008
26185,83.698,0.0087
26186,84.088,0.009
26187,84.609,0.0087
26188,85.156,0.0085
26189,85.62,0.0083
26190,86.006,0.008
26191,86.425,0.0077
26192,86.974,0.0077
26193,87.63,0.008
26194,88.266,0.0077
26195,88.727,0.0077
26196,88.947,0.008
26197,88.986,0.008
26198,88.969,0.008
26199,89.031,0.008
26200,89.266,0.008
26201,89.666,0.008
26202,90.117,0.0077
26203,90.487,0.0075
26204,90.768,0.0073
26205,91.135,0.007
26206,91.774,0.0073
26207,92.661,0.0075
26208,93.56,0.0077
26209,94.214,0.008
26210,94.524,0.0083
26211,94.579,0.0083
26212,94.554,0.0083
26213,94.608,0.0085
26214,94.822,0.0087
26215,95.154,0.009
26216,95.471,0.0092
26217,95.636,0.0095
26218,95.572,0.009
26219,95.325,0.0085
26220,95.038,0.0085
26221,94.785,0.0085
26222,94.473,0.0085
26223,93.936,0.0085
26224,93.122,0.0085
26225,92.186,0.0083
26226,91.394,0.0083
26227,90.86,0.0083
26228,90.396,0.0083
26229,89.756,0.0083
26230,89.047,0.0083
26231,88.719,0.0092
26232,89.079,0.0103
26233,89.928,0.0112
26234,90.668,0.0128
26235,90.751,0.0125
26236,90.145,0.012
26237,89.322,0.014
26238,88.766,0.016
26239,88.559,0.018
26240,88.406,0.02
26241,87.902,0.0222
26242,86.848,0.025
26243,85.384,0.0248
26244,83.92,0.0245
26245,82.967,0.028
26246,82.87,0.031
26247,83.51,0.034
26248,84.297,0.037
26249,84.491,0.04
26250,83.688,0.0387
26251,82.106,0.0375
26252,80.3,0.0362
26253,78.599,0.0347
26254,76.881,0.0333
26255,74.85,0.0318
26256,72.41,0.0302
26257,69.818,0.0312
26258,67.491,0.0328
26259,65.699,0.0342
26260,64.476,0.0358
26261,63.724,0.0372
26262,63.299,0.0387
26263,63.021,0.0393
26264,62.725,0.0398
26265,62.375,0.04
26266,62.114,0.0405
26267,62.177,0.041
26268,62.722,0.0415
26269,63.686,0.0418
26270,64.802,0.042
26271,65.82,0.0413
26272,66.662,0.0405
26273,67.409,0.0398
26274,68.235,0.039
26275,69.26,0.0398
26276,70.448,0.0405
26277,71.66,0.0387
26278,72.709,0.0372
26279,73.399,0.0358
26280,73.704,0.0342
26281,73.866,0.0325
26282,74.216,0.0307
26283,74.909,0.032
26284,75.835,0.0333
26285,76.729,0.0307
26286,77.415,0.0282
26287,77.957,0.0258
26288,78.508,0.0232
26289,79.183,0.021
26290,80.054,0.0227
26291,81.085,0.0245
26292,82.107,0.0262
26293,82.912,0.028
26294,83.364,0.0298
26295,83.499,0.032
26296,83.487,0.0342
26297,83.461,0.034
26298,83.451,0.0338
26299,83.446,0.0338
26300,83.444,0.0333
26301,83.447,0.0328
26302,83.455,0.0323
26303,83.462,0.0328
26304,83.462,0.0333
26305,83.456,0.0338
26306,83.444,0.034
26307,83.449,0.0345
26308,83.522,0.035
26309,83.679,0.0358
26310,83.846,0.0362
26311,83.915,0.0367
26312,83.841,0.0372
26313,83.665,0.0377
26314,83.492,0.0382
26315,83.397,0.0387
26316,83.368,0.039
26317,83.358,0.0393
26318,83.353,0.0393
26319,83.361,0.0393
26320,83.377,0.0393
26321,83.384,0.0393
26322,83.38,0.0393
26323,83.446,0.0393
26324,83.746,0.0393
26325,84.384,0.0393
26326,85.272,0.0393
26327,86.157,0.0393
26328,86.788,0.0395
26329,87.091,0.0395
26330,87.156,0.0398
26331,87.074,0.04
26332,86.839,0.0403
26333,86.447,0.0405
26334,85.984,0.0408
26335,85.594,0.0405
26336,85.371,0.0403
26337,85.298,0.04
26338,85.29,0.0398
26339,85.279,0.0393
26340,85.274,0.039
26341,85.352,0.0387
26342,85.58,0.0385
26343,85.915,0.0382
26344,86.227,0.038
26345,86.382,0.0377
26346,86.309,0.0377
26347,86.058,0.0375
26348,85.773,0.0372
26349,85.541,0.0367
26350,85.33,0.0362
26351,85.049,0.0358
26352,84.646,0.0353
26353,84.171,0.0347
26354,83.752,0.0342
26355,83.496,0.0338
26356,83.401,0.0335
26357,83.401,0.0333
26358,83.49,0.033
26359,83.73,0.0328
26360,84.129,0.0325
26361,84.594,0.0323
26362,84.986,0.032
26363,85.21,0.0318
26364,85.275,0.0318
26365,85.268,0.0318
26366,85.259,0.0318
26367,85.259,0.0318
26368,85.257,0.0315
26369,85.248,0.0312
26370,85.233,0.031
26371,85.223,0.0307
26372,85.259,0.0305
26373,85.415,0.0302
26374,85.745,0.03
26375,86.203,0.0298
26376,86.587,0.0295
26377,86.614,0.0293
26378,86.135,0.029
26379,85.281,0.0285
26380,84.371,0.028
26381,83.713,0.0275
26382,83.463,0.027
26383,83.621,0.0265
26384,84.11,0.026
26385,84.831,0.0255
26386,85.639,0.025
26387,86.344,0.0245
26388,86.818,0.024
26389,87.054,0.0235
26390,87.132,0.0232
26391,87.147,0.023
26392,87.16,0.0227
26393,87.166,0.0227
26394,87.094,0.0227
26395,86.86,0.0227
26396,86.453,0.0227
26397,85.976,0.0227
26398,85.579,0.0227
26399,85.355,0.0227
26400,85.283,0.0225
26401,85.293,0.0227
26402,85.369,0.023
26403,85.514,0.0232
26404,85.675,0.0217
26405,85.809,0.0205
26406,85.955,0.0192
26407,86.172,0.018
26408,86.477,0.0168
26409,86.802,0.0155
26410,87.025,0.0138
26411,87.103,0.0132
26412,87.108,0.0128
26413,87.098,0.0123
26414,87.03,0.0107
26415,86.819,0.0075
26416,86.431,0.0043
26417,85.884,0.0025
26418,85.251,0.0008
26419,84.689,0.0017
26420,84.374,0.0013
26421,84.382,0.001
26422,84.646,0.0008
26423,84.979,0.0005
26424,85.139,0.002
26425,85.008,0.0032
26426,84.61,0.0045
26427,83.916,0.004
26428,82.821,0.0035
26429,81.378,0.0032
26430,79.87,0.005
26431,78.663,0.0067
26432,77.982,0.0085
26433,77.715,0.0085
26434,77.511,0.0085
26435,77.148,0.0085
26436,76.676,0.0077
26437,76.251,0.0077
26438,75.989,0.0083
26439,75.935,0.0087
26440,76.139,0.0087
26441,76.764,0.007
26442,77.958,0.0053
26443,79.547,0.0035
26444,81.021,0.0032
26445,81.851,0.0028
26446,81.836,0.002
26447,81.21,0.0023
26448,80.4,0.001
26449,79.665,-0.0003
26450,79.046,-0.001
26451,78.519,-0.0028
26452,78.045,-0.0037
26453,77.591,-0.0047
26454,77.188,-0.0047
26455,76.951,-0.0043
26456,77.04,-0.0037
26457,77.53,-0.0053
26458,78.251,-0.0067
26459,78.863,-0.011
26460,79.209,-0.0125
26461,79.516,-0.0142
26462,80.255,-0.016
26463,81.803,-0.0178
26464,84.113,-0.0212
26465,86.712,-0.0245
26466,89.092,-0.0278
26467,90.935,-0.029
26468,92.052,-0.0302
26469,92.397,-0.032
26470,92.076,-0.0358
26471,91.3,-0.0395
26472,90.319,-0.0432
26473,89.239,-0.0462
26474,87.953,-0.0493
26475,86.407,-0.052
26476,84.781,-0.0542
26477,83.349,-0.057
26478,82.285,-0.0602
26479,81.584,-0.0635
26480,81.123,-0.0645
26481,80.773,-0.0643
26482,80.461,-0.0645
26483,80.18,-0.065
26484,79.947,-0.066
26485,79.777,-0.067
26486,79.706,-0.0678
26487,79.841,-0.0687
26488,80.308,-0.0665
26489,81.117,-0.0643
26490,82.082,-0.064
26491,82.887,-0.064
26492,83.203,-0.0648
26493,82.878,-0.0655
26494,82.057,-0.0648
26495,81.071,-0.0628
26496,80.249,-0.062
26497,79.786,-0.0607
26498,79.66,-0.0605
26499,79.688,-0.06
26500,79.723,-0.0595
26501,79.734,-0.059
26502,79.735,-0.0598
26503,79.737,-0.0605
26504,79.742,-0.0605
26505,79.739,-0.0605
26506,79.661,-0.0588
26507,79.418,-0.0578
26508,79.017,-0.0567
26509,78.621,-0.0542
26510,78.457,-0.0517
26511,78.631,-0.051
26512,79.03,-0.0505
26513,79.422,-0.0493
26514,79.643,-0.0465
26515,79.695,-0.044
26516,79.678,-0.0418
26517,79.667,-0.0395
26518,79.688,-0.0372
26519,79.707,-0.035
26520,79.586,-0.0342
26521,79.149,-0.0335
26522,78.367,-0.0328
26523,77.43,-0.0318
26524,76.628,-0.0305
26525,76.162,-0.0285
26526,76.022,-0.0265
26527,76.022,-0.0253
26528,75.983,-0.0258
26529,75.829,-0.0262
26530,75.513,-0.0248
26531,74.977,-0.0232
26532,74.253,-0.022
26533,73.462,-0.0208
26534,72.689,-0.021
26535,72.019,-0.0212
26536,71.74,-0.0202
26537,72.261,-0.0192
26538,73.75,-0.016
26539,75.878,-0.0128
26540,77.937,-0.0115
26541,79.288,-0.0115
26542,79.803,-0.0103
26543,79.835,-0.009
26544,79.75,-0.0085
26545,79.659,-0.008
26546,79.592,-0.0085
26547,79.768,-0.0085
26548,80.536,-0.0083
26549,82.011,-0.008
26550,83.833,-0.008
26551,85.336,-0.0065
26552,85.979,-0.0047
26553,85.708,-0.003
26554,84.945,-0.0015
26555,84.192,0.0005
26556,83.702,0.003
26557,83.492,0.0053
26558,83.441,0.0075
26559,83.308,0.008
26560,82.86,0.0085
26561,82.063,0.009
26562,81.099,0.01
26563,80.218,0.0112
26564,79.59,0.0128
26565,79.208,0.014
26566,78.921,0.0152
26567,78.624,0.0165
26568,78.326,0.0185
26569,78.086,0.0205
26570,78.001,0.0225
26571,78.168,0.0245
26572,78.563,0.0275
26573,79.059,0.0305
26574,79.541,0.0335
26575,79.927,0.0365
26576,80.158,0.0395
26577,80.258,0.0425
26578,80.327,0.0443
26579,80.474,0.046
26580,80.752,0.0475
26581,81.109,0.0503
26582,81.414,0.053
26583,81.562,0.0558
26584,81.521,0.0585
26585,81.306,0.06
26586,80.972,0.0607
26587,80.574,0.0628
26588,80.165,0.0645
26589,79.865,0.0653
26590,79.8,0.0653
26591,79.964,0.0655
26592,80.212,0.0658
26593,80.349,0.066
26594,80.258,0.065
26595,80.015,0.0643
26596,79.806,0.0638
26597,79.722,0.0633
26598,79.734,0.0628
26599,79.825,0.0682
26600,79.998,0.0737
26601,80.162,0.0793
26602,80.16,0.0843
26603,79.916,0.089
26604,79.496,0.093
26605,79.039,0.0965
26606,78.652,0.0995
26607,78.355,0.1025
26608,78.123,0.1045
26609,77.963,0.109
26610,77.893,0.1135
26611,77.888,0.118
26612,77.894,0.1218
26613,77.885,0.1255
26614,77.857,0.1293
26615,77.834,0.1315
26616,77.892,0.1335
26617,78.11,0.1355
26618,78.513,0.1375
26619,79.072,0.1388
26620,79.71,0.141
26621,80.263,0.1432
26622,80.561,0.1465
26623,80.618,0.1497
26624,80.655,0.153
26625,80.96,0.1583
26626,81.691,0.1635
26627,82.736,0.1675
26628,83.781,0.1718
26629,84.569,0.176
26630,85.036,0.182
26631,85.245,0.188
26632,85.292,0.194
26633,85.277,0.1998
26634,85.266,0.2055
26635,85.276,0.21
26636,85.293,0.215
26637,85.307,0.2197
26638,85.314,0.2245
26639,85.317,0.225
26640,85.323,0.2255
26641,85.318,0.226
26642,85.234,0.2268
26643,84.988,0.2275
26644,84.571,0.229
26645,84.1,0.2308
26646,83.785,0.2332
26647,83.798,0.2355
26648,84.1,0.238
26649,84.421,0.238
26650,84.439,0.2387
26651,84.042,0.2395
26652,83.426,0.241
26653,82.944,0.2427
26654,82.832,0.2447
26655,83.084,0.2482
26656,83.487,0.252
26657,83.778,0.2555
26658,83.931,0.259
26659,84.268,0.263
26660,85.182,0.267
26661,86.726,0.2712
26662,88.448,0.2747
26663,89.639,0.2785
26664,89.855,0.2823
26665,89.253,0.2853
26666,88.366,0.2883
26667,87.575,0.2913
26668,86.879,0.2942
26669,86.106,0.2973
26670,85.207,0.2998
26671,84.354,0.302
26672,83.82,0.3043
26673,83.698,0.3067
26674,83.747,0.3093
26675,83.612,0.3122
26676,83.152,0.314
26677,82.513,0.316
26678,81.948,0.3178
26679,81.57,0.3195
26680,81.264,0.3213
26681,80.88,0.323
26682,80.426,0.325
26683,80.036,0.3267
26684,79.802,0.3285
26685,79.654,0.3297
26686,79.423,0.331
26687,79.024,0.3325
26688,78.547,0.334
26689,78.219,0.3357
26690,78.289,0.3367
26691,78.839,0.338
26692,79.713,0.3395
26693,80.668,0.3407
26694,81.532,0.3422
26695,82.229,0.3435
26696,82.755,0.3438
26697,83.135,0.3443
26698,83.421,0.3448
26699,83.724,0.3455
26700,84.172,0.3463
26701,84.805,0.3468
26702,85.535,0.3475
26703,86.216,0.348
26704,86.742,0.3485
26705,87.065,0.349
26706,87.122,0.3495
26707,86.832,0.35
26708,86.242,0.3503
26709,85.57,0.3513
26710,85.086,0.352
26711,84.935,0.353
26712,85.05,0.354
26713,85.219,0.3555
26714,85.303,0.3558
26715,85.37,0.3563
26716,85.573,0.3575
26717,85.958,0.3588
26718,86.434,0.3608
26719,86.831,0.3628
26720,86.988,0.3665
26721,86.895,0.3673
26722,86.715,0.368
26723,86.628,0.369
26724,86.699,0.3715
26725,86.875,0.3743
26726,87.045,0.377
26727,87.134,0.3798
26728,87.153,0.38
26729,87.146,0.38
26730,87.135,0.38
26731,87.126,0.3782
26732,87.112,0.3755
26733,87.034,0.3727
26734,86.808,0.3695
26735,86.42,0.3668
26736,85.962,0.365
26737,85.576,0.3612
26738,85.362,0.3575
26739,85.288,0.3545
26740,85.217,0.3515
26741,85.071,0.3488
26742,84.898,0.3455
26743,84.743,0.343
26744,84.585,0.3405
26745,84.415,0.3362
26746,84.265,0.3317
26747,84.184,0.3255
26748,84.197,0.3192
26749,84.222,0.3122
26750,84.128,0.3083
26751,83.906,0.305
26752,83.647,0.3018
26753,83.404,0.298
26754,83.186,0.2955
26755,82.962,0.2915
26756,82.62,0.2873
26757,82.01,0.2818
26758,81.084,0.2757
26759,79.926,0.2695
26760,78.682,0.2612
26761,77.61,0.256
26762,77.135,0.2508
26763,77.685,0.2467
26764,79.37,0.2403
26765,81.816,0.2338
26766,84.312,0.2268
26767,86.26,0.2197
26768,87.582,0.2152
26769,88.571,0.211
26770,89.437,0.2077
26771,90.158,0.205
26772,90.639,0.2022
26773,90.867,0.1995
26774,90.921,0.1968
26775,90.909,0.1938
26776,90.896,0.1908
26777,90.893,0.1898
26778,90.893,0.1885
26780,90.893,0.1845
26781,90.893,0.182
26782,90.904,0.1795
26783,90.954,0.1762
26784,90.987,0.173
26785,90.724,0.1715
26786,89.795,0.1703
26787,88.144,0.1705
26788,86.188,0.1708
26789,84.604,0.1708
26790,83.888,0.168
26791,84.007,0.1645
26792,84.503,0.161
26793,84.949,0.1575
26794,85.191,0.154
26795,85.263,0.1512
26796,85.259,0.1485
26797,85.25,0.147
26798,85.292,0.1455
26799,85.448,0.144
26800,85.754,0.1427
26801,86.181,0.1415
26802,86.679,0.1403
26803,87.219,0.1378
26804,87.765,0.1363
26805,88.279,0.135
26806,88.752,0.134
26807,89.208,0.1327
26808,89.666,0.1315
26809,90.126,0.13
26810,90.58,0.1278
26811,91.038,0.1265
26812,91.516,0.1253
26813,91.991,0.124
26814,92.395,0.1228
26815,92.702,0.1215
26816,92.997,0.1205
26817,93.378,0.1195
26818,93.82,0.1187
26819,94.202,0.118
26820,94.432,0.1172
26821,94.504,0.1167
26822,94.436,0.1162
26823,94.208,0.1157
26824,93.823,0.1153
26825,93.375,0.1148
26826,92.989,0.1143
26827,92.694,0.114
26828,92.397,0.1135
26829,92.002,0.1133
26830,91.538,0.1128
26831,91.13,0.1125
26832,90.88,0.1123
26833,90.785,0.1118
26834,90.767,0.1113
26835,90.768,0.1113
26836,90.773,0.1113
26837,90.781,0.1108
26838,90.788,0.112
26839,90.791,0.1135
26840,90.788,0.115
26841,90.795,0.115
26842,90.879,0.115
26843,91.119,0.115
26844,91.52,0.115
26845,91.989,0.1145
26846,92.366,0.1155
26847,92.51,0.1167
26848,92.418,0.117
26849,92.248,0.1172
26850,92.17,0.1175
26851,92.242,0.1177
26852,92.41,0.1172
26853,92.572,0.1177
26854,92.702,0.1182
26855,92.875,0.1187
26856,93.117,0.1177
26857,93.338,0.1167
26858,93.453,0.1157
26859,93.457,0.1153
26860,93.38,0.1145
26861,93.257,0.1138
26862,93.103,0.113
26863,92.93,0.1125
26864,92.849,0.112
26865,93.001,0.1108
26866,93.384,0.1095
26867,93.845,0.1082
26868,94.239,0.1075
26869,94.528,0.1068
26870,94.741,0.1058
26871,94.897,0.1045
26872,94.994,0.103
26873,95.071,0.1017
26874,95.238,0.1005
26875,95.604,0.0992
26876,96.133,0.0985
26877,96.62,0.0983
26878,96.926,0.0963
26879,97.122,0.0943
26880,97.348,0.0922
26881,97.661,0.092
26882,97.997,0.0917
26883,98.209,0.0915
26884,98.203,0.0912
26885,98.037,0.0912
26886,97.85,0.089
26887,97.705,0.0878
26888,97.558,0.0875
26889,97.346,0.0872
26890,97.038,0.0867
26891,96.633,0.0855
26892,96.161,0.0857
26893,95.652,0.0847
26894,95.161,0.084
26895,94.821,0.0835
26896,94.753,0.0843
26897,94.951,0.0847
26898,95.282,0.0852
26899,95.564,0.0852
26900,95.637,0.086
26901,95.464,0.0867
26902,95.132,0.0875
26903,94.78,0.0875
26904,94.556,0.0875
26905,94.56,0.0885
26906,94.8,0.0895
26907,95.222,0.0905
26908,95.777,0.0907
26909,96.41,0.091
26910,97.041,0.0912
26911,97.583,0.0912
26912,97.98,0.0915
26913,98.202,0.0917
26914,98.275,0.0925
26915,98.274,0.0932
26916,98.26,0.0935
26917,98.261,0.0927
26918,98.32,0.092
26919,98.471,0.091
26920,98.705,0.091
26921,98.995,0.0907
26922,99.292,0.0905
26923,99.576,0.0902
26924,99.958,0.0885
26925,100.59,0.0867
26926,101.458,0.0857
26927,102.344,0.0852
26928,103.047,0.0847
26929,103.559,0.0843
26930,104.034,0.0823
26931,104.58,0.081
26932,105.07,0.079
26933,105.239,0.0783
26934,104.983,0.0772
26935,104.44,0.076
26936,103.791,0.0747
26937,103.156,0.0732
26938,102.609,0.0725
26939,102.208,0.071
26940,101.984,0.0695
26941,101.913,0.068
26942,101.922,0.0665
26943,101.932,0.0665
26944,101.864,0.0665
26945,101.64,0.0655
26946,101.253,0.0648
26947,100.783,0.064
26948,100.304,0.0645
26949,99.829,0.065
26950,99.354,0.065
26951,98.961,0.0653
26952,98.811,0.0658
26953,98.995,0.0663
26954,99.405,0.0663
26955,99.804,0.066
26956,100.025,0.0658
26957,100.084,0.0668
26958,100.142,0.0678
26959,100.375,0.069
26960,100.858,0.0692
26961,101.498,0.0695
26962,102.068,0.0697
26963,102.386,0.07
26964,102.455,0.0718
26965,102.358,0.0737
26966,102.122,0.0755
26967,101.772,0.0757
26968,101.424,0.076
26969,101.307,0.0762
26970,101.69,0.078
26971,102.67,0.0798
26972,104.029,0.0815
26973,105.343,0.0823
26974,106.228,0.083
26975,106.506,0.0838
26976,106.316,0.086
26977,106.076,0.0872
26978,106.18,0.0878
26979,106.554,0.089
26980,106.622,0.0897
26981,105.823,0.0907
26982,104.115,0.092
26983,102.053,0.0922
26984,100.427,0.0925
26985,99.664,0.0943
26986,99.538,0.0958
26987,99.537,0.096
26988,99.34,0.0955
26989,98.947,0.095
26990,98.562,0.0948
26991,98.397,0.0945
26992,98.485,0.094
26993,98.664,0.0948
26994,98.755,0.0955
26995,98.69,0.0955
26996,98.518,0.0955
26997,98.352,0.0953
26998,98.268,0.0965
26999,98.251,0.0978
27000,98.248,0.099
27001,98.24,0.1002
27002,98.232,0.1015
27003,98.228,0.1027
27004,98.227,0.1
27005,98.227,0.097
27006,98.227,0.0943
27008,98.227,0.0897
27009,98.227,0.0867
27010,98.227,0.0838
27011,98.227,0.0807
27012,98.227,0.078
27013,98.227,0.0752
27015,98.227,0.0772
27016,98.227,0.0767
27018,98.227,0.0783
27019,98.227,0.078
27020,98.227,0.0785
27021,98.227,0.0788
27024,98.227,0.0788
27025,98.241,0.078
27026,98.306,0.077
27027,98.362,0.0772
27028,98.056,0.0775
27029,96.86,0.079
27030,94.527,0.0798
27031,91.325,0.0803
27032,87.914,0.081
27033,85.045,0.0805
27034,83.177,0.081
27035,82.322,0.0807
27036,82.216,0.0805
27037,82.562,0.0803
27038,83.249,0.0775
27039,84.403,0.0747
27040,86.165,0.0715
27041,88.46,0.0692
27042,90.947,0.067
27043,93.155,0.0648
27044,94.787,0.0665
27045,95.864,0.0682
27046,96.581,0.0705
27047,97.168,0.0723
27048,97.781,0.074
27049,98.407,0.0745
27050,98.947,0.0752
27051,99.357,0.076
27052,99.662,0.0777
27053,99.891,0.0785
27054,100.036,0.0742
27055,100.091,0.07
27056,100.093,0.0658
27057,100.07,0.0617
27058,99.981,0.0585
27059,99.819,0.0567
27060,99.727,0.0542
27061,99.906,0.052
27062,100.397,0.0503
27063,100.984,0.0483
27064,101.324,0.0462
27065,101.232,0.0447
27066,100.835,0.0435
27067,100.413,0.0423
27068,100.157,0.0405
27069,100.08,0.0375
27070,100.078,0.0358
27071,100.018,0.035
27072,99.797,0.0333
27073,99.406,0.0315
27074,98.94,0.0287
27075,98.543,0.0278
27076,98.314,0.0267
27077,98.246,0.0265
27078,98.24,0.027
27079,98.169,0.0275
27080,97.939,0.0295
27081,97.546,0.0305
27082,97.088,0.0312
27083,96.702,0.032
27084,96.482,0.0328
27085,96.413,0.0345
27086,96.409,0.0345
27087,96.409,0.0345
27088,96.388,0.0345
27089,96.289,0.0365
27090,96.062,0.038
27091,95.753,0.0395
27092,95.448,0.0403
27093,95.146,0.042
27094,94.82,0.045
27095,94.56,0.0475
27096,94.537,0.05
27097,94.858,0.0525
27098,95.452,0.0542
27099,96.104,0.052
27100,96.664,0.0498
27101,97.148,0.0473
27102,97.601,0.0443
27103,97.987,0.0415
27104,98.284,0.04
27105,98.58,0.0382
27106,98.974,0.0353
27107,99.438,0.0323
27108,99.842,0.0312
27109,100.076,0.0282
27110,100.144,0.0253
27111,100.127,0.0215
27112,100.099,0.0185
27113,100.159,0.0155
27114,100.464,0.0125
27115,101.104,0.011
27116,101.914,0.0095
27117,102.494,0.0075
27118,102.497,0.0057
27119,101.919,0.0047
27120,101.104,0.0032
27121,100.456,0.0015
27122,100.143,-0.0008
27123,100.071,-0.0032
27124,100.077,-0.0057
27125,100.089,-0.0097
27126,100.087,-0.0125
27127,100.027,-0.0148
27128,99.882,-0.017
27129,99.713,-0.0192
27130,99.63,-0.0227
27131,99.694,-0.0262
27132,99.868,-0.0302
27133,100.029,-0.034
27134,100.033,-0.0382
27135,99.811,-0.041
27136,99.408,-0.044
27137,98.941,-0.047
27138,98.547,-0.05
27139,98.318,-0.0503
27140,98.246,-0.0508
27141,98.246,-0.0513
27142,98.255,-0.0522
27143,98.242,-0.0532
27144,98.169,-0.0555
27145,98.007,-0.058
27146,97.765,-0.0595
27147,97.459,-0.0612
27148,97.14,-0.0645
27149,96.927,-0.0663
27150,96.923,-0.0685
27151,97.091,-0.0708
27152,97.269,-0.0732
27153,97.335,-0.0757
27154,97.327,-0.0783
27155,97.398,-0.0823
27156,97.645,-0.0862
27157,97.965,-0.0917
27158,98.121,-0.0972
27159,97.967,-0.1032
27160,97.557,-0.108
27161,97.072,-0.1128
27162,96.728,-0.1167
27163,96.714,-0.1207
27164,97.101,-0.1242
27165,97.8,-0.1273
27166,98.611,-0.1303
27167,99.324,-0.134
27168,99.811,-0.1378
27169,100.065,-0.1412
27170,100.146,-0.1435
27171,100.082,-0.1467
27172,99.849,-0.15
27173,99.452,-0.1522
27174,98.969,-0.1542
27175,98.473,-0.1573
27176,98.002,-0.1595
27177,97.591,-0.1618
27178,97.27,-0.164
27179,97.053,-0.165
27180,96.988,-0.1657
27181,97.097,-0.1665
27182,97.271,-0.1677
27183,97.299,-0.169
27184,96.995,-0.17
27185,96.336,-0.171
27186,95.529,-0.1718
27187,94.886,-0.1718
27188,94.569,-0.1718
27189,94.497,-0.1715
27190,94.51,-0.1708
27191,94.516,-0.17
27192,94.518,-0.171
27193,94.592,-0.172
27194,94.837,-0.1735
27195,95.248,-0.1747
27196,95.654,-0.1755
27197,95.818,-0.175
27198,95.631,-0.1745
27199,95.207,-0.1745
27200,94.803,-0.1762
27201,94.65,-0.1775
27202,94.829,-0.1785
27203,95.242,-0.1792
27204,95.73,-0.1805
27205,96.203,-0.1818
27206,96.656,-0.1835
27207,97.114,-0.185
27208,97.573,-0.1862
27209,97.963,-0.1893
27210,98.189,-0.192
27211,98.189,-0.1938
27212,97.956,-0.1955
27213,97.543,-0.198
27214,97.06,-0.1992
27215,96.647,-0.2005
27216,96.405,-0.2012
27217,96.327,-0.2033
27218,96.328,-0.2053
27219,96.341,-0.2077
27220,96.352,-0.212
27221,96.367,-0.2137
27222,96.365,-0.2147
27223,96.286,-0.215
27224,96.131,-0.2168
27225,96.026,-0.2185
27226,96.114,-0.221
27227,96.432,-0.224
27228,96.906,-0.225
27229,97.394,-0.2258
27230,97.774,-0.2263
27231,98.026,-0.2263
27232,98.167,-0.2243
27233,98.219,-0.2223
27234,98.275,-0.2197
27235,98.489,-0.2165
27236,98.963,-0.214
27237,99.683,-0.2115
27238,100.509,-0.209
27239,101.238,-0.2067
27240,101.727,-0.2035
27241,101.957,-0.2005
27242,102.004,-0.1978
27243,101.976,-0.1953
27244,101.949,-0.1928
27245,101.942,-0.1893
27246,101.931,-0.1852
27247,101.856,-0.1797
27248,101.703,-0.1745
27249,101.534,-0.1677
27250,101.392,-0.1605
27251,101.236,-0.154
27252,101.006,-0.1475
27253,100.685,-0.1415
27254,100.343,-0.1365
27255,100.121,-0.13
27256,100.118,-0.1247
27257,100.292,-0.119
27258,100.499,-0.1133
27259,100.589,-0.1073
27260,100.465,-0.0988
27261,100.14,-0.0927
27262,99.734,-0.0865
27263,99.35,-0.084
27264,99.009,-0.0793
27265,98.713,-0.0723
27266,98.464,-0.0643
27267,98.227,-0.0562
27268,97.937,-0.0503
27269,97.538,-0.0443
27270,97.013,-0.0395
27271,96.385,-0.0345
27272,95.673,-0.0295
27273,94.88,-0.0243
27274,94.077,-0.0192
27275,93.472,-0.0152
27276,93.25,-0.011
27277,93.319,-0.0067
27278,93.401,-0.0025
27279,93.432,0.0023
27280,93.707,0.006
27281,94.525,0.0095
27282,95.819,0.013
27283,97.161,0.017
27284,98.099,0.021
27285,98.546,0.024
27286,98.763,0.027
27287,99.003,0.0275
27288,99.306,0.029
27289,99.61,0.0305
27290,99.866,0.0315
27291,100.04,0.0333
27292,100.111,0.035
27293,100.112,0.0367
27294,100.099,0.0385
27295,100.1,0.0387
27296,100.113,0.0393
27297,100.128,0.0405
27298,100.134,0.042
27299,100.125,0.0432
27300,100.108,0.0438
27301,100.098,0.0443
27302,100.089,0.045
27303,100.018,0.0487
27304,99.794,0.0515
27305,99.394,0.0513
27306,98.926,0.0508
27307,98.606,0.0513
27308,98.606,0.0517
27309,98.861,0.0522
27310,99.104,0.0537
27311,99.114,0.0548
27312,98.876,0.0558
27313,98.55,0.0565
27314,98.317,0.0575
27315,98.232,0.0585
27316,98.224,0.0595
27317,98.221,0.0607
27318,98.223,0.062
27319,98.301,0.0633
27320,98.536,0.0645
27321,98.931,0.066
27322,99.392,0.0675
27323,99.781,0.0687
27324,100.013,0.0697
27325,100.089,0.0713
27326,100.028,0.0727
27327,99.808,0.0752
27328,99.402,0.0767
27329,98.84,0.0783
27330,98.27,0.0798
27331,97.929,0.0805
27332,97.935,0.0813
27333,98.189,0.082
27334,98.526,0.0835
27335,98.856,0.085
27336,99.174,0.0865
27337,99.502,0.0883
27338,99.75,0.088
27339,99.743,0.0883
27340,99.499,0.0885
27341,99.243,0.0902
27342,99.071,0.0917
27343,98.846,0.0932
27344,98.451,0.094
27345,97.979,0.0958
27346,97.659,0.096
27347,97.617,0.0953
27348,97.712,0.0958
27349,97.7,0.0963
27350,97.53,0.0968
27351,97.409,0.097
27352,97.563,0.0975
27353,98.043,0.097
27354,98.721,0.0965
27355,99.384,0.096
27356,99.851,0.0965
27357,100.073,0.0968
27358,100.111,0.097
27359,100.019,0.0968
27360,99.784,0.0968
27361,99.382,0.0963
27362,98.827,0.0958
27363,98.188,0.0955
27364,97.626,0.095
27365,97.318,0.095
27366,97.33,0.0948
27367,97.595,0.0945
27368,97.925,0.094
27369,98.079,0.0935
27370,97.92,0.093
27371,97.527,0.0932
27372,97.128,0.0938
27373,96.96,0.0943
27374,97.123,0.094
27375,97.514,0.0938
27376,97.919,0.093
27377,98.168,0.092
27378,98.193,0.0927
27379,97.985,0.093
27380,97.514,0.0927
27381,96.736,0.091
27382,95.695,0.0892
27383,94.576,0.0883
27384,93.611,0.088
27385,92.947,0.0875
27386,92.61,0.0895
27387,92.59,0.0902
27388,92.957,0.09
27389,93.829,0.0897
27390,95.201,0.0895
27391,96.881,0.0902
27392,98.585,0.0895
27393,100.104,0.0897
27394,101.371,0.09
27395,102.333,0.0897
27396,102.859,0.0885
27397,102.848,0.0883
27398,102.36,0.088
27399,101.601,0.0883
27400,100.8,0.0875
27401,100.077,0.0872
27402,99.436,0.087
27403,98.826,0.0872
27404,98.2,0.088
27405,97.575,0.0872
27406,97.04,0.0867
27407,96.732,0.0862
27408,96.755,0.0867
27409,97.022,0.0872
27410,97.263,0.0878
27411,97.256,0.0885
27412,96.992,0.089
27413,96.642,0.0895
27414,96.401,0.09
27415,96.319,0.0905
27416,96.332,0.0917
27417,96.427,0.093
27418,96.67,0.0943
27419,97.076,0.0958
27420,97.551,0.0978
27421,97.954,0.0997
27422,98.177,0.1017
27423,98.169,0.103
27424,97.936,0.1043
27425,97.536,0.1055
27426,97.075,0.1058
27427,96.688,0.1073
27428,96.467,0.1085
27429,96.404,0.1098
27430,96.413,0.1108
27431,96.431,0.1108
27432,96.423,0.1123
27433,96.348,0.1138
27434,96.179,0.115
27435,95.935,0.1167
27436,95.626,0.1185
27437,95.219,0.1192
27438,94.69,0.1192
27439,94.125,0.12
27440,93.727,0.1215
27441,93.666,0.123
27442,93.913,0.124
27443,94.269,0.1235
27444,94.523,0.123
27445,94.614,0.1238
27446,94.617,0.1245
27447,94.593,0.125
27448,94.498,0.1242
27449,94.248,0.1235
27450,93.835,0.1233
27451,93.365,0.1228
27452,92.999,0.1223
27453,92.803,0.1215
27454,92.62,0.1207
27455,92.146,0.1195
27456,91.236,0.1182
27457,90.138,0.1175
27458,89.415,0.1167
27459,89.56,0.1157
27460,90.598,0.1148
27461,92.086,0.114
27462,93.468,0.113
27463,94.39,0.112
27464,94.836,0.111
27465,95.142,0.11
27466,95.802,0.1095
27467,97.072,0.1087
27468,98.757,0.108
27469,100.315,0.1073
27470,101.257,0.1068
27471,101.543,0.1068
27472,101.526,0.1065
27473,101.499,0.1063
27474,101.491,0.106
27475,101.399,0.1058
27476,101.167,0.1043
27477,100.854,0.104
27478,100.56,0.1048
27479,100.325,0.1048
27480,100.176,0.1048
27481,100.192,0.1045
27482,100.415,0.1048
27483,100.743,0.1058
27484,100.985,0.1068
27485,100.996,0.106
27486,100.764,0.1053
27487,100.368,0.1058
27488,99.895,0.1068
27489,99.381,0.1077
27490,98.88,0.109
27491,98.546,0.1103
27492,98.553,0.1115
27493,98.902,0.1115
27494,99.383,0.1115
27495,99.707,0.113
27496,99.698,0.1143
27497,99.435,0.115
27498,99.193,0.1148
27499,99.195,0.1145
27500,99.432,0.1145
27501,99.688,0.1143
27502,99.763,0.1143
27503,99.685,0.1143
27504,99.621,0.1177
27505,99.622,0.1212
27506,99.569,0.1242
27507,99.334,0.1275
27508,98.938,0.1315
27509,98.548,0.1355
27510,98.312,0.1395
27511,98.24,0.143
27512,98.238,0.1455
27513,98.238,0.148
27514,98.235,0.1475
27515,98.225,0.147
27516,98.147,0.1478
27517,97.914,0.1473
27518,97.513,0.1465
27519,97.037,0.1465
27520,96.633,0.1457
27521,96.405,0.1452
27522,96.33,0.1445
27523,96.263,0.1437
27524,96.049,0.143
27525,95.657,0.1432
27526,95.199,0.1435
27527,94.884,0.1427
27528,94.895,0.142
27529,95.212,0.1403
27530,95.605,0.139
27531,95.851,0.1378
27532,95.919,0.1365
27533,95.935,0.1368
27534,96.026,0.136
27535,96.208,0.1355
27536,96.367,0.135
27537,96.359,0.1345
27538,96.126,0.135
27539,95.715,0.136
27540,95.242,0.1373
27541,94.847,0.1385
27542,94.621,0.1395
27543,94.546,0.1405
27544,94.55,0.138
27545,94.646,0.1355
27546,94.887,0.1327
27547,95.159,0.13
27548,95.177,0.1265
27549,94.706,0.1242
27550,93.743,0.1215
27551,92.514,0.1187
27552,91.312,0.1157
27553,90.33,0.114
27554,89.665,0.116
27555,89.432,0.118
27556,89.761,0.12
27557,90.654,0.122
27558,91.877,0.1233
27559,93.085,0.1238
27560,94.057,0.125
27561,94.759,0.1263
27562,95.226,0.127
27563,95.464,0.1278
27564,95.451,0.1285
27565,95.2,0.129
27566,94.789,0.1295
27567,94.32,0.1298
27568,93.83,0.13
27569,93.286,0.1313
27570,92.679,0.1313
27571,92.057,0.1305
27572,91.434,0.1303
27573,90.799,0.13
27574,90.25,0.1308
27575,89.935,0.1303
27576,89.856,0.1298
27577,89.871,0.1288
27578,89.861,0.1278
27579,89.854,0.1263
27580,90.011,0.1242
27581,90.418,0.1223
27582,90.928,0.1207
27583,91.33,0.1192
27584,91.583,0.1177
27585,91.745,0.1153
27586,91.818,0.1143
27587,91.737,0.1133
27588,91.477,0.1123
27589,91.139,0.11
27590,90.892,0.1085
27591,90.811,0.107
27592,90.82,0.1063
27593,90.782,0.1043
27594,90.572,0.1017
27595,90.109,0.1
27596,89.41,0.0978
27597,88.598,0.0955
27598,87.815,0.094
27599,87.114,0.0927
27600,86.475,0.0915
27601,85.861,0.0902
27602,85.301,0.0897
27603,84.908,0.089
27604,84.768,0.0883
27605,84.849,0.0878
27606,85.04,0.0892
27607,85.222,0.091
27608,85.313,0.091
27609,85.273,0.0912
27610,85.057,0.0915
27611,84.584,0.0925
27612,83.793,0.0925
27613,82.733,0.0925
27614,81.624,0.0925
27615,80.763,0.0925
27616,80.302,0.0925
27617,80.09,0.0927
27618,79.829,0.093
27619,79.46,0.0932
27620,79.327,0.093
27621,79.883,0.093
27622,81.204,0.093
27623,82.802,0.093
27624,83.962,0.093
27625,84.271,0.094
27626,83.845,0.0938
27627,83.134,0.0927
27628,82.553,0.0917
27629,82.226,0.0907
27630,82.066,0.0902
27631,82.006,0.0897
27632,82.081,0.0897
27633,82.35,0.0897
27634,82.771,0.09
27635,83.177,0.089
27636,83.412,0.0885
27637,83.472,0.088
27638,83.455,0.0875
27639,83.437,0.0878
27640,83.428,0.088
27641,83.413,0.0883
27642,83.403,0.0888
27643,83.466,0.0897
27644,83.691,0.0907
27645,84.089,0.0917
27646,84.552,0.0907
27647,84.945,0.09
27648,85.242,0.0912
27649,85.543,0.0927
27650,85.948,0.0943
27651,86.421,0.097
27652,86.83,0.099
27653,87.087,0.1012
27654,87.25,0.1035
27655,87.414,0.1058
27656,87.56,0.1077
27657,87.612,0.1118
27658,87.598,0.1157
27659,87.661,0.1197
27660,87.908,0.1225
27661,88.242,0.125
27662,88.413,0.1273
27663,88.261,0.1298
27664,87.86,0.132
27665,87.383,0.1342
27666,86.916,0.1368
27667,86.44,0.1403
27668,85.894,0.144
27669,85.271,0.1475
27670,84.643,0.1502
27671,84.107,0.1545
27672,83.725,0.1585
27673,83.515,0.1608
27674,83.387,0.1628
27675,83.16,0.1653
27676,82.692,0.1677
27677,81.995,0.1703
27678,81.225,0.173
27679,80.487,0.1737
27680,79.615,0.1745
27681,78.247,0.1752
27682,76.202,0.177
27683,73.732,0.1782
27684,71.406,0.18
27685,69.692,0.1815
27686,68.625,0.183
27687,67.882,0.1835
27688,67.159,0.1837
27689,66.385,0.1837
27690,65.624,0.1837
27691,64.923,0.1825
27692,64.289,0.1842
27693,63.739,0.1857
27694,63.317,0.1878
27695,63.065,0.1905
27696,62.983,0.1928
27697,63.062,0.1933
27698,63.315,0.1935
27699,63.723,0.1938
27700,64.195,0.1965
27701,64.672,0.199
27702,65.207,0.2015
27703,65.905,0.2037
27704,66.757,0.206
27705,67.609,0.2087
27706,68.306,0.2112
27707,68.839,0.2135
27708,69.332,0.2137
27709,69.887,0.215
27710,70.459,0.2172
27711,70.862,0.218
27712,70.914,0.2188
27713,70.575,0.2205
27714,70.03,0.2223
27715,69.643,0.224
27716,69.774,0.225
27717,70.626,0.2275
27718,72.161,0.2285
27719,74.044,0.2308
27720,75.746,0.2332
27721,76.815,0.2357
27722,77.093,0.2385
27723,76.794,0.2407
27724,76.354,0.2427
27725,76.136,0.2455
27726,76.271,0.249
27727,76.737,0.2537
27728,77.45,0.2593
27729,78.262,0.2652
27730,78.974,0.2712
27731,79.464,0.2782
27732,79.771,0.285
27733,80.012,0.294
27734,80.202,0.3055
27735,80.16,0.3257
27736,79.586,0.356
27737,78.268,0.396
27738,76.239,0.4443
27739,73.731,0.497
27740,71.006,0.528
27741,68.219,0.5643
27742,65.363,0.6088
27743,62.335,0.69
27744,59.076,0.7737
27745,55.666,0.8113
27746,52.257,0.8415
27747,48.897,0.862
27748,45.449,0.881
27749,41.674,0.9002
27750,37.452,0.912
27751,32.91,0.9225
27752,28.227,0.932
27753,23.462,0.9413
27754,18.785,0.9507
27755,14.653,0.9575
27756,11.603,0.9673
27757,9.884,0.9789
27758,9.145,0.9789
27759,8.565,0.9789
27760,7.583,0.9789
27761,6.372,0.9789
27762,5.538,0.9789
27763,5.531,0.9789
27764,6.332,0.9789
27765,7.557,0.9789
27766,8.838,0.9789
27767,10.038,0.9789
27768,11.142,0.9905
27769,12.138,0.9852
27770,13.053,0.9808
27771,13.966,0.978
27772,14.905,0.9738
27773,15.767,0.9645
27774,16.375,0.9527
27775,16.722,0.9312
27776,17.149,0.9005
27777,18.114,0.86
27778,19.74,0.811
27779,21.716,0.7575
27780,23.657,0.725
27781,25.442,0.6883
27782,27.223,0.6432
27783,29.202,0.5607
27784,31.355,0.476
27785,33.399,0.437
27786,35.049,0.4052
27787,36.198,0.3857
27788,36.847,0.3673
27789,37.024,0.3478
27790,36.826,0.3348
27791,36.464,0.323
27792,36.208,0.3125
27793,36.281,0.3023
27794,36.752,0.2918
27795,37.498,0.284
27796,38.291,0.2747
27797,38.95,0.2662
27798,39.368,0.2583
27799,39.52,0.251
27800,39.443,0.2508
27801,39.176,0.251
27802,38.751,0.2512
27803,38.253,0.2435
27804,37.839,0.2352
27805,37.678,0.2375
27806,37.786,0.2403
27807,37.981,0.24
27808,38.065,0.2403
27809,37.991,0.2405
27810,37.839,0.2397
27811,37.683,0.2357
27812,37.473,0.2308
27813,37.098,0.2282
27814,36.565,0.2255
27815,35.957,0.2227
27816,35.316,0.2195
27817,34.681,0.2158
27818,34.113,0.2117
27819,33.628,0.2077
27820,33.178,0.2033
27821,32.667,0.198
27822,31.982,0.1928
27823,31.044,0.1883
27824,29.861,0.1845
27825,28.56,0.1797
27826,27.355,0.1747
27827,26.472,0.1672
27828,26.081,0.162
27829,26.243,0.1568
27830,26.875,0.151
27831,27.832,0.1467
27832,29.009,0.1425
27833,30.36,0.139
27834,31.867,0.134
27835,33.47,0.129
27836,34.972,0.1233
27837,36.128,0.1167
27838,36.879,0.1128
27839,37.442,0.1082
27840,38.105,0.1035
27841,39.006,0.0988
27842,40.07,0.0922
27843,41.156,0.0857
27844,42.223,0.0803
27845,43.319,0.0723
27846,44.483,0.064
27847,45.718,0.059
27848,47.048,0.0535
27849,48.528,0.0483
27850,50.191,0.043
27851,51.916,0.0382
27852,53.406,0.0353
27853,54.399,0.0325
27854,54.9,0.0295
27855,55.175,0.0267
27856,55.594,0.0245
27857,56.378,0.0227
27858,57.468,0.0217
27859,58.651,0.02
27860,59.763,0.0187
27861,60.758,0.0182
27862,61.694,0.0185
27863,62.678,0.0187
27864,63.755,0.0182
27865,64.853,0.0187
27866,65.862,0.0198
27867,66.711,0.0208
27868,67.393,0.0215
27869,67.991,0.0225
27870,68.597,0.0243
27871,69.201,0.0245
27872,69.736,0.0248
27873,70.194,0.025
27874,70.645,0.0267
27875,71.201,0.0287
27876,71.919,0.0307
27877,72.653,0.0333
27878,73.123,0.0338
27879,73.194,0.0345
27880,72.998,0.036
27881,72.794,0.0377
27882,72.795,0.0415
27883,73.097,0.0438
27884,73.676,0.0447
27885,74.392,0.046
27886,75.037,0.0478
27887,75.433,0.0493
27888,75.555,0.0508
27889,75.555,0.0522
27890,75.609,0.054
27891,75.765,0.056
27892,75.989,0.0578
27893,76.282,0.0595
27894,76.698,0.0612
27895,77.247,0.0625
27896,77.823,0.0633
27897,78.238,0.0633
27898,78.379,0.0633
27899,78.291,0.064
27900,78.171,0.0645
27901,78.302,0.0643
27902,78.848,0.0633
27903,79.703,0.0622
27904,80.572,0.0605
27905,81.197,0.0588
27906,81.499,0.0567
27907,81.576,0.0548
27908,81.572,0.0532
27909,81.573,0.0515
27910,81.65,0.0495
27911,81.877,0.0473
27912,82.267,0.045
27913,82.726,0.0427
27914,83.112,0.04
27915,83.332,0.037
27916,83.398,0.034
27917,83.389,0.031
27918,83.378,0.0278
27919,83.452,0.0248
27920,83.753,0.021
27921,84.397,0.0172
27922,85.352,0.0135
27923,86.395,0.011
27924,87.203,0.0085
27925,87.58,0.005
27926,87.579,0.001
27927,87.4,-0.0025
27928,87.231,-0.0055
27929,87.153,-0.0077
27930,87.137,-0.0097
27931,87.137,-0.012
27932,87.127,-0.015
27933,87.048,-0.018
27934,86.816,-0.021
27935,86.415,-0.0235
27936,85.958,-0.0255
27937,85.639,-0.0253
27938,85.572,-0.026
27939,85.673,-0.0267
27940,85.748,-0.0272
27941,85.688,-0.0278
27942,85.527,-0.028
27943,85.379,-0.0282
27944,85.319,-0.0278
27945,85.321,-0.0272
27946,85.328,-0.0267
27947,85.319,-0.026
27949,85.295,-0.025
27950,85.281,-0.0245
27951,85.277,-0.0238
27952,85.354,-0.0227
27953,85.585,-0.0217
27954,85.917,-0.0202
27955,86.164,-0.0185
27956,86.164,-0.0163
27957,85.915,-0.0145
27958,85.573,-0.0128
27959,85.324,-0.011
27960,85.242,-0.0087
27961,85.321,-0.0075
27962,85.571,-0.0063
27963,85.987,-0.005
27964,86.464,-0.0037
27965,86.793,-0.001
27966,86.793,0.0017
27967,86.465,0.0043
27968,85.992,0.0065
27969,85.584,0.0092
27970,85.35,0.0105
27971,85.274,0.0118
27972,85.268,0.0132
27973,85.284,0.0145
27974,85.375,0.0158
27975,85.609,0.017
27976,85.943,0.0182
27977,86.26,0.0195
27978,86.475,0.0215
27979,86.544,0.0235
27980,86.499,0.0255
27981,86.466,0.0275
27982,86.606,0.0293
27983,87.061,0.031
27984,87.888,0.031
27985,88.941,0.031
27986,89.962,0.0312
27987,90.818,0.0312
27988,91.564,0.0312
27989,92.318,0.0312
27990,93.115,0.0312
27991,93.892,0.0318
27992,94.594,0.032
27993,95.205,0.0325
27994,95.706,0.033
27995,96.087,0.032
27996,96.38,0.0305
27997,96.627,0.0295
27998,96.819,0.0285
27999,96.891,0.0278
28000,96.793,0.0262
28001,96.586,0.0258
28002,96.48,0.0253
28003,96.716,0.0248
28004,97.365,0.0243
28005,98.27,0.0232
28006,99.156,0.0225
28007,99.775,0.0215
28008,100.062,0.0198
28009,100.187,0.0168
28010,100.39,0.015
28011,100.759,0.0132
28012,101.224,0.0125
28013,101.709,0.012
28014,102.186,0.0115
28015,102.6,0.011
28016,102.841,0.0103
28017,102.826,0.008
28018,102.641,0.0063
28019,102.531,0.0045
28020,102.689,0.0025
28021,103.076,0.0005
28022,103.474,-0.0013
28023,103.72,-0.003
28024,103.797,-0.003
28025,103.729,-0.003
28026,103.501,-0.0035
28027,103.114,-0.004
28028,102.656,-0.0045
28029,102.266,-0.0047
28030,102.036,-0.005
28031,101.96,-0.0057
28032,101.967,-0.0065
28033,101.98,-0.0075
28034,101.91,-0.0085
28035,101.663,-0.0083
28036,101.251,-0.008
28037,100.829,-0.0073
28038,100.57,-0.0065
28039,100.516,-0.0063
28040,100.612,-0.0057
28041,100.779,-0.0053
28042,100.95,-0.0047
28043,101.101,-0.0043
28044,101.248,-0.0037
28045,101.387,-0.004
28046,101.53,-0.0037
28047,101.701,-0.0032
28048,101.849,-0.002
28049,101.849,-0.0008
28050,101.627,0.001
28051,101.224,0.0028
28052,100.758,0.0035
28053,100.349,0.0043
28054,100.047,0.0047
28055,99.831,0.005
28056,99.678,0.0055
28057,99.559,0.006
28058,99.414,0.0063
28059,99.19,0.0065
28060,98.881,0.007
28061,98.559,0.0075
28062,98.34,0.0077
28063,98.258,0.008
28064,98.258,0.0083
28065,98.334,0.0083
28066,98.557,0.0085
28067,98.95,0.0087
28068,99.419,0.0095
28069,99.81,0.01
28070,100.035,0.0105
28071,100.173,0.011
28072,100.404,0.0115
28073,100.791,0.012
28074,101.197,0.0125
28075,101.443,0.013
28076,101.503,0.0135
28077,101.502,0.0138
28078,101.579,0.014
28079,101.75,0.0142
28080,101.907,0.0145
28081,101.965,0.015
28082,101.949,0.0155
28083,101.935,0.016
28084,101.918,0.0165
28085,101.773,0.0178
28086,101.389,0.0182
28087,100.823,0.0187
28088,100.281,0.0192
28089,99.959,0.0198
28090,99.913,0.0198
28091,100.002,0.0198
28092,100.007,0.0198
28093,99.858,0.0198
28094,99.667,0.019
28095,99.59,0.0185
28096,99.742,0.0182
28097,100.155,0.018
28098,100.73,0.0187
28099,101.275,0.0195
28100,101.603,0.0202
28101,101.588,0.021
28102,101.248,0.0217
28103,100.776,0.0225
28104,100.448,0.0232
28105,100.465,0.0243
28106,100.806,0.0245
28107,101.217,0.0248
28108,101.378,0.0245
28109,101.123,0.0243
28110,100.54,0.0238
28111,99.881,0.0232
28112,99.338,0.0227
28113,98.95,0.0222
28114,98.677,0.0215
28115,98.47,0.0208
28116,98.259,0.0202
28117,97.909,0.0192
28118,97.286,0.0182
28119,96.366,0.0172
28120,95.273,0.0163
28121,94.171,0.015
28122,93.154,0.0138
28123,92.273,0.0123
28124,91.64,0.0107
28125,91.397,0.0092
28126,91.56,0.0077
28127,91.96,0.0063
28128,92.355,0.0047
28129,92.585,0.0032
28130,92.648,0.0017
28131,92.637,0.0005
28132,92.642,-0.0008
28133,92.727,-0.002
28134,92.901,-0.0023
28135,93.081,-0.0023
28136,93.154,-0.0025
28137,93.086,-0.0028
28138,92.99,-0.0037
28139,93.065,-0.005
28140,93.397,-0.0063
28141,93.865,-0.0075
28142,94.266,-0.0087
28143,94.485,-0.01
28144,94.545,-0.0112
28145,94.544,-0.0125
28146,94.544,-0.013
28147,94.537,-0.0135
28148,94.515,-0.0138
28149,94.56,-0.014
28150,94.829,-0.0142
28151,95.436,-0.0155
28152,96.364,-0.0158
28153,97.54,-0.016
28154,98.964,-0.016
28155,100.748,-0.0163
28156,102.881,-0.0168
28157,104.837,-0.017
28158,105.676,-0.0172
28159,104.867,-0.0172
28160,102.893,-0.0175
28161,100.916,-0.0178
28162,99.963,-0.018
28163,100.331,-0.018
28164,101.614,-0.018
28165,103.252,-0.018
28166,104.963,-0.018
28167,106.684,-0.0185
28168,108.251,-0.0192
28169,109.187,-0.0198
28170,108.902,-0.0202
28171,107.209,-0.021
28172,104.641,-0.0215
28173,102.233,-0.022
28174,100.801,-0.0225
28175,100.322,-0.0232
28176,100.136,-0.024
28177,99.73,-0.0248
28178,99.113,-0.0258
28179,98.565,-0.0265
28180,98.281,-0.0278
28181,98.228,-0.029
28182,98.261,-0.0302
28183,98.293,-0.0312
28184,98.294,-0.0325
28185,98.215,-0.034
28186,98.041,-0.0355
28187,97.848,-0.037
28188,97.746,-0.0387
28189,97.8,-0.0408
28190,98.024,-0.0425
28191,98.408,-0.0432
28192,98.949,-0.045
28193,99.649,-0.046
28194,100.447,-0.047
28195,101.24,-0.0483
28196,101.964,-0.049
28197,102.545,-0.0498
28198,102.86,-0.0503
28199,102.783,-0.0508
28200,102.296,-0.0517
28201,101.55,-0.0527
28202,100.759,-0.0537
28203,100.047,-0.0545
28204,99.436,-0.0553
28205,98.921,-0.0562
28206,98.466,-0.0572
28207,98.011,-0.0578
28208,97.542,-0.0567
28209,97.151,-0.0555
28210,96.99,-0.0553
28211,97.101,-0.055
28212,97.345,-0.055
28213,97.505,-0.055
28214,97.458,-0.055
28215,97.214,-0.0545
28216,96.757,-0.0545
28217,95.955,-0.0545
28218,94.8,-0.0535
28219,93.592,-0.0525
28220,92.767,-0.0517
28221,92.622,-0.051
28222,93.137,-0.0498
28223,94.015,-0.0487
28224,94.912,-0.0478
28225,95.645,-0.0465
28226,96.195,-0.0445
28227,96.601,-0.0425
28228,96.908,-0.0405
28229,97.114,-0.0385
28230,97.178,-0.0362
28231,97.121,-0.034
28232,97.115,-0.032
28233,97.349,-0.0307
28234,97.831,-0.0295
28235,98.355,-0.029
28236,98.668,-0.029
28237,98.678,-0.029
28238,98.505,-0.0293
28239,98.334,-0.0295
28240,98.259,-0.0282
28241,98.256,-0.027
28242,98.267,-0.0258
28243,98.266,-0.0248
28244,98.256,-0.024
28245,98.245,-0.023
28246,98.247,-0.022
28247,98.253,-0.0208
28248,98.195,-0.0208
28249,97.975,-0.0217
28250,97.57,-0.0217
28251,97.08,-0.0217
28252,96.668,-0.0217
28253,96.433,-0.0217
28254,96.302,-0.0222
28255,96.094,-0.023
28256,95.716,-0.0232
28257,95.237,-0.0235
28258,94.805,-0.0245
28259,94.549,-0.0258
28260,94.546,-0.0258
28261,94.787,-0.026
28262,95.147,-0.0262
28263,95.42,-0.0265
28264,95.438,-0.027
28265,95.119,-0.0275
28266,94.471,-0.0287
28267,93.588,-0.03
28268,92.618,-0.0315
28269,91.728,-0.0325
28270,91.105,-0.0338
28271,90.881,-0.036
28272,91.057,-0.038
28273,91.554,-0.0393
28274,92.277,-0.0405
28275,93.083,-0.0405
28276,93.79,-0.0405
28277,94.264,-0.0405
28278,94.491,-0.0403
28279,94.54,-0.04
28280,94.528,-0.041
28281,94.589,-0.0418
28282,94.826,-0.0425
28283,95.24,-0.043
28284,95.724,-0.0432
28285,96.123,-0.0435
28286,96.335,-0.0438
28287,96.391,-0.0443
28288,96.445,-0.0447
28289,96.644,-0.0447
28290,97.031,-0.0447
28291,97.581,-0.045
28292,98.22,-0.0452
28293,98.79,-0.0452
28294,99.116,-0.0445
28295,99.124,-0.0443
28296,98.876,-0.0443
28297,98.565,-0.0443
28298,98.414,-0.0445
28299,98.486,-0.0445
28300,98.644,-0.045
28301,98.773,-0.0452
28302,98.919,-0.046
28303,99.203,-0.047
28304,99.651,-0.0473
28305,100.156,-0.0475
28306,100.613,-0.0478
28307,101.033,-0.048
28308,101.459,-0.048
28309,101.836,-0.048
28310,102.016,-0.048
28311,101.89,-0.0475
28312,101.554,-0.0465
28313,101.222,-0.0462
28314,101.035,-0.046
28315,101.052,-0.0457
28316,101.281,-0.0455
28317,101.634,-0.0452
28318,101.956,-0.045
28319,102.12,-0.0447
28320,102.119,-0.0438
28321,102.086,-0.043
28322,102.171,-0.0425
28323,102.4,-0.0425
28324,102.72,-0.0423
28325,103.077,-0.042
28326,103.407,-0.0415
28327,103.589,-0.0413
28328,103.446,-0.041
28329,102.859,-0.0408
28330,101.889,-0.0403
28331,100.755,-0.0398
28332,99.703,-0.0393
28333,98.859,-0.039
28334,98.184,-0.0387
28335,97.583,-0.0382
28336,96.998,-0.0377
28337,96.456,-0.037
28338,96.057,-0.0375
28339,95.829,-0.0382
28340,95.661,-0.039
28341,95.431,-0.0398
28342,95.107,-0.0393
28343,94.778,-0.0385
28344,94.629,-0.038
28345,94.789,-0.0375
28346,95.203,-0.037
28347,95.69,-0.037
28348,96.098,-0.0365
28349,96.396,-0.0362
28350,96.681,-0.036
28351,97.052,-0.0353
28352,97.502,-0.035
28353,97.973,-0.0355
28354,98.449,-0.036
28355,98.922,-0.0365
28356,99.325,-0.037
28357,99.56,-0.0372
28358,99.618,-0.0377
28359,99.629,-0.0372
28360,99.792,-0.037
28361,100.194,-0.0367
28362,100.68,-0.0367
28363,100.987,-0.037
28364,100.979,-0.0375
28365,100.706,-0.0372
28366,100.347,-0.0372
28367,100.103,-0.037
28368,100.081,-0.0367
28369,100.245,-0.0367
28370,100.509,-0.0367
28371,100.822,-0.0362
28372,101.133,-0.0358
28373,101.417,-0.0353
28374,101.799,-0.035
28375,102.497,-0.035
28376,103.555,-0.0347
28377,104.719,-0.0345
28378,105.539,-0.0333
28379,105.624,-0.0315
28380,104.942,-0.0298
28381,103.872,-0.028
28382,102.877,-0.0275
28383,102.215,-0.0265
28384,101.904,-0.0255
28385,101.84,-0.0245
28386,101.928,-0.0238
28387,102.108,-0.0222
28388,102.301,-0.021
28389,102.405,-0.0198
28390,102.353,-0.0185
28391,102.122,-0.0175
28392,101.735,-0.0168
28393,101.256,-0.0152
28394,100.766,-0.0138
28395,100.354,-0.0115
28396,100.101,-0.0087
28397,100.024,-0.0063
28398,100.107,-0.0037
28399,100.363,-0.0023
28400,100.788,-0.0003
28401,101.272,0.0017
28402,101.605,0.0043
28403,101.604,0.0073
28404,101.272,0.0107
28405,100.794,0.0135
28406,100.389,0.0165
28407,100.172,0.0195
28408,100.127,0.0222
28409,100.143,0.0253
28410,100.086,0.028
28411,99.837,0.0305
28412,99.344,0.033
28413,98.693,0.0355
28414,98.104,0.0385
28415,97.793,0.0418
28416,97.806,0.0445
28417,97.992,0.0473
28418,98.091,0.05
28419,97.933,0.0522
28420,97.599,0.0548
28421,97.344,0.057
28422,97.357,0.0593
28423,97.613,0.061
28424,97.893,0.0622
28425,97.973,0.0648
28426,97.786,0.0675
28427,97.384,0.07
28428,96.89,0.072
28429,96.502,0.0732
28430,96.37,0.0745
28431,96.474,0.076
28432,96.654,0.0777
28433,96.701,0.0795
28434,96.552,0.0813
28435,96.514,0.0823
28436,97.103,0.0825
28437,98.538,0.0815
28438,100.443,0.0815
28439,102.086,0.0815
28440,102.893,0.081
28441,102.824,0.0805
28442,102.348,0.08
28443,101.981,0.0793
28444,101.873,0.078
28445,101.893,0.0767
28446,101.921,0.0752
28447,101.931,0.0737
28448,101.934,0.0725
28449,101.942,0.0713
28450,101.946,0.0703
28451,101.876,0.0687
28452,101.645,0.0673
28453,101.24,0.0658
28454,100.762,0.0638
28455,100.358,0.062
28456,100.129,0.0602
28457,100.061,0.0583
28458,100.067,0.0565
28459,100.076,0.055
28460,100.075,0.0527
28462,100.063,0.0503
28463,100.059,0.049
28464,100.061,0.0483
28465,100.069,0.0457
28466,100.076,0.0432
28467,100.086,0.0408
28468,100.154,0.0385
28469,100.374,0.0358
28470,100.839,0.0342
28471,101.609,0.0328
28472,102.638,0.0312
28473,103.744,0.0298
28474,104.666,0.028
28475,105.177,0.0262
28476,105.287,0.0248
28477,105.382,0.0235
28478,105.934,0.021
28479,107.011,0.0187
28480,108.169,0.0165
28481,108.791,0.0142
28482,108.588,0.012
28483,107.842,0.0103
28484,107.114,0.01
28485,106.754,0.0097
28486,106.712,0.0092
28487,106.717,0.0087
28488,106.566,0.0083
28489,106.262,0.0077
28490,105.937,0.007
28491,105.715,0.0065
28492,105.573,0.0057
28493,105.363,0.005
28494,104.984,0.0043
28495,104.445,0.0045
28496,103.809,0.0053
28497,103.171,0.0063
28498,102.624,0.0073
28499,102.227,0.0077
28500,102.004,0.0087
28501,101.927,0.009
28502,101.919,0.0092
28503,101.917,0.0097
28504,101.912,0.0103
28505,101.913,0.0107
28506,101.905,0.0112
28507,101.836,0.0118
28508,101.688,0.0123
28509,101.538,0.0145
28510,101.479,0.0155
28511,101.488,0.0165
28512,101.43,0.017
28513,101.186,0.0175
28514,100.787,0.0182
28515,100.388,0.0192
28516,100.094,0.0202
28517,99.876,0.0222
28518,99.646,0.0245
28519,99.355,0.0265
28520,99.028,0.0285
28521,98.721,0.0305
28522,98.469,0.0325
28523,98.29,0.0342
28524,98.197,0.0345
28525,98.183,0.0347
28526,98.271,0.0355
28527,98.519,0.0367
28528,98.928,0.0375
28529,99.394,0.038
28530,99.782,0.0385
28531,100.003,0.0393
28532,100.087,0.04
28533,100.173,0.0408
28534,100.392,0.0415
28535,100.776,0.0415
28536,101.304,0.0415
28537,101.917,0.0408
28538,102.469,0.04
28539,102.784,0.0398
28540,102.78,0.0395
28541,102.522,0.0393
28542,102.186,0.0387
28543,101.961,0.038
28544,101.882,0.0372
28545,101.81,0.0377
28546,101.66,0.0375
28547,101.559,0.037
28548,101.715,0.0365
28549,102.195,0.0358
28550,102.855,0.035
28551,103.437,0.034
28552,103.749,0.0335
28553,103.754,0.033
28554,103.509,0.0323
28555,103.089,0.0312
28556,102.604,0.0302
28557,102.19,0.0293
28558,101.951,0.0282
28559,101.887,0.027
28560,101.901,0.0258
28561,101.853,0.0245
28562,101.64,0.0232
28563,101.254,0.022
28564,100.793,0.0208
28565,100.405,0.0198
28566,100.185,0.0182
28567,100.118,0.0163
28568,100.112,0.0145
28569,100.107,0.013
28570,100.1,0.0115
28571,100.113,0.01
28572,100.131,0.0085
28573,100.081,0.007
28574,99.847,0.0055
28575,99.347,0.0035
28576,98.617,0.0015
28577,97.868,0
28578,97.387,-0.0015
28579,97.313,-0.003
28580,97.553,-0.0045
28581,97.899,-0.0067
28582,98.22,-0.0085
28583,98.548,-0.0103
28584,98.959,-0.012
28585,99.421,-0.0148
28586,99.806,-0.0168
28587,100.019,-0.0185
28588,100.079,-0.0198
28589,100.077,-0.0212
28590,100.078,-0.0227
28591,100.086,-0.024
28592,100.085,-0.0253
28593,100.073,-0.0265
28594,100.058,-0.0265
28595,100.053,-0.0265
28596,100.063,-0.026
28597,100.086,-0.0255
28598,100.113,-0.0262
28599,100.139,-0.0267
28600,100.145,-0.0272
28601,100.063,-0.0278
28602,99.814,-0.0282
28603,99.377,-0.0287
28604,98.808,-0.0293
28605,98.24,-0.03
28606,97.848,-0.0302
28607,97.735,-0.0307
28608,97.849,-0.031
28609,97.985,-0.0312
28610,97.852,-0.0315
28611,97.284,-0.0318
28612,96.461,-0.0318
28613,95.779,-0.0318
28614,95.528,-0.03
28615,95.716,-0.0298
28616,96.138,-0.0298
28617,96.542,-0.0298
28618,96.799,-0.0295
28619,96.947,-0.029
28620,97.028,-0.0285
28621,96.96,-0.0272
28622,96.635,-0.0262
28623,96.077,-0.025
28624,95.5,-0.0238
28625,95.263,-0.0225
28626,95.558,-0.0212
28627,96.086,-0.0198
28628,96.219,-0.0187
28629,95.517,-0.0178
28630,94.107,-0.0168
28631,92.631,-0.016
28632,91.799,-0.0152
28633,91.898,-0.0145
28634,92.655,-0.0148
28635,93.559,-0.0152
28636,94.28,-0.0165
28637,94.807,-0.0178
28638,95.263,-0.0182
28639,95.653,-0.0185
28640,95.831,-0.019
28641,95.683,-0.0195
28642,95.225,-0.02
28643,94.545,-0.0208
28644,93.684,-0.0217
28645,92.597,-0.0227
28646,91.267,-0.024
28647,89.833,-0.0255
28648,88.502,-0.0267
28649,87.389,-0.028
28650,86.53,-0.029
28651,85.923,-0.03
28652,85.531,-0.0312
28653,85.314,-0.0325
28654,85.227,-0.0355
28655,85.209,-0.037
28656,85.276,-0.0382
28657,85.508,-0.0395
28658,85.918,-0.041
28659,86.419,-0.0425
28660,86.905,-0.044
28661,87.278,-0.0457
28662,87.498,-0.0475
28663,87.697,-0.0495
28664,88.143,-0.0515
28665,89.012,-0.0532
28666,90.22,-0.0553
28667,91.441,-0.057
28668,92.302,-0.0588
28669,92.681,-0.0607
28670,92.809,-0.063
28671,93,-0.065
28672,93.367,-0.067
28673,93.82,-0.0687
28674,94.212,-0.0705
28675,94.445,-0.072
28676,94.527,-0.0732
28677,94.538,-0.0742
28678,94.537,-0.075
28679,94.534,-0.0762
28680,94.522,-0.0767
28681,94.528,-0.0772
28682,94.606,-0.0777
28683,94.769,-0.0783
28684,94.916,-0.0785
28685,94.924,-0.0785
28686,94.85,-0.0785
28687,95.073,-0.0783
28688,96.14,-0.0785
28689,98.318,-0.0785
28690,101.293,-0.0788
28691,104.359,-0.0798
28692,106.885,-0.0805
28693,108.65,-0.0828
28694,109.797,-0.085
28695,110.531,-0.0875
28696,110.936,-0.0902
28697,111.098,-0.093
28698,111.404,-0.0948
28699,112.538,-0.0968
28700,114.948,-0.0988
28701,118.248,-0.1005
28702,118.089,-0.1045
28703,117.931,-0.1068
28704,117.772,-0.1087
28705,111.204,-0.1108
28706,103.799,-0.1123
28707,97.952,-0.1145
28708,94.873,-0.1167
28709,94.188,-0.119
28710,94.516,-0.121
28711,94.556,-0.123
28712,93.822,-0.1247
28713,92.548,-0.1268
28714,91.202,-0.1288
28715,90.139,-0.1313
28716,89.442,-0.1337
28717,88.988,-0.1365
28718,88.637,-0.1393
28719,88.335,-0.142
28720,88.05,-0.1445
28721,87.743,-0.147
28722,87.427,-0.1505
28723,87.2,-0.1542
28724,87.112,-0.158
28725,87.1,-0.162
28726,87.079,-0.166
28727,87.048,-0.17
28728,87.157,-0.174
28729,87.68,-0.179
28730,88.81,-0.184
28731,90.434,-0.1872
28732,92.088,-0.1903
28733,93.23,-0.1918
28734,93.618,-0.193
28735,93.363,-0.1938
28736,92.677,-0.194
28737,91.702,-0.194
28738,90.628,-0.195
28739,89.803,-0.195
28740,89.582,-0.1948
28741,90.012,-0.1945
28742,90.728,-0.192
28743,91.231,-0.1913
28744,91.236,-0.1908
28745,90.779,-0.1895
28746,90.127,-0.1885
28747,89.72,-0.187
28748,90.069,-0.1855
28749,91.447,-0.183
28750,93.567,-0.1808
28751,95.699,-0.1785
28752,97.231,-0.1765
28753,98.114,-0.1745
28754,98.8,-0.172
28755,99.822,-0.1693
28756,101.378,-0.1665
28757,103.328,-0.164
28758,105.478,-0.1613
28759,107.694,-0.1578
28760,109.828,-0.155
28761,111.719,-0.152
28762,113.212,-0.1485
28763,114.217,-0.1445
28764,114.795,-0.1403
28765,115.025,-0.136
28766,114.719,-0.1318
28767,113.523,-0.1273
28768,111.39,-0.1223
28769,108.808,-0.1167
28770,106.532,-0.1113
28771,105.087,-0.1068
28772,104.446,-0.1025
28773,104.185,-0.0978
28774,103.918,-0.0932
28775,103.535,-0.0892
28776,103.141,-0.0855
28777,102.898,-0.0818
28778,102.906,-0.078
28779,103.166,-0.0752
28780,103.577,-0.0725
28781,103.977,-0.07
28782,104.232,-0.0675
28783,104.301,-0.065
28784,104.209,-0.0625
28785,104.024,-0.0612
28786,103.86,-0.0593
28787,103.801,-0.0575
28788,103.818,-0.0558
28789,103.775,-0.0548
28790,103.477,-0.054
28791,102.757,-0.0525
28792,101.637,-0.051
28793,100.43,-0.0495
28794,99.555,-0.049
28795,99.198,-0.048
28796,99.16,-0.0467
28797,99.017,-0.0452
28798,98.465,-0.0438
28799,97.626,-0.0425
28800,96.989,-0.0413
28801,96.928,-0.0403
28802,97.299,-0.0393
28803,97.543,-0.038
28804,97.165,-0.037
28805,96.234,-0.036
28806,95.488,-0.035
28807,95.819,-0.034
28808,97.521,-0.0333
28809,100.089,-0.0323
28810,102.695,-0.0312
28811,104.732,-0.0298
28812,106.11,-0.029
28813,107.179,-0.0287
28814,108.31,-0.0285
28815,109.557,-0.028
28816,110.734,-0.0278
28817,111.658,-0.0278
28818,112.265,-0.0275
28819,112.626,-0.0275
28820,112.91,-0.0278
28821,113.264,-0.0278
28822,113.791,-0.0278
28823,114.611,-0.0275
28824,115.684,-0.0275
28825,116.557,-0.027
28826,116.54,-0.0272
28827,115.258,-0.0275
28828,112.984,-0.0278
28829,110.474,-0.028
28830,108.43,-0.0278
28831,106.978,-0.0282
28832,105.757,-0.0287
28833,104.511,-0.0293
28834,103.399,-0.0293
28835,102.747,-0.0295
28836,102.685,-0.03
28837,103.031,-0.0298
28838,103.443,-0.0295
28839,103.694,-0.0293
28840,103.779,-0.0298
28841,103.786,-0.0302
28842,103.719,-0.0302
28843,103.503,-0.0305
28844,103.118,-0.0307
28845,102.655,-0.0315
28846,102.256,-0.032
28847,102.019,-0.032
28848,101.939,-0.0323
28849,101.933,-0.0325
28850,101.94,-0.0328
28851,101.949,-0.0338
28852,101.94,-0.034
28853,101.852,-0.0335
28854,101.684,-0.0328
28855,101.584,-0.032
28856,101.752,-0.0312
28857,102.245,-0.0305
28858,102.911,-0.03
28859,103.474,-0.0302
28860,103.694,-0.0305
28861,103.528,-0.0305
28862,103.112,-0.0305
28863,102.631,-0.0305
28864,102.237,-0.0302
28865,102.013,-0.0307
28866,101.937,-0.0318
28867,101.937,-0.0325
28868,102.015,-0.0333
28869,102.226,-0.034
28870,102.546,-0.0347
28871,102.851,-0.0358
28872,103.017,-0.037
28873,103.02,-0.0382
28874,103.004,-0.0395
28875,103.166,-0.0405
28876,103.54,-0.0415
28877,103.95,-0.044
28878,104.198,-0.0465
28879,104.205,-0.0493
28880,104.045,-0.0513
28881,103.871,-0.0532
28882,103.777,-0.0553
28883,103.757,-0.0578
28884,103.773,-0.06
28885,103.794,-0.0617
28886,103.747,-0.0638
28887,103.533,-0.0663
28888,103.142,-0.0692
28889,102.663,-0.072
28890,102.189,-0.0747
28891,101.75,-0.0772
28892,101.302,-0.0798
28893,100.699,-0.083
28894,99.74,-0.0865
28895,98.367,-0.0905
28896,96.889,-0.0943
28897,95.956,-0.099
28898,96.13,-0.103
28899,97.432,-0.106
28900,99.316,-0.1092
28901,101.068,-0.114
28902,102.248,-0.1187
28903,102.856,-0.1235
28904,103.129,-0.1268
28905,103.269,-0.1293
28906,103.325,-0.1323
28907,103.248,-0.1355
28908,103.001,-0.1388
28909,102.677,-0.1417
28910,102.45,-0.145
28911,102.4,-0.148
28912,102.482,-0.1507
28913,102.641,-0.1535
28914,102.874,-0.156
28915,103.171,-0.159
28916,103.405,-0.162
28917,103.393,-0.1645
28918,103.149,-0.167
28919,102.916,-0.1695
28920,102.913,-0.172
28921,103.149,-0.1745
28922,103.466,-0.177
28923,103.688,-0.179
28924,103.77,-0.1808
28925,103.788,-0.182
28926,103.815,-0.1832
28927,103.831,-0.1855
28928,103.77,-0.187
28929,103.611,-0.1885
28930,103.425,-0.1903
28931,103.27,-0.1933
28932,103.104,-0.1945
28933,102.809,-0.1958
28934,102.267,-0.1968
28935,101.465,-0.1972
28936,100.538,-0.1968
28937,99.65,-0.1953
28938,98.893,-0.1945
28939,98.286,-0.1938
28940,97.76,-0.192
28941,97.171,-0.189
28942,96.449,-0.186
28943,95.667,-0.183
28944,94.957,-0.1815
28945,94.421,-0.1795
28946,94.06,-0.1765
28947,93.77,-0.1735
28948,93.463,-0.1705
28949,93.156,-0.1677
28950,92.897,-0.1648
28951,92.731,-0.1615
28952,92.735,-0.1583
28953,92.959,-0.1557
28954,93.361,-0.1537
28955,93.824,-0.1515
28956,94.213,-0.149
28957,94.437,-0.1462
28958,94.514,-0.1435
28960,94.542,-0.1385
28961,94.555,-0.136
28962,94.545,-0.1332
28963,94.531,-0.1308
28964,94.642,-0.1288
28965,95.084,-0.1273
28966,96.026,-0.1255
28967,97.437,-0.1228
28968,98.973,-0.1202
28969,100.14,-0.118
28970,100.667,-0.115
28971,100.706,-0.1108
28972,100.646,-0.109
28973,100.744,-0.1073
28974,100.925,-0.1055
28975,100.951,-0.1035
28976,100.722,-0.1025
28977,100.389,-0.102
28978,100.226,-0.1015
28979,100.374,-0.101
28980,100.709,-0.1015
28981,100.973,-0.102
28982,100.985,-0.1025
28983,100.748,-0.1032
28984,100.42,-0.104
28985,100.186,-0.1055
28986,100.101,-0.107
28987,100.084,-0.1085
28988,100.076,-0.11
28989,100.132,-0.1118
28990,100.357,-0.1135
28991,100.773,-0.1155
28992,101.258,-0.1172
28993,101.592,-0.1182
28994,101.581,-0.119
28995,101.248,-0.1202
28996,100.849,-0.1218
28997,100.685,-0.1233
28998,100.871,-0.1247
28999,101.286,-0.1258
29000,101.69,-0.127
29001,101.911,-0.1283
29002,101.96,-0.1298
29003,102.007,-0.131
29004,102.219,-0.1323
29005,102.612,-0.1332
29006,103.014,-0.1345
29007,103.185,-0.1358
29008,103.034,-0.1365
29009,102.72,-0.1378
29010,102.49,-0.1398
29011,102.435,-0.1417
29012,102.447,-0.1425
29013,102.387,-0.1432
29014,102.233,-0.1442
29015,102.077,-0.146
29016,102.004,-0.1475
29017,101.996,-0.1485
29018,101.995,-0.1495
29019,101.969,-0.15
29020,101.942,-0.1502
29021,101.996,-0.1505
29022,102.231,-0.1507
29023,102.641,-0.151
29024,103.05,-0.152
29025,103.222,-0.1515
29026,103.05,-0.151
29027,102.648,-0.1507
29028,102.251,-0.15
29029,102.033,-0.149
29030,101.981,-0.1475
29031,101.928,-0.146
29032,101.702,-0.1445
29033,101.28,-0.143
29034,100.829,-0.1415
29035,100.619,-0.1393
29036,100.853,-0.137
29037,101.502,-0.1348
29038,102.265,-0.1325
29039,102.773,-0.1303
29040,102.855,-0.1278
29041,102.599,-0.1253
29042,102.236,-0.1228
29043,101.994,-0.1202
29044,101.985,-0.1177
29045,102.153,-0.1157
29046,102.347,-0.1138
29047,102.431,-0.1115
29048,102.361,-0.1095
29049,102.188,-0.1073
29050,102.03,-0.1048
29051,101.96,-0.102
29052,101.955,-0.0997
29053,101.973,-0.0975
29054,102.037,-0.0953
29055,102.183,-0.0925
29056,102.409,-0.0902
29057,102.705,-0.088
29058,103.021,-0.0857
29059,103.259,-0.0838
29060,103.362,-0.0818
29061,103.357,-0.0798
29062,103.274,-0.0777
29063,103.115,-0.076
29064,102.876,-0.0735
29065,102.557,-0.0723
29066,102.225,-0.0708
29067,102.075,-0.069
29068,102.312,-0.0678
29069,102.943,-0.0665
29070,103.694,-0.0663
29071,104.184,-0.0658
29072,104.166,-0.0655
29073,103.673,-0.065
29074,102.987,-0.0645
29075,102.432,-0.0645
29076,102.192,-0.0645
29077,102.3,-0.0645
29078,102.674,-0.0645
29079,103.085,-0.0648
29080,103.253,-0.065
29081,103.057,-0.0648
29082,102.644,-0.0648
29083,102.31,-0.0648
29084,102.233,-0.0648
29085,102.328,-0.0643
29086,102.403,-0.0638
29087,102.414,-0.0635
29088,102.488,-0.0638
29089,102.735,-0.0638
29090,103.068,-0.0633
29091,103.238,-0.063
29092,103.083,-0.0628
29093,102.69,-0.0625
29094,102.29,-0.0622
29095,102.052,-0.0617
29096,101.981,-0.0612
29097,101.987,-0.0607
29098,102.002,-0.0602
29099,102.01,-0.0598
29100,102.013,-0.0602
29101,102.009,-0.0607
29102,102.001,-0.0612
29103,101.994,-0.0615
29104,101.99,-0.0625
29105,101.991,-0.0617
29106,101.99,-0.0612
29107,101.981,-0.0605
29108,101.982,-0.06
29109,102.043,-0.06
29110,102.204,-0.0593
29111,102.441,-0.0588
29112,102.667,-0.0585
29113,102.762,-0.0585
29114,102.664,-0.06
29115,102.431,-0.0602
29116,102.179,-0.0605
29117,102.004,-0.0607
29118,101.935,-0.061
29119,101.94,-0.062
29120,101.966,-0.063
29121,101.983,-0.0645
29122,101.986,-0.0658
29123,101.977,-0.067
29124,101.969,-0.0685
29125,101.956,-0.0703
29126,101.879,-0.072
29127,101.663,-0.0737
29128,101.276,-0.075
29129,100.738,-0.0765
29130,100.104,-0.0785
29131,99.47,-0.0803
29132,98.918,-0.082
29133,98.446,-0.0838
29134,97.999,-0.0855
29135,97.537,-0.0878
29136,97.074,-0.0895
29137,96.694,-0.0912
29138,96.463,-0.093
29139,96.305,-0.095
29140,96.069,-0.0963
29141,95.734,-0.0968
29142,95.401,-0.0972
29143,95.164,-0.0978
29144,95.086,-0.0972
29145,95.179,-0.0992
29146,95.34,-0.1
29147,95.416,-0.1002
29148,95.333,-0.1007
29149,95.15,-0.1007
29150,95.057,-0.1002
29151,95.242,-0.0997
29152,95.721,-0.099
29153,96.351,-0.0983
29154,96.983,-0.096
29155,97.586,-0.0948
29156,98.213,-0.093
29157,98.913,-0.0912
29158,99.7,-0.0895
29159,100.515,-0.0867
29160,101.217,-0.084
29161,101.697,-0.081
29162,102.01,-0.0777
29163,102.304,-0.0742
29164,102.625,-0.0705
29165,102.845,-0.0668
29166,102.834,-0.0628
29167,102.653,-0.0588
29168,102.548,-0.0542
29169,102.699,-0.0495
29170,103.015,-0.0445
29171,103.26,-0.0398
29172,103.34,-0.035
29173,103.34,-0.03
29174,103.333,-0.0253
29175,103.258,-0.0202
29176,103.01,-0.0155
29177,102.608,-0.0112
29178,102.21,-0.0067
29179,101.963,-0.0023
29180,101.891,0.003
29181,101.973,0.007
29182,102.205,0.011
29183,102.535,0.015
29184,102.858,0.0187
29185,103.088,0.0225
29186,103.184,0.025
29187,103.169,0.0267
29188,103.097,0.029
29189,102.953,0.03
29190,102.711,0.0302
29191,102.423,0.031
29192,102.163,0.0318
29193,101.991,0.0328
29194,101.991,0.0338
29195,102.207,0.0347
29196,102.541,0.0355
29197,102.791,0.0362
29198,102.804,0.0358
29199,102.574,0.035
29200,102.247,0.0342
29201,102.015,0.033
29202,102.001,0.0335
29203,102.224,0.0318
29204,102.633,0.03
29205,103.104,0.028
29206,103.435,0.0255
29207,103.429,0.0232
29208,103.032,0.0205
29209,102.405,0.0172
29210,101.826,0.0138
29211,101.515,0.0103
29212,101.527,0.0067
29213,101.771,0.0032
29214,102.044,0
29215,102.143,-0.0032
29216,101.984,-0.0065
29217,101.594,-0.0092
29218,101.088,-0.0123
29219,100.625,-0.015
29220,100.24,-0.0182
29221,99.783,-0.021
29222,99.105,-0.0245
29223,98.243,-0.0275
29224,97.387,-0.0302
29225,96.687,-0.0323
29226,96.086,-0.0347
29227,95.391,-0.037
29228,94.531,-0.0393
29229,93.66,-0.039
29230,93.027,-0.038
29231,92.797,-0.0382
29232,92.943,-0.0385
29233,93.273,-0.039
29234,93.584,-0.039
29235,93.808,-0.0393
29236,94.025,-0.0403
29237,94.383,-0.0413
29238,94.953,-0.041
29239,95.663,-0.0418
29240,96.383,-0.042
29241,97.03,-0.042
29242,97.564,-0.044
29243,97.944,-0.0443
29244,98.153,-0.0445
29245,98.282,-0.0452
29246,98.495,-0.0452
29247,98.89,-0.0452
29248,99.452,-0.0452
29249,100.095,-0.0455
29250,100.644,-0.0457
29251,100.937,-0.0462
29252,100.979,-0.0462
29253,100.937,-0.0465
29254,101.003,-0.0467
29255,101.259,-0.0475
29256,101.603,-0.0485
29257,101.855,-0.049
29258,101.946,-0.0495
29259,101.953,-0.0508
29260,101.957,-0.052
29261,101.976,-0.0532
29262,101.997,-0.0537
29263,102.008,-0.0537
29264,102.001,-0.0542
29265,101.991,-0.0548
29266,102.051,-0.0548
29267,102.267,-0.0555
29268,102.652,-0.0562
29269,103.114,-0.058
29270,103.516,-0.0605
29271,103.743,-0.062
29272,103.751,-0.0635
29273,103.589,-0.065
29274,103.331,-0.067
29275,103.017,-0.0682
29276,102.685,-0.069
29277,102.381,-0.07
29278,102.135,-0.071
29279,101.963,-0.0703
29280,101.897,-0.07
29281,101.963,-0.07
29282,102.134,-0.07
29283,102.313,-0.07
29284,102.391,-0.07
29285,102.323,-0.0685
29286,102.137,-0.0682
29287,101.891,-0.068
29288,101.641,-0.068
29289,101.451,-0.0673
29290,101.382,-0.066
29291,101.462,-0.065
29292,101.643,-0.0645
29293,101.81,-0.064
29294,101.889,-0.063
29295,101.902,-0.0617
29296,101.905,-0.0607
29297,101.914,-0.06
29298,101.917,-0.0593
29299,101.925,-0.058
29300,101.999,-0.0567
29301,102.234,-0.0555
29302,102.71,-0.0537
29303,103.422,-0.0532
29304,104.22,-0.0525
29305,104.864,-0.0517
29306,105.182,-0.051
29307,105.165,-0.0495
29308,104.912,-0.0485
29309,104.585,-0.0478
29310,104.351,-0.047
29311,104.27,-0.0465
29312,104.279,-0.0462
29313,104.269,-0.046
29314,104.166,-0.0457
29315,103.975,-0.0465
29316,103.812,-0.0465
29317,103.817,-0.0462
29318,103.978,-0.0462
29319,104.097,-0.0467
29320,103.961,-0.0473
29321,103.51,-0.0485
29322,102.885,-0.0498
29323,102.327,-0.05
29324,102.021,-0.0503
29325,102.01,-0.0513
29326,102.245,-0.0513
29327,102.635,-0.0515
29328,103.023,-0.0522
29329,103.262,-0.053
29330,103.321,-0.054
29331,103.254,-0.0545
29332,103.107,-0.055
29333,102.895,-0.0555
29334,102.602,-0.0567
29335,102.214,-0.0578
29336,101.768,-0.0583
29337,101.358,-0.0602
29338,101.106,-0.0622
29339,101.087,-0.0643
29340,101.24,-0.0653
29341,101.399,-0.0658
29342,101.459,-0.0668
29343,101.476,-0.0678
29344,101.555,-0.0687
29345,101.653,-0.07
29346,101.588,-0.0715
29347,101.271,-0.0732
29348,100.83,-0.0735
29349,100.437,-0.0737
29350,100.077,-0.0737
29351,99.554,-0.0737
29352,98.754,-0.074
29353,97.808,-0.0742
29354,96.998,-0.0742
29355,96.536,-0.0737
29356,96.41,-0.0735
29357,96.43,-0.0732
29358,96.391,-0.0727
29359,96.161,-0.072
29360,95.676,-0.0713
29361,94.958,-0.0697
29362,94.143,-0.0682
29363,93.423,-0.0675
29364,92.937,-0.066
29365,92.781,-0.0645
29366,93.032,-0.0625
29367,93.666,-0.061
29368,94.468,-0.0595
29369,95.175,-0.058
29370,95.685,-0.0567
29371,96.127,-0.0555
29372,96.724,-0.0537
29373,97.586,-0.052
29374,98.607,-0.05
29375,99.618,-0.048
29376,100.574,-0.047
29377,101.506,-0.0447
29378,102.374,-0.0418
29379,103.073,-0.0387
29380,103.54,-0.0365
29381,103.843,-0.035
29382,104.126,-0.0333
29383,104.433,-0.0312
29384,104.667,-0.0285
29385,104.73,-0.0255
29386,104.644,-0.0227
29387,104.549,-0.02
29388,104.605,-0.018
29389,104.836,-0.0155
29390,105.147,-0.0135
29391,105.482,-0.0115
29392,105.815,-0.009
29393,106.064,-0.0063
29394,106.151,-0.0037
29395,106.084,-0.0013
29396,105.94,0.0008
29397,105.791,0.0035
29398,105.557,0.0057
29399,105.066,0.0073
29400,104.385,0.009
29401,103.881,0.0123
29402,103.887,0.0155
29403,104.389,0.0187
29404,105.001,0.0198
29405,105.241,0.0208
29406,104.919,0.0217
29407,104.204,0.0232
29408,103.382,0.0255
29409,102.683,0.0278
29410,102.248,0.0298
29411,102.109,0.0318
29412,102.14,0.0333
29413,102.139,0.0347
29414,102.016,0.0362
29415,101.839,0.0377
29416,101.742,0.0403
29417,101.843,0.0427
29418,102.113,0.0447
29419,102.369,0.0465
29420,102.466,0.048
29421,102.396,0.0498
29422,102.231,0.0513
29423,102.077,0.0535
29424,102.011,0.054
29425,101.997,0.0537
29426,101.918,0.054
29427,101.669,0.0553
29428,101.245,0.0565
29429,100.748,0.0567
29430,100.329,0.0572
29431,100.089,0.059
29432,100.022,0.059
29433,100.038,0.0593
29434,100.059,0.059
29435,100.075,0.0588
29436,100.155,0.0578
29437,100.388,0.056
29438,100.791,0.0553
29439,101.263,0.054
29440,101.653,0.0517
29441,101.883,0.0483
29442,102.021,0.0447
29443,102.168,0.0418
29444,102.331,0.0398
29445,102.482,0.0372
29446,102.64,0.034
29447,102.799,0.0307
29448,102.885,0.028
29449,102.81,0.0245
29450,102.567,0.0212
29451,102.331,0.018
29452,102.335,0.0155
29453,102.579,0.013
29454,102.828,0.0107
29455,102.909,0.0085
29456,102.825,0.0063
29457,102.664,0.004
29458,102.501,0.0013
29459,102.349,-0.001
29460,102.186,-0.0032
29461,102.051,-0.0055
29462,101.975,-0.0067
29463,101.885,-0.0095
29464,101.715,-0.0115
29465,101.53,-0.0128
29466,101.456,-0.014
29467,101.546,-0.017
29468,101.741,-0.019
29469,101.921,-0.0205
29470,102.002,-0.0227
29471,102.007,-0.0262
29472,101.997,-0.0278
29473,101.997,-0.029
29474,102,-0.0298
29475,101.999,-0.0307
29476,101.986,-0.0315
29477,101.976,-0.032
29478,102.039,-0.0325
29479,102.266,-0.0323
29480,102.654,-0.031
29481,103.039,-0.0295
29482,103.192,-0.028
29483,103.022,-0.027
29484,102.705,-0.0255
29485,102.556,-0.0235
29486,102.726,-0.021
29487,103.047,-0.0185
29488,103.217,-0.0168
29489,103.131,-0.0142
29490,102.953,-0.0118
29491,102.883,-0.0083
29492,102.957,-0.0055
29493,103.041,-0.0035
29494,102.965,-0.0017
29495,102.721,0.0003
29496,102.498,0.002
29497,102.485,0.004
29498,102.735,0.0063
29499,103.134,0.0083
29500,103.454,0.0105
29501,103.531,0.0125
29502,103.427,0.0138
29503,103.337,0.0158
29504,103.381,0.018
29505,103.541,0.0205
29506,103.694,0.0227
29507,103.696,0.026
29508,103.49,0.028
29509,103.161,0.03
29510,102.854,0.033
29511,102.708,0.0358
29512,102.787,0.0385
29513,102.973,0.0405
29514,103.039,0.0425
29515,102.883,0.0447
29516,102.635,0.0475
29517,102.529,0.0503
29518,102.713,0.0525
29519,103.111,0.0542
29520,103.442,0.0553
29521,103.457,0.056
29522,103.134,0.0572
29523,102.651,0.0585
29524,102.233,0.0605
29525,102.062,0.061
29526,102.213,0.061
29527,102.611,0.0607
29528,103.093,0.0607
29529,103.501,0.0607
29530,103.728,0.0605
29531,103.724,0.0593
29532,103.495,0.057
29533,103.098,0.0555
29534,102.646,0.0537
29535,102.269,0.0515
29536,102.052,0.0495
29537,101.978,0.047
29538,101.96,0.0445
29539,101.939,0.042
29540,101.913,0.0393
29541,101.898,0.0367
29542,101.899,0.0347
29543,101.91,0.0318
29544,101.926,0.0287
29545,101.944,0.0255
29546,101.965,0.0225
29547,101.987,0.0195
29548,102.005,0.0165
29549,102.014,0.0135
29550,102.014,0.0103
29551,102.007,0.0077
29552,101.989,0.005
29553,101.978,0.002
29554,102.042,-0.001
29555,102.273,-0.004
29556,102.667,-0.0067
29557,103.06,-0.0097
29558,103.228,-0.0128
29559,103.07,-0.0148
29560,102.679,-0.017
29561,102.218,-0.0192
29562,101.752,-0.022
29563,101.215,-0.0248
29564,100.523,-0.0282
29565,99.656,-0.0302
29566,98.658,-0.032
29567,97.62,-0.0335
29568,96.662,-0.035
29569,95.875,-0.0365
29570,95.317,-0.0377
29571,95.02,-0.0393
29572,94.935,-0.0398
29573,94.963,-0.04
29574,95.053,-0.04
29575,95.211,-0.0398
29576,95.445,-0.0393
29577,95.742,-0.0387
29578,96.052,-0.0382
29579,96.331,-0.0377
29580,96.645,-0.036
29581,97.124,-0.0342
29582,97.758,-0.0345
29583,98.347,-0.0333
29584,98.672,-0.032
29585,98.681,-0.031
29586,98.51,-0.03
29587,98.391,-0.0293
29588,98.519,-0.0275
29589,98.962,-0.0258
29590,99.658,-0.0243
29591,100.471,-0.0243
29592,101.266,-0.0243
29593,101.986,-0.024
29594,102.618,-0.0238
29595,103.142,-0.024
29596,103.526,-0.0245
29597,103.729,-0.025
29598,103.713,-0.0248
29599,103.47,-0.026
29600,103.069,-0.0255
29601,102.683,-0.0248
29602,102.526,-0.024
29603,102.698,-0.0232
29604,103.089,-0.0208
29605,103.476,-0.0198
29606,103.701,-0.019
29607,103.772,-0.0195
29608,103.77,-0.0205
29609,103.698,-0.021
29610,103.46,-0.0215
29611,102.998,-0.022
29612,102.456,-0.0225
29613,102.123,-0.0232
29614,102.15,-0.0235
29615,102.392,-0.024
29616,102.56,-0.0248
29617,102.493,-0.0253
29618,102.318,-0.0258
29619,102.326,-0.0258
29620,102.637,-0.027
29621,103.083,-0.0282
29622,103.401,-0.0287
29623,103.47,-0.0298
29624,103.369,-0.0305
29625,103.215,-0.031
29626,103.049,-0.0325
29627,102.894,-0.034
29628,102.803,-0.0367
29629,102.804,-0.0393
29630,102.899,-0.0403
29631,103.059,-0.0403
29632,103.23,-0.0403
29633,103.377,-0.0418
29634,103.47,-0.0435
29635,103.457,-0.0445
29636,103.355,-0.0455
29637,103.293,-0.0462
29638,103.377,-0.0478
29639,103.55,-0.0483
29640,103.57,-0.0483
29641,103.243,-0.0493
29642,102.662,-0.0495
29643,102.16,-0.0498
29644,102.048,-0.0517
29645,102.393,-0.0515
29646,102.979,-0.0522
29647,103.474,-0.0517
29648,103.659,-0.0508
29649,103.499,-0.0503
29650,103.099,-0.0513
29651,102.622,-0.052
29652,102.217,-0.0522
29653,101.988,-0.0525
29654,101.997,-0.0532
29655,102.235,-0.0537
29656,102.585,-0.0542
29657,102.827,-0.0548
29658,102.755,-0.055
29659,102.352,-0.056
29660,101.851,-0.057
29661,101.545,-0.058
29662,101.558,-0.0588
29663,101.817,-0.0598
29664,102.152,-0.061
29665,102.394,-0.0622
29666,102.46,-0.0625
29667,102.382,-0.063
29668,102.281,-0.0638
29669,102.279,-0.0648
29670,102.373,-0.0663
29671,102.435,-0.068
29672,102.365,-0.0697
29673,102.191,-0.0705
29674,102.019,-0.0705
29675,101.939,-0.07
29676,101.993,-0.0697
29677,102.216,-0.0697
29678,102.604,-0.0697
29679,103.072,-0.0697
29680,103.481,-0.072
29681,103.716,-0.0727
29682,103.713,-0.0742
29683,103.472,-0.0757
29684,103.073,-0.077
29685,102.679,-0.0785
29686,102.436,-0.079
29687,102.372,-0.0795
29688,102.434,-0.0805
29689,102.586,-0.0803
29690,102.829,-0.0785
29691,103.163,-0.0765
29692,103.493,-0.075
29693,103.64,-0.073
29694,103.545,-0.0715
29695,103.357,-0.07
29696,103.265,-0.0687
29697,103.336,-0.0675
29698,103.521,-0.0665
29699,103.693,-0.0665
29700,103.703,-0.0665
29701,103.476,-0.066
29702,103.07,-0.0653
29703,102.673,-0.0638
29704,102.516,-0.0622
29705,102.69,-0.0607
29706,103.019,-0.0585
29707,103.195,-0.0558
29708,103.047,-0.0535
29709,102.665,-0.051
29710,102.272,-0.049
29711,102.045,-0.0467
29712,102.044,-0.0445
29713,102.2,-0.0418
29714,102.367,-0.0382
29715,102.437,-0.0365
29716,102.431,-0.0345
29717,102.486,-0.0325
29718,102.728,-0.0302
29719,103.113,-0.028
29720,103.423,-0.025
29721,103.491,-0.0227
29722,103.388,-0.02
29723,103.315,-0.0172
29724,103.387,-0.0148
29725,103.564,-0.0125
29726,103.722,-0.01
29727,103.806,-0.007
29728,103.891,-0.0037
29729,104.047,-0.002
29730,104.216,-0.0008
29731,104.285,0.0003
29732,104.211,0.0013
29733,104.046,0.0017
29734,103.901,0.0028
29735,103.844,0.0037
29736,103.848,0.005
29737,103.857,0.0063
29738,103.861,0.0075
29739,103.867,0.01
29740,103.779,0.0125
29741,103.386,0.0145
29742,102.56,0.0168
29743,101.48,0.0187
29744,100.571,0.0208
29745,100.223,0.022
29746,100.51,0.0222
29747,101.193,0.022
29748,101.95,0.0225
29749,102.549,0.023
29750,102.857,0.0232
29751,102.859,0.024
29752,102.676,0.024
29753,102.491,0.0253
29754,102.42,0.0253
29755,102.475,0.0267
29756,102.623,0.0282
29757,102.848,0.0287
29758,103.148,0.0298
29759,103.462,0.031
29760,103.678,0.0323
29761,103.755,0.0323
29762,103.76,0.0318
29763,103.762,0.0302
29764,103.774,0.0302
29765,103.785,0.03
29766,103.789,0.0282
29767,103.787,0.0265
29768,103.787,0.025
29769,103.782,0.0232
29770,103.711,0.0212
29771,103.487,0.019
29772,103.086,0.0168
29773,102.612,0.0145
29774,102.278,0.0125
29775,102.278,0.0105
29776,102.604,0.0085
29777,103.007,0.0065
29778,103.186,0.0045
29779,103.015,0.002
29780,102.63,-0.0008
29781,102.315,-0.0032
29782,102.245,-0.006
29783,102.341,-0.0087
29784,102.403,-0.0112
29785,102.322,-0.013
29786,102.154,-0.0145
29787,102.077,-0.0163
29788,102.242,-0.0172
29789,102.636,-0.0185
29790,103.11,-0.0198
29791,103.507,-0.0215
29792,103.738,-0.0225
29793,103.813,-0.0248
29794,103.812,-0.0272
29795,103.8,-0.0298
29796,103.791,-0.0323
29797,103.785,-0.0338
29798,103.785,-0.036
29799,103.791,-0.0385
29800,103.798,-0.041
29801,103.806,-0.0423
29802,103.796,-0.0435
29803,103.718,-0.0432
29804,103.559,-0.0452
29805,103.373,-0.0475
29806,103.221,-0.0485
29807,103.138,-0.05
29808,103.141,-0.051
29809,103.163,-0.0515
29810,103.084,-0.0513
29811,102.86,-0.0508
29812,102.542,-0.05
29813,102.29,-0.0495
29814,102.304,-0.0493
29815,102.618,-0.0485
29816,103.017,-0.048
29817,103.263,-0.0473
29818,103.318,-0.047
29819,103.312,-0.0465
29820,103.384,-0.0457
29821,103.553,-0.0443
29822,103.717,-0.0425
29823,103.786,-0.0415
29824,103.777,-0.0413
29825,103.751,-0.041
29826,103.733,-0.041
29827,103.749,-0.0405
29828,103.859,-0.0398
29829,104.065,-0.0387
29830,104.207,-0.0382
29831,104.048,-0.0377
29832,103.467,-0.0372
29833,102.637,-0.0367
29834,101.959,-0.0358
29835,101.679,-0.0353
29836,101.638,-0.0347
29837,101.509,-0.0338
29838,101.136,-0.0328
29839,100.573,-0.0323
29840,99.921,-0.0315
29841,99.12,-0.0312
29842,97.916,-0.031
29843,96.076,-0.0312
29844,93.556,-0.031
29845,90.466,-0.03
29846,87.06,-0.029
29847,83.73,-0.028
29848,80.817,-0.028
29849,78.525,-0.028
29850,77.307,-0.028
29851,78.041,-0.028
29852,81.306,-0.028
29854,84.79,-0.0278
29855,86.532,-0.0278
29856,88.381,-0.0278
29857,90.23,-0.0279
29858,92.078,-0.028
29859,94.138,-0.0284
29860,96.197,-0.0287
29861,98.162,-0.0293
29862,98.55,-0.03
29863,98.34,-0.0302
29864,97.997,-0.0302
29865,97.501,-0.0305
29866,96.787,-0.032
29867,95.906,-0.0335
29868,94.965,-0.0345
29869,94.074,-0.036
29870,93.333,-0.0375
29871,92.883,-0.0387
29872,93,-0.04
29873,94.015,-0.0413
29874,96.022,-0.0427
29875,98.635,-0.044
29876,101.133,-0.0452
29877,102.878,-0.0467
29878,103.686,-0.048
29879,103.865,-0.0495
29880,103.885,-0.0513
29881,104.019,-0.052
29882,104.277,-0.0532
29883,104.522,-0.0553
29884,104.537,-0.0565
29885,104.183,-0.058
29886,103.586,-0.059
29887,103.084,-0.06
29888,103.002,-0.0612
29889,103.427,-0.0628
29890,104.098,-0.0648
29891,104.597,-0.0663
29892,104.703,-0.0682
29893,104.463,-0.0697
29894,104.041,-0.0715
29895,103.638,-0.073
29896,103.449,-0.0745
29897,103.55,-0.0762
29898,103.824,-0.078
29899,104.01,-0.0793
29900,103.871,-0.0807
29901,103.439,-0.0823
29902,103.046,-0.0838
29903,102.957,-0.0852
29904,103.053,-0.0865
29905,103.01,-0.0878
29906,102.688,-0.0888
29907,102.227,-0.09
29908,101.821,-0.0912
29909,101.52,-0.092
29910,101.271,-0.0927
29911,101.087,-0.0932
29912,101.076,-0.0938
29913,101.299,-0.095
29914,101.704,-0.0965
29915,102.174,-0.0975
29916,102.59,-0.0985
29917,102.838,-0.0992
29918,102.835,-0.1
29919,102.593,-0.1005
29920,102.26,-0.101
29921,102.037,-0.1025
29922,102.028,-0.1037
29923,102.178,-0.1045
29924,102.364,-0.1053
29925,102.514,-0.1063
29926,102.6,-0.1073
29927,102.59,-0.1082
29928,102.482,-0.1098
29929,102.309,-0.1095
29930,102.126,-0.1092
29931,102.06,-0.1095
29932,102.243,-0.1092
29933,102.657,-0.1092
29934,103.158,-0.1085
29935,103.56,-0.1077
29936,103.654,-0.1068
29937,103.292,-0.1058
29938,102.454,-0.1053
29939,101.159,-0.104
29940,99.403,-0.1025
29941,97.15,-0.101
29942,94.231,-0.0995
29943,90.594,-0.0995
29944,87.034,-0.0992
29945,85.142,-0.0988
29946,86.054,-0.0983
29947,89.503,-0.0978
29949,93.995,-0.0978
29950,95.891,-0.0971
29951,97.787,-0.0965
29952,100.116,-0.0953
29953,101.482,-0.0938
29954,102.694,-0.0922
29955,104.108,-0.0912
29956,105.757,-0.0892
29957,107.581,-0.0878
29958,109.361,-0.0862
29959,110.697,-0.0855
29960,111.123,-0.0843
29961,110.326,-0.0835
29962,108.416,-0.0825
29963,106.02,-0.0815
29964,103.974,-0.081
29965,102.847,-0.08
29966,102.67,-0.0793
29967,103.046,-0.0783
29968,103.496,-0.0772
29969,103.764,-0.0772
29970,103.848,-0.0757
29971,103.852,-0.0755
29972,103.848,-0.0752
29973,103.849,-0.075
29974,103.846,-0.0737
29975,103.831,-0.0732
29976,103.81,-0.0732
29977,103.79,-0.0735
29978,103.783,-0.074
29979,103.775,-0.0737
29980,103.696,-0.074
29981,103.456,-0.075
29982,103.066,-0.076
29983,102.679,-0.0765
29984,102.452,-0.077
29985,102.404,-0.077
29986,102.413,-0.077
29987,102.345,-0.077
29988,102.181,-0.0772
29989,102.014,-0.0775
29990,101.924,-0.077
29991,101.9,-0.0777
29992,101.894,-0.0785
29993,101.895,-0.08
29994,101.908,-0.0815
29995,101.927,-0.0823
29996,101.939,-0.0835
29997,101.941,-0.0845
29998,101.934,-0.0862
29999,101.924,-0.0872
30000,101.935,-0.088
30001,102.038,-0.0885
30002,102.272,-0.089
30003,102.508,-0.0892
30004,102.558,-0.0895
30005,102.423,-0.09
30006,102.317,-0.0897
30007,102.465,-0.0902
30008,102.897,-0.0905
30009,103.388,-0.09
30010,103.691,-0.09
30011,103.857,-0.0902
30012,104.153,-0.0905
30013,104.647,-0.0905
30014,105.088,-0.092
30015,105.186,-0.092
30016,104.874,-0.092
30017,104.353,-0.092
30018,103.928,-0.092
30019,103.746,-0.093
30020,103.723,-0.093
30021,103.736,-0.093
30022,103.754,-0.0927
30023,103.766,-0.093
30024,103.709,-0.0935
30025,103.492,-0.093
30026,103.098,-0.092
30027,102.622,-0.0915
30028,102.225,-0.0907
30029,102.071,-0.0902
30030,102.234,-0.09
30031,102.642,-0.0885
30032,103.115,-0.087
30033,103.429,-0.0862
30034,103.428,-0.085
30035,103.186,-0.084
30036,102.945,-0.0828
30037,102.856,-0.082
30038,102.871,-0.0803
30039,102.877,-0.0772
30040,102.803,-0.076
30041,102.66,-0.0745
30042,102.506,-0.073
30043,102.35,-0.0718
30044,102.184,-0.0697
30045,102.107,-0.0678
30046,102.262,-0.0668
30047,102.63,-0.065
30048,103.018,-0.0635
30049,103.247,-0.0622
30050,103.303,-0.0605
30051,103.307,-0.0585
30052,103.371,-0.0565
30053,103.464,-0.0548
30054,103.479,-0.0527
30055,103.405,-0.0513
30056,103.29,-0.0498
30057,103.073,-0.0483
30058,102.554,-0.047
30059,101.545,-0.0455
30060,100.036,-0.044
30061,98.227,-0.0427
30062,96.405,-0.0415
30063,94.82,-0.0403
30064,93.639,-0.0387
30065,92.941,-0.0372
30066,92.719,-0.037
30067,92.881,-0.0358
30068,93.281,-0.0345
30069,93.822,-0.0328
30070,94.512,-0.031
30071,95.435,-0.0298
30072,96.684,-0.0287
30073,98.257,-0.0267
30074,99.985,-0.0253
30075,101.639,-0.0238
30076,103.122,-0.0227
30077,104.446,-0.021
30078,105.608,-0.0195
30079,106.544,-0.0192
30080,107.171,-0.0182
30081,107.468,-0.0175
30082,107.535,-0.0168
30083,107.497,-0.0163
30084,107.39,-0.0163
30085,107.215,-0.0163
30086,107.042,-0.016
30087,106.977,-0.0168
30088,107.06,-0.0178
30089,107.235,-0.0172
30090,107.407,-0.0178
30091,107.568,-0.0178
30092,107.828,-0.0178
30093,108.231,-0.0182
30094,108.647,-0.0185
30095,108.889,-0.0198
30096,108.865,-0.021
30097,108.612,-0.0222
30098,108.257,-0.0222
30099,107.92,-0.0222
30100,107.656,-0.0222
30101,107.485,-0.0217
30102,107.433,-0.0215
30103,107.534,-0.0215
30104,107.799,-0.0215
30105,108.146,-0.0222
30106,108.4,-0.0215
30107,108.397,-0.0212
30108,108.082,-0.0212
30109,107.543,-0.0217
30110,106.921,-0.0222
30111,106.242,-0.0243
30112,105.47,-0.026
30113,104.689,-0.0278
30114,104.003,-0.028
30115,103.317,-0.0278
30116,102.351,-0.0275
30117,100.809,-0.0272
30118,98.598,-0.0267
30119,95.969,-0.0262
30120,93.413,-0.0258
30121,91.406,-0.0253
30122,90.245,-0.0245
30123,89.918,-0.0235
30124,90.066,-0.0225
30125,90.213,-0.0212
30126,90.142,-0.02
30127,90.037,-0.0178
30128,90.205,-0.0152
30129,90.788,-0.0132
30130,91.848,-0.011
30131,93.478,-0.0092
30132,95.656,-0.0075
30133,98.069,-0.0035
30134,100.167,0.0005
30135,101.471,0.005
30136,101.94,0.0095
30137,102.035,0.013
30138,102.373,0.0158
30139,103.307,0.0185
30140,104.674,0.0222
30141,105.889,0.026
30142,106.457,0.0298
30143,106.415,0.0338
30144,106.152,0.0377
30145,105.933,0.0425
30146,105.687,0.046
30147,105.218,0.0485
30148,104.554,0.0513
30149,104.002,0.0535
30150,103.775,0.0558
30151,103.771,0.0593
30152,103.804,0.0628
30153,103.809,0.066
30154,103.8,0.068
30155,103.789,0.0695
30156,103.786,0.0708
30157,103.797,0.073
30158,103.799,0.075
30159,103.732,0.076
30160,103.576,0.077
30161,103.415,0.0783
30162,103.347,0.0793
30163,103.354,0.0795
30164,103.287,0.0785
30165,103.023,0.077
30166,102.699,0.0762
30167,102.705,0.0755
30168,103.243,0.0747
30169,103.927,0.073
30170,103.947,0.0713
30171,102.59,0.0695
30172,99.642,0.0678
30173,95.485,0.0643
30174,90.858,0.061
30175,86.479,0.057
30176,82.876,0.0542
30177,80.325,0.0517
30178,78.75,0.0495
30179,77.816,0.0473
30180,77.17,0.0443
30181,76.594,0.0408
30182,76.045,0.0365
30183,75.659,0.0325
30184,75.591,0.0287
30185,75.836,0.0253
30186,76.192,0.0217
30187,76.413,0.0192
30188,76.432,0.0168
30189,76.485,0.015
30190,77.027,0.013
30191,78.478,0.0112
30192,80.942,0.0095
30193,84.083,0.008
30194,87.279,0.0063
30195,89.968,0.0043
30196,91.968,0.0025
30197,93.488,0.0005
30198,94.779,-0.0015
30199,95.846,-0.0025
30200,96.584,-0.0043
30201,97.086,-0.0057
30202,97.669,-0.0063
30203,98.588,-0.0057
30204,99.772,-0.004
30205,100.937,-0.0023
30206,101.934,0
30207,102.856,0.0032
30208,103.858,0.0063
30209,104.954,0.0097
30210,105.991,0.0128
30211,106.846,0.0158
30212,107.546,0.0187
30213,108.163,0.0215
30214,108.694,0.0238
30215,109.109,0.0282
30216,109.418,0.0315
30217,109.662,0.0353
30218,109.834,0.0385
30219,109.836,0.0418
30220,109.539,0.0447
30221,108.881,0.0467
30222,107.92,0.0505
30223,106.85,0.054
30224,105.94,0.057
30225,105.397,0.0598
30226,105.25,0.0628
30227,105.3,0.0658
30228,105.234,0.0687
30229,104.913,0.0715
30230,104.529,0.0745
30231,104.43,0.0772
30232,104.759,0.0798
30233,105.333,0.0823
30234,105.883,0.0845
30235,106.339,0.0867
30236,106.859,0.089
30237,107.63,0.0902
30238,108.649,0.0915
30239,109.68,0.0927
30240,110.486,0.0948
30241,111.017,0.0955
30242,111.281,0.0953
30243,111.084,0.0948
30244,110.081,0.0943
30245,108.131,0.094
30246,105.537,0.0925
30247,102.931,0.09
30248,100.952,0.0878
30249,99.873,0.0855
30250,99.528,0.0838
30251,99.596,0.082
30252,99.882,0.0805
30253,100.3,0.0793
30254,100.78,0.0783
30255,101.267,0.0762
30256,101.744,0.074
30257,102.205,0.072
30258,102.603,0.07
30259,102.839,0.068
30260,102.816,0.0648
30261,102.558,0.0628
30262,102.312,0.0598
30263,102.396,0.0567
30264,102.819,0.0548
30265,103.186,0.0517
30266,103.05,0.0485
30267,102.241,0.0452
30268,100.924,0.0435
30269,99.541,0.042
30270,98.585,0.0405
30271,98.29,0.0375
30272,98.524,0.0347
30273,98.904,0.0333
30274,99.009,0.032
30275,98.676,0.031
30276,98.091,0.03
30277,97.536,0.0298
30278,97.123,0.0295
30279,96.831,0.0293
30280,96.677,0.029
30281,96.748,0.0293
30282,97.072,0.0293
30283,97.529,0.0293
30284,97.931,0.0293
30285,98.162,0.0293
30286,98.238,0.029
30287,98.231,0.029
30288,98.146,0.029
30289,97.915,0.029
30290,97.525,0.029
30291,97.067,0.0287
30292,96.681,0.0282
30293,96.462,0.0278
30294,96.383,0.0272
30295,96.295,0.0267
30296,96.071,0.0262
30297,95.746,0.0258
30298,95.441,0.0253
30299,95.227,0.0248
30300,95.091,0.0255
30301,94.948,0.026
30302,94.702,0.0265
30303,94.378,0.027
30304,94.121,0.0267
30305,94.016,0.0275
30306,94.012,0.0282
30307,94.022,0.029
30308,94.012,0.0282
30309,94.017,0.0275
30310,94.102,0.0262
30311,94.27,0.0272
30312,94.429,0.0282
30313,94.514,0.028
30314,94.61,0.0278
30315,94.829,0.0275
30316,95.148,0.0272
30317,95.447,0.0262
30318,95.679,0.0253
30319,95.912,0.0243
30320,96.222,0.0232
30321,96.567,0.0225
30322,96.791,0.022
30323,96.783,0.0215
30324,96.606,0.0205
30325,96.425,0.0202
30326,96.339,0.0202
30327,96.345,0.02
30328,96.441,0.0198
30329,96.624,0.019
30330,96.818,0.0182
30331,96.911,0.0185
30332,96.846,0.0187
30333,96.669,0.0187
30334,96.496,0.0187
30335,96.412,0.0187
30336,96.399,0.019
30337,96.403,0.0195
30338,96.408,0.02
30339,96.406,0.0205
30340,96.331,0.021
30341,96.097,0.0217
30342,95.694,0.0222
30343,95.205,0.0227
30344,94.72,0.0232
30345,94.333,0.0238
30346,94.173,0.0248
30347,94.35,0.0255
30348,94.855,0.0262
30349,95.518,0.027
30350,96.071,0.0282
30351,96.353,0.029
30352,96.472,0.03
30353,96.676,0.031
30354,97.07,0.032
30355,97.555,0.0328
30356,97.962,0.0335
30357,98.183,0.0342
30358,98.238,0.0353
30359,98.218,0.0362
30360,98.208,0.0372
30361,98.289,0.0382
30362,98.54,0.0393
30363,98.971,0.0423
30364,99.463,0.0457
30365,99.794,0.0467
30366,99.777,0.0478
30367,99.422,0.0487
30368,98.926,0.0503
30369,98.508,0.052
30370,98.297,0.0537
30371,98.318,0.0548
30372,98.489,0.0558
30373,98.661,0.058
30374,98.713,0.0595
30375,98.612,0.061
30376,98.437,0.0625
30377,98.359,0.0638
30378,98.472,0.065
30379,98.656,0.0663
30380,98.672,0.0675
30381,98.369,0.0687
30382,97.792,0.0705
30383,97.145,0.0723
30384,96.587,0.074
30385,96.116,0.0757
30386,95.648,0.0767
30387,95.177,0.078
30388,94.833,0.079
30389,94.819,0.08
30390,95.29,0.0815
30391,96.251,0.0823
30392,97.507,0.0828
30393,98.731,0.0835
30394,99.629,0.0847
30395,100.105,0.0855
30396,100.272,0.0862
30397,100.217,0.087
30398,99.695,0.0872
30399,98.288,0.0875
30400,95.941,0.0878
30401,93.19,0.088
30402,90.838,0.0885
30403,89.427,0.087
30404,88.912,0.0855
30405,88.864,0.0857
30406,88.97,0.086
30407,89.197,0.0862
30408,89.565,0.0857
30409,90.05,0.0857
30410,90.669,0.0857
30411,91.4,0.0862
30412,92.085,0.0862
30413,92.557,0.0852
30414,92.751,0.085
30415,92.694,0.0847
30416,92.455,0.0845
30417,92.065,0.0857
30418,91.543,0.0872
30419,91.027,0.0888
30420,90.732,0.088
30421,90.733,0.0872
30422,90.808,0.0862
30423,90.542,0.0852
30424,89.612,0.0835
30425,87.998,0.0847
30426,85.969,0.0865
30427,83.899,0.0883
30428,82.044,0.0902
30429,80.425,0.0897
30430,78.91,0.0885
30431,77.44,0.0878
30432,76.138,0.0852
30433,75.147,0.086
30434,74.401,0.0862
30435,73.611,0.087
30436,72.469,0.0878
30437,70.857,0.0878
30438,68.905,0.0883
30439,66.811,0.0892
30440,64.621,0.092
30441,62.247,0.0945
30442,59.726,0.0975
30443,57.353,0.1017
30444,55.505,0.1095
30445,54.305,0.133
30446,53.519,0.1665
30447,52.791,0.2155
30448,51.94,0.2635
30449,51.018,0.319
30450,50.101,0.3942
30451,49.119,0.475
30452,47.914,0.5913
30453,46.436,0.6044
30454,44.691,0.6182
30455,42.438,0.6327
30456,39.278,0.6481
30457,35.157,0.6626
30458,30.525,0.6776
30459,26.016,0.6936
30460,22.012,0.7134
30461,18.412,0.7345
30462,14.915,0.757
30463,11.5,0.781
30464,8.408,0.7517
30465,5.88,0.7517
30466,4.092,0.7517
30467,3.14,0.7517
30468,2.91,0.7517
30469,2.978,0.7517
30470,2.766,0.7517
30471,2,0.7517
30472,0,0.7517
30511,0,0.7517
30512,1.986,0.7517
30513,3.971,0.7517
30516,9.929,0.7517
30517,15.155,0.7224
30518,18.509,0.7118
30519,19.972,0.6987
30520,20.602,0.6862
30521,21.115,0.6716
30522,21.554,0.6577
30523,21.723,0.6452
30524,21.53,0.6332
30525,21.103,0.6217
30526,20.76,0.612
30527,20.826,0.6023
30528,21.336,0.5931
30529,21.934,0.5842
30530,22.139,0.5759
30531,21.744,0.5709
30532,20.982,0.5658
30533,20.314,0.5597
30534,20.059,0.5534
30535,20.221,0.5449
30536,20.617,0.5343
30537,21.089,0.5028
30538,21.631,0.484
30539,22.315,0.4703
30540,23.178,0.458
30541,24.202,0.4463
30542,25.31,0.4325
30543,26.328,0.419
30544,27.081,0.408
30545,27.546,0.3975
30546,27.91,0.386
30547,28.425,0.371
30548,29.21,0.355
30549,30.219,0.3395
30550,31.386,0.3285
30551,32.686,0.314
30552,34.098,0.2978
30553,35.594,0.2805
30554,37.094,0.264
30555,38.45,0.2465
30556,39.535,0.2298
30557,40.251,0.2132
30558,40.642,0.2033
30559,41.178,0.195
30560,42.531,0.187
30561,44.86,0.181
30562,47.634,0.175
30563,50.128,0.1685
30564,51.931,0.1623
30565,53.15,0.1568
30566,54.108,0.15
30567,54.837,0.1435
30568,55.197,0.137
30569,55.299,0.1308
30570,55.465,0.1242
30571,55.907,0.1153
30572,56.612,0.1063
30573,57.384,0.0985
30574,57.986,0.0912
30575,58.414,0.086
30576,58.983,0.0835
30577,60.052,0.0788
30578,61.713,0.074
30579,63.725,0.0692
30580,65.693,0.0653
30581,67.392,0.0615
30582,68.922,0.0585
30583,70.458,0.0558
30584,71.948,0.0522
30585,73.198,0.0487
30586,74.136,0.046
30587,74.889,0.0435
30588,75.627,0.0418
30589,76.387,0.0398
30590,77.067,0.0375
30591,77.62,0.0353
30592,78.169,0.0333
30593,78.877,0.0315
30594,79.744,0.0295
30595,80.6,0.027
30596,81.284,0.024
30597,81.786,0.0212
30598,82.257,0.018
30599,82.888,0.015
30600,83.686,0.0118
30601,84.354,0.0085
30602,84.575,0.0055
30603,84.382,0.0028
30604,84.162,0
30605,84.353,-0.0035
30606,85.098,-0.0065
30607,86.138,-0.009
30608,87.099,-0.0115
30609,87.826,-0.0145
30610,88.368,-0.0175
30611,88.744,-0.0205
30612,88.881,-0.0232
30613,88.774,-0.0258
30614,88.576,-0.0282
30615,88.46,-0.03
30616,88.526,-0.032
30617,88.844,-0.034
30618,89.408,-0.036
30619,90.072,-0.038
30620,90.642,-0.0393
30621,90.973,-0.0408
30622,91.036,-0.0423
30623,90.934,-0.0438
30624,90.761,-0.0447
30625,90.5,-0.0455
30626,90.169,-0.0462
30627,89.938,-0.047
30628,90.025,-0.048
30629,90.509,-0.0493
30630,91.238,-0.0503
30631,91.936,-0.052
30632,92.423,-0.0542
30633,92.665,-0.0565
30634,92.672,-0.0575
30635,92.447,-0.058
30636,92.036,-0.0585
30637,91.553,-0.0598
30638,91.148,-0.0595
30639,90.918,-0.0588
30640,90.85,-0.0578
30641,90.856,-0.0567
30642,90.87,-0.0562
30643,90.885,-0.0558
30644,90.888,-0.0558
30645,90.813,-0.0555
30646,90.575,-0.0553
30647,90.16,-0.0562
30648,89.683,-0.0572
30649,89.334,-0.0575
30650,89.246,-0.058
30651,89.404,-0.0585
30652,89.701,-0.058
30653,90.033,-0.0585
30654,90.332,-0.059
30655,90.567,-0.0595
30656,90.72,-0.0595
30657,90.781,-0.0595
30658,90.795,-0.0595
30659,90.872,-0.0595
30660,91.11,-0.0598
30661,91.519,-0.0598
30662,92.001,-0.0598
30663,92.408,-0.0605
30664,92.635,-0.0615
30665,92.709,-0.063
30666,92.765,-0.0638
30667,92.908,-0.0645
30668,93.146,-0.064
30669,93.45,-0.064
30670,93.785,-0.0648
30671,94.081,-0.0645
30672,94.245,-0.0635
30673,94.236,-0.0622
30674,94.118,-0.0622
30675,94.028,-0.0622
30676,94.072,-0.0622
30677,94.315,-0.0617
30678,94.794,-0.0622
30679,95.451,-0.0622
30680,96.068,-0.0633
30681,96.342,-0.0643
30682,96.058,-0.0648
30683,95.18,-0.0653
30684,93.773,-0.0658
30685,91.978,-0.066
30686,90.21,-0.0668
30687,89.205,-0.0665
30688,89.56,-0.0665
30689,91.209,-0.067
30690,93.389,-0.0668
30691,95.172,-0.0663
30692,96.116,-0.0665
30693,96.401,-0.066
30694,96.405,-0.0658
30695,96.364,-0.066
30696,96.35,-0.0668
30697,96.357,-0.0675
30698,96.306,-0.0685
30699,96.095,-0.0687
30700,95.695,-0.0682
30701,95.212,-0.069
30702,94.863,-0.0697
30703,94.857,-0.0697
30704,95.259,-0.0695
30705,95.944,-0.069
30706,96.713,-0.0708
30707,97.511,-0.073
30708,98.552,-0.0762
30709,100.179,-0.078
30710,102.549,-0.079
30711,105.444,-0.0803
30712,108.362,-0.082
30713,110.788,-0.084
30714,112.238,-0.0867
30715,111.989,-0.0895
30716,109.293,-0.0922
30717,104.291,-0.0945
30718,98.402,-0.0965
30719,93.518,-0.0997
30720,90.771,-0.102
30721,89.973,-0.1043
30722,90.143,-0.1068
30723,90.556,-0.1092
30724,91.147,-0.1113
30725,92.087,-0.113
30726,93.373,-0.1145
30727,94.798,-0.116
30728,96.008,-0.117
30729,96.634,-0.1177
30730,96.561,-0.1187
30731,96.112,-0.12
30732,95.91,-0.121
30733,96.483,-0.122
30734,97.795,-0.1228
30735,99.192,-0.1233
30736,99.946,-0.1233
30737,99.817,-0.1233
30738,99.139,-0.123
30739,98.533,-0.1235
30740,98.462,-0.125
30741,98.879,-0.1255
30742,99.361,-0.126
30743,99.548,-0.1265
30744,99.356,-0.1268
30745,98.928,-0.1275
30746,98.5,-0.1265
30747,98.262,-0.1247
30748,98.276,-0.123
30749,98.457,-0.122
30750,98.592,-0.121
30751,98.442,-0.1202
30752,97.896,-0.1202
30753,97.08,-0.1207
30754,96.328,-0.1205
30755,95.926,-0.1202
30756,95.913,-0.1197
30757,96.167,-0.1182
30758,96.572,-0.117
30759,97.047,-0.1155
30760,97.534,-0.114
30761,98.006,-0.1125
30762,98.462,-0.1108
30763,98.927,-0.109
30764,99.478,-0.1073
30765,100.192,-0.106
30766,101.006,-0.1045
30767,101.676,-0.103
30768,101.929,-0.1017
30769,101.662,-0.1005
30770,101.052,-0.0992
30771,100.454,-0.098
30772,100.125,-0.0972
30773,100.044,-0.0963
30774,100.053,-0.0953
30775,100.068,-0.0943
30776,100.148,-0.0938
30777,100.394,-0.0932
30778,100.8,-0.0927
30779,101.209,-0.092
30780,101.448,-0.0907
30781,101.494,-0.0895
30782,101.473,-0.0883
30783,101.532,-0.0872
30784,101.697,-0.0865
30785,101.864,-0.0852
30786,101.958,-0.0843
30787,102.036,-0.0833
30788,102.172,-0.0823
30789,102.324,-0.0813
30790,102.396,-0.0798
30791,102.348,-0.078
30792,102.198,-0.0755
30793,101.988,-0.0725
30794,101.761,-0.0695
30795,101.575,-0.0665
30796,101.485,-0.064
30797,101.477,-0.063
30798,101.419,-0.062
30799,101.123,-0.061
30800,100.512,-0.06
30801,99.727,-0.0593
30802,99.015,-0.0585
30803,98.536,-0.0578
30804,98.303,-0.057
30805,98.231,-0.0562
30806,98.23,-0.0555
30807,98.304,-0.055
30808,98.533,-0.0545
30809,98.936,-0.054
30810,99.415,-0.0522
30811,99.819,-0.0505
30812,100.047,-0.0487
30813,100.113,-0.0475
30814,100.108,-0.0473
30815,100.096,-0.047
30816,100.09,-0.0467
30817,100.088,-0.0465
30818,100.079,-0.0462
30819,100.002,-0.0462
30820,99.772,-0.0462
30821,99.374,-0.0462
30822,98.903,-0.0462
30823,98.506,-0.0457
30824,98.285,-0.046
30825,98.237,-0.0462
30826,98.255,-0.0465
30827,98.193,-0.0467
30828,97.948,-0.047
30829,97.536,-0.047
30830,97.114,-0.0475
30831,96.865,-0.0487
30832,96.878,-0.0498
30833,97.117,-0.0508
30834,97.458,-0.0517
30835,97.778,-0.0525
30836,98.021,-0.0535
30837,98.165,-0.0545
30838,98.225,-0.0555
30839,98.305,-0.0565
30840,98.539,-0.0575
30841,98.948,-0.0585
30842,99.426,-0.0595
30843,99.82,-0.0605
30844,100.048,-0.061
30845,100.179,-0.0615
30846,100.394,-0.0622
30847,100.842,-0.0628
30848,101.532,-0.0638
30849,102.305,-0.0648
30850,102.925,-0.067
30851,103.313,-0.0692
30852,103.605,-0.0713
30853,103.93,-0.073
30854,104.247,-0.0737
30855,104.41,-0.0745
30856,104.324,-0.0757
30857,104.073,-0.077
30858,103.85,-0.078
30859,103.698,-0.079
30860,103.473,-0.0798
30861,103.086,-0.0805
30862,102.625,-0.0813
30863,102.237,-0.0823
30864,101.939,-0.0825
30865,101.561,-0.0828
30866,100.932,-0.083
30867,100.136,-0.0852
30868,99.492,-0.0867
30869,99.262,-0.087
30870,99.438,-0.0872
30871,99.774,-0.0872
30872,100.025,-0.0875
30873,100.1,-0.0878
30874,100.026,-0.088
30875,99.863,-0.0878
30876,99.703,-0.087
30877,99.651,-0.0872
30878,99.742,-0.0857
30879,99.915,-0.0857
30880,100.065,-0.0857
30881,100.187,-0.0855
30882,100.399,-0.0852
30883,100.775,-0.0847
30884,101.24,-0.0847
30885,101.64,-0.0847
30886,101.873,-0.0847
30887,101.952,-0.0845
30888,101.974,-0.0838
30889,101.989,-0.083
30890,101.915,-0.0825
30891,101.611,-0.082
30892,101.032,-0.0815
30893,100.286,-0.081
30894,99.584,-0.0803
30895,99.185,-0.0795
30896,99.216,-0.0783
30897,99.493,-0.078
30898,99.68,-0.078
30899,99.549,-0.0772
30900,99.047,-0.0767
30901,98.321,-0.0757
30902,97.671,-0.0747
30903,97.325,-0.0737
30904,97.321,-0.073
30905,97.572,-0.0723
30906,97.912,-0.0715
30907,98.164,-0.069
30908,98.268,-0.0673
30909,98.287,-0.067
30910,98.29,-0.0668
30911,98.286,-0.066
30912,98.273,-0.0635
30913,98.251,-0.0612
30914,98.224,-0.059
30915,98.21,-0.0575
30916,98.274,-0.057
30917,98.506,-0.0553
30918,98.922,-0.0553
30919,99.408,-0.0522
30920,99.744,-0.0493
30921,99.74,-0.0473
30922,99.398,-0.0452
30923,98.908,-0.0443
30924,98.485,-0.0418
30925,98.239,-0.0398
30926,98.162,-0.0375
30927,98.226,-0.0347
30928,98.461,-0.0315
30929,98.934,-0.03
30930,99.644,-0.0293
30931,100.462,-0.0285
30932,101.193,-0.028
30933,101.681,-0.026
30934,101.835,-0.024
30935,101.645,-0.022
30936,101.224,-0.0192
30937,100.811,-0.0172
30938,100.639,-0.0152
30939,100.745,-0.014
30940,100.931,-0.0123
30941,100.954,-0.0115
30942,100.74,-0.0107
30943,100.426,-0.01
30944,100.195,-0.01
30945,100.106,-0.01
30946,100.093,-0.01
30947,100.097,-0.0095
30948,100.111,-0.0097
30949,100.123,-0.01
30950,100.054,-0.0103
30951,99.822,-0.0105
30952,99.483,-0.0123
30953,99.224,-0.0138
30954,99.206,-0.0158
30955,99.432,-0.018
30956,99.747,-0.0192
30957,99.969,-0.0208
30958,100.041,-0.0222
30959,100.04,-0.0243
30960,100.044,-0.0255
30961,100.046,-0.0258
30962,99.987,-0.027
30963,99.829,-0.0282
30964,99.584,-0.031
30965,99.285,-0.0333
30966,98.967,-0.0353
30967,98.674,-0.0382
30968,98.448,-0.0418
30969,98.374,-0.0435
30970,98.542,-0.0438
30971,98.939,-0.0443
30972,99.412,-0.0447
30973,99.736,-0.0467
30974,99.726,-0.049
30975,99.399,-0.0513
30976,99.007,-0.0542
30977,98.833,-0.0553
30978,98.931,-0.0565
30979,99.093,-0.0578
30980,99.073,-0.0595
30981,98.812,-0.0605
30982,98.469,-0.0612
30983,98.244,-0.062
30984,98.188,-0.0617
30985,98.213,-0.0617
30986,98.232,-0.0617
30987,98.228,-0.0622
30988,98.215,-0.062
30989,98.206,-0.0625
30990,98.208,-0.063
30991,98.216,-0.0638
30992,98.221,-0.065
30993,98.216,-0.0658
30994,98.204,-0.066
30995,98.195,-0.066
30996,98.192,-0.0658
30997,98.186,-0.0655
30998,98.187,-0.0658
30999,98.262,-0.0668
31000,98.498,-0.0682
31001,98.907,-0.0697
31002,99.382,-0.0708
31003,99.767,-0.071
31004,99.988,-0.0713
31005,100.121,-0.0715
31006,100.281,-0.072
31007,100.479,-0.073
31008,100.654,-0.0737
31009,100.759,-0.0747
31010,100.759,-0.0762
31011,100.664,-0.0775
31012,100.508,-0.079
31013,100.32,-0.0805
31014,100.152,-0.082
31015,100.082,-0.0835
31016,100.143,-0.0847
31017,100.317,-0.0862
31018,100.577,-0.0862
31019,100.886,-0.0862
31020,101.139,-0.0862
31021,101.211,-0.0862
31022,101.119,-0.0865
31023,101.025,-0.087
31024,101.064,-0.0875
31025,101.228,-0.0878
31026,101.374,-0.0883
31027,101.356,-0.089
31028,101.204,-0.0897
31029,101.116,-0.0897
31030,101.233,-0.0907
31031,101.486,-0.0917
31032,101.662,-0.0925
31033,101.586,-0.0935
31034,101.297,-0.0948
31035,101.034,-0.096
31036,101.021,-0.0965
31037,101.259,-0.097
31038,101.534,-0.0972
31039,101.616,-0.0978
31040,101.454,-0.0985
31041,101.15,-0.0995
31042,100.814,-0.1
31043,100.528,-0.1005
31044,100.386,-0.1007
31045,100.473,-0.101
31046,100.74,-0.1007
31047,100.972,-0.0997
31048,100.971,-0.099
31049,100.728,-0.098
31050,100.391,-0.097
31051,100.098,-0.096
31052,99.868,-0.0955
31053,99.623,-0.095
31054,99.322,-0.0945
31055,99.064,-0.094
31056,98.986,-0.0938
31057,99.078,-0.0935
31058,99.175,-0.0945
31059,99.126,-0.096
31060,98.891,-0.0975
31061,98.577,-0.0992
31062,98.35,-0.1007
31063,98.273,-0.1027
31064,98.276,-0.105
31065,98.285,-0.1073
31066,98.286,-0.1087
31067,98.284,-0.1085
31068,98.277,-0.1082
31069,98.276,-0.108
31070,98.344,-0.1068
31071,98.569,-0.1053
31072,98.967,-0.1035
31073,99.425,-0.1012
31074,99.746,-0.0988
31075,99.812,-0.0963
31076,99.707,-0.0948
31077,99.628,-0.0932
31078,99.695,-0.0915
31079,99.863,-0.0895
31080,99.95,-0.0865
31081,99.788,-0.0835
31082,99.399,-0.0805
31083,99.004,-0.0775
31084,98.835,-0.0745
31085,98.932,-0.0715
31086,99.103,-0.069
31087,99.108,-0.0663
31088,98.878,-0.0635
31089,98.547,-0.0607
31090,98.327,-0.0575
31091,98.33,-0.0542
31092,98.502,-0.0503
31093,98.693,-0.0462
31094,98.774,-0.0425
31095,98.702,-0.0387
31096,98.529,-0.035
31097,98.368,-0.031
31098,98.283,-0.0272
31099,98.191,-0.023
31100,97.957,-0.0187
31101,97.547,-0.0145
31102,97.062,-0.0105
31103,96.65,-0.0057
31104,96.419,-0.001
31105,96.358,0.0037
31106,96.297,0.007
31107,95.997,0.0092
31108,95.364,0.0115
31109,94.625,0.014
31110,94.204,0.0165
31111,94.379,0.019
31112,95.044,0.0212
31113,95.804,0.0222
31114,96.293,0.0232
31115,96.438,0.024
31116,96.397,0.0248
31117,96.338,0.0248
31118,96.372,0.0245
31119,96.583,0.024
31120,96.999,0.024
31121,97.582,0.024
31122,98.247,0.024
31123,98.884,0.024
31124,99.416,0.0248
31125,99.864,0.0253
31126,100.3,0.0258
31127,100.766,0.0255
31128,101.242,0.0255
31129,101.646,0.0255
31130,101.896,0.025
31131,101.984,0.0253
31132,101.915,0.0258
31133,101.68,0.0262
31134,101.345,0.0253
31135,101.087,0.0243
31136,101.064,0.0243
31137,101.283,0.024
31138,101.598,0.023
31139,101.835,0.022
31140,101.919,0.0212
31141,101.848,0.0198
31142,101.618,0.0182
31143,101.3,0.0168
31144,101.085,0.0172
31145,101.097,0.0178
31146,101.184,0.0192
31147,101.041,0.021
31148,100.596,0.0232
31149,100.173,0.0253
31150,100.169,0.0278
31151,100.662,0.0305
31152,101.346,0.0323
31153,101.84,0.035
31154,102.011,0.0377
31155,101.94,0.041
31156,101.677,0.044
31157,101.181,0.0478
31158,100.464,0.0517
31159,99.665,0.0558
31160,98.977,0.0595
31161,98.52,0.0635
31162,98.293,0.0675
31163,98.216,0.0725
31164,98.2,0.0762
31165,98.194,0.0803
31166,98.192,0.0835
31167,98.203,0.0872
31168,98.221,0.0905
31169,98.239,0.0948
31170,98.247,0.099
31171,98.248,0.1025
31172,98.248,0.1053
31173,98.25,0.108
31174,98.252,0.1125
31175,98.252,0.1162
31176,98.246,0.1192
31177,98.236,0.1223
31178,98.24,0.1263
31179,98.323,0.1305
31180,98.565,0.1345
31181,98.972,0.1393
31182,99.438,0.1437
31183,99.818,0.1483
31184,100.023,0.151
31185,100.074,0.1537
31186,100.062,0.157
31187,100.047,0.1598
31188,100.051,0.1623
31189,100.134,0.164
31190,100.381,0.1653
31191,100.811,0.1657
31192,101.304,0.1672
31193,101.634,0.1683
31194,101.628,0.1698
31195,101.36,0.1703
31196,101.117,0.171
31197,101.114,0.1715
31198,101.296,0.1723
31199,101.404,0.1728
31200,101.229,0.1715
31201,100.813,0.17
31202,100.383,0.168
31203,100.122,0.165
31204,100.043,0.1628
31205,100.055,0.1605
31206,100.083,0.1588
31207,100.092,0.1578
31208,100.02,0.157
31209,99.781,0.1547
31210,99.382,0.1525
31211,98.985,0.1492
31212,98.817,0.1467
31213,98.985,0.1442
31214,99.367,0.1425
31215,99.687,0.1415
31216,99.765,0.14
31217,99.674,0.1378
31218,99.608,0.1353
31219,99.677,0.1325
31220,99.841,0.13
31221,100,0.1275
31222,100.148,0.125
31223,100.404,0.1225
31224,100.821,0.1197
31225,101.246,0.1165
31226,101.432,0.1128
31227,101.257,0.1087
31228,100.826,0.1043
31229,100.399,0.1005
31230,100.204,0.0968
31231,100.286,0.0935
31232,100.547,0.0897
31233,100.872,0.0862
31234,101.136,0.0823
31235,101.203,0.0795
31236,101.028,0.0762
31237,100.688,0.0732
31238,100.322,0.07
31239,100.083,0.0668
31240,100.077,0.0645
31241,100.311,0.0625
31242,100.725,0.0615
31243,101.272,0.0612
31244,101.918,0.06
31245,102.554,0.0595
31246,102.969,0.0593
31247,102.992,0.0583
31248,102.651,0.0572
31249,102.163,0.0575
31250,101.762,0.0578
31251,101.536,0.059
31252,101.385,0.061
31253,101.16,0.063
31254,100.841,0.0643
31255,100.541,0.066
31256,100.377,0.068
31257,100.39,0.0692
31258,100.516,0.0708
31259,100.6,0.0723
31260,100.461,0.0735
31261,99.963,0.0747
31262,99.137,0.0765
31263,98.227,0.0775
31264,97.563,0.0785
31265,97.345,0.08
31266,97.475,0.0815
31267,97.615,0.083
31268,97.489,0.0847
31269,97.113,0.0865
31270,96.731,0.088
31271,96.572,0.0895
31272,96.657,0.0915
31273,96.822,0.0932
31274,96.889,0.095
31275,96.801,0.096
31276,96.613,0.0975
31277,96.44,0.0988
31278,96.357,0.1
31279,96.348,0.1012
31280,96.359,0.102
31281,96.362,0.1025
31282,96.374,0.1025
31283,96.457,0.102
31284,96.683,0.1015
31285,97.083,0.1002
31286,97.614,0.099
31287,98.148,0.0972
31288,98.523,0.0955
31289,98.721,0.093
31290,98.941,0.0895
31291,99.408,0.086
31292,100.146,0.0818
31293,100.898,0.0775
31294,101.309,0.0732
31295,101.286,0.0685
31296,101.101,0.0643
31297,101.083,0.0617
31298,101.321,0.0593
31299,101.66,0.0567
31300,101.889,0.0535
31301,101.956,0.0505
31302,102.023,0.0473
31303,102.333,0.0447
31304,102.975,0.0432
31305,103.726,0.042
31306,104.149,0.0408
31307,103.906,0.0395
31308,103.017,0.0385
31309,101.862,0.0375
31310,100.895,0.0358
31311,100.33,0.034
31312,100.122,0.0323
31313,100.165,0.0305
31314,100.354,0.03
31315,100.531,0.0298
31316,100.516,0.03
31317,100.196,0.0305
31318,99.627,0.0312
31319,98.999,0.0323
31320,98.452,0.0335
31321,97.984,0.035
31322,97.585,0.0365
31323,97.338,0.0385
31324,97.34,0.0405
31325,97.585,0.0425
31326,97.902,0.0445
31327,98.061,0.0467
31328,97.999,0.0493
31329,97.85,0.0515
31330,97.725,0.0548
31331,97.589,0.0585
31332,97.37,0.062
31333,97.054,0.0655
31334,96.718,0.069
31335,96.483,0.072
31336,96.399,0.0755
31337,96.399,0.0788
31338,96.384,0.082
31339,96.299,0.0852
31340,96.208,0.0892
31341,96.274,0.093
31342,96.555,0.0968
31343,96.891,0.1007
31344,96.998,0.1035
31345,96.672,0.106
31346,96.01,0.109
31347,95.375,0.112
31348,95.047,0.1148
31349,94.992,0.1175
31350,95.014,0.1215
31351,94.956,0.1255
31352,94.796,0.1298
31353,94.629,0.134
31354,94.538,0.137
31355,94.512,0.14
31356,94.516,0.1432
31357,94.596,0.146
31358,94.834,0.148
31359,95.241,0.15
31360,95.721,0.1515
31361,96.13,0.1532
31362,96.363,0.155
31363,96.44,0.1557
31364,96.512,0.157
31365,96.731,0.1578
31366,97.125,0.1585
31367,97.589,0.1595
31368,97.97,0.1598
31369,98.183,0.1603
31370,98.305,0.16
31371,98.506,0.1598
31372,98.885,0.1595
31373,99.43,0.1593
31374,100.059,0.159
31375,100.625,0.1585
31376,101.021,0.157
31377,101.261,0.1555
31378,101.42,0.1527
31379,101.564,0.1515
31380,101.724,0.1502
31381,101.855,0.149
31382,101.905,0.1475
31383,101.892,0.145
31384,101.888,0.1427
31385,101.974,0.1405
31386,102.223,0.138
31387,102.638,0.1355
31388,103.124,0.133
31389,103.522,0.1315
31390,103.668,0.1288
31391,103.486,0.126
31392,103.073,0.123
31393,102.67,0.1195
31394,102.51,0.1157
31395,102.625,0.112
31396,102.811,0.107
31397,102.82,0.1037
31398,102.582,0.101
31399,102.244,0.0983
31400,102.002,0.0958
31401,101.902,0.0927
31402,101.825,0.0897
31403,101.686,0.0875
31404,101.529,0.0852
31405,101.406,0.0825
31406,101.277,0.0798
31407,101.057,0.077
31408,100.666,0.0747
31409,100.165,0.073
31410,99.82,0.071
31411,99.883,0.0685
31412,100.352,0.0645
31413,101.005,0.061
31414,101.585,0.0575
31415,101.971,0.0548
31416,102.213,0.0525
31417,102.37,0.05
31418,102.42,0.0487
31419,102.333,0.0443
31420,102.16,0.0398
31421,102.017,0.0358
31422,101.961,0.032
31423,101.894,0.0287
31424,101.671,0.0255
31425,101.26,0.0225
31426,100.771,0.0192
31427,100.384,0.015
31428,100.239,0.0107
31429,100.272,0.0047
31430,100.226,0.0008
31431,99.899,-0.0032
31432,99.346,-0.0073
31433,98.833,-0.0107
31434,98.604,-0.0145
31435,98.639,-0.0182
31436,98.655,-0.0205
31437,98.386,-0.0235
31438,97.823,-0.0265
31439,97.177,-0.0295
31440,96.677,-0.0335
31441,96.419,-0.0367
31442,96.351,-0.039
31443,96.369,-0.0418
31444,96.403,-0.044
31445,96.412,-0.0452
31446,96.349,-0.0465
31447,96.187,-0.048
31448,95.932,-0.0485
31449,95.626,-0.0495
31450,95.376,-0.0495
31451,95.299,-0.0495
31452,95.381,-0.0475
31453,95.515,-0.046
31454,95.653,-0.0445
31455,95.842,-0.0425
31456,96.208,-0.041
31457,96.858,-0.0393
31458,97.738,-0.0375
31459,98.64,-0.035
31460,99.369,-0.0323
31461,99.839,-0.0302
31462,100.059,-0.0272
31463,100.106,-0.024
31464,100.102,-0.0208
31465,100.157,-0.0178
31466,100.313,-0.015
31467,100.552,-0.0112
31468,100.851,-0.0073
31469,101.174,-0.0025
31470,101.476,0.0008
31471,101.728,0.004
31472,101.894,0.007
31473,101.89,0.01
31474,101.672,0.0142
31475,101.335,0.0185
31476,101.081,0.0208
31477,101.067,0.0225
31478,101.299,0.0243
31479,101.624,0.026
31480,101.856,0.028
31481,101.938,0.0293
31482,101.944,0.0295
31483,101.944,0.0298
31484,101.95,0.0287
31485,101.946,0.0278
31486,101.934,0.0267
31487,101.928,0.0267
31488,101.918,0.027
31489,101.863,0.0272
31490,101.729,0.0275
31491,101.504,0.028
31492,101.142,0.0278
31493,100.595,0.0275
31494,99.887,0.0287
31495,99.078,0.0295
31496,98.271,0.0298
31497,97.646,0.03
31498,97.333,0.0305
31499,97.286,0.032
31500,97.326,0.0333
31501,97.262,0.0345
31502,97.027,0.0353
31503,96.778,0.036
31504,96.773,0.0365
31505,97.096,0.037
31506,97.568,0.0377
31507,97.902,0.039
31508,97.896,0.0403
31509,97.573,0.0418
31510,97.173,0.0438
31511,96.924,0.0457
31512,96.856,0.0475
31513,96.855,0.0493
31514,96.851,0.0503
31515,96.908,0.0513
31516,97.151,0.0532
31517,97.63,0.0553
31518,98.265,0.0572
31519,98.918,0.0598
31520,99.465,0.0625
31521,99.782,0.0655
31522,99.756,0.0685
31523,99.409,0.0718
31524,98.93,0.0752
31525,98.519,0.0788
31526,98.216,0.0823
31527,97.905,0.0855
31528,97.521,0.0875
31529,97.211,0.0895
31530,97.156,0.0912
31531,97.293,0.0935
31532,97.308,0.0963
31533,96.938,0.099
31534,96.273,0.1002
31535,95.698,0.1007
31536,95.47,0.1017
31537,95.468,0.1027
31538,95.412,0.104
31539,95.17,0.1053
31540,94.839,0.1065
31541,94.596,0.1082
31542,94.501,0.1095
31543,94.503,0.11
31544,94.582,0.1108
31545,94.746,0.1118
31546,94.913,0.1123
31547,94.914,0.1145
31548,94.624,0.1165
31549,94.062,0.118
31550,93.365,0.118
31551,92.667,0.118
31552,92.034,0.1192
31553,91.494,0.1205
31554,91.099,0.1218
31555,90.953,0.1242
31556,91.109,0.1265
31557,91.438,0.1288
31558,91.695,0.131
31559,91.706,0.134
31560,91.464,0.1375
31561,91.123,0.141
31562,90.868,0.1445
31563,90.758,0.147
31564,90.734,0.15
31565,90.782,0.153
31566,91.001,0.156
31567,91.547,0.158
31568,92.517,0.16
31569,93.832,0.162
31570,95.197,0.163
31571,96.261,0.1633
31572,96.868,0.1633
31573,97.15,0.1625
31574,97.354,0.162
31575,97.621,0.1625
31576,97.929,0.163
31577,98.223,0.1635
31578,98.546,0.1628
31579,98.958,0.1615
31580,99.356,0.16
31581,99.525,0.1585
31582,99.353,0.157
31583,98.954,0.1562
31584,98.559,0.1557
31585,98.329,0.1547
31586,98.263,0.1542
31587,98.276,0.151
31588,98.29,0.1478
31589,98.23,0.1447
31590,97.995,0.1432
31591,97.517,0.1412
31592,96.875,0.1385
31593,96.295,0.1358
31594,95.981,0.1332
31595,95.907,0.1298
31596,95.853,0.1265
31597,95.627,0.1233
31598,95.231,0.1207
31599,94.828,0.117
31600,94.592,0.1135
31601,94.589,0.11
31602,94.746,0.1068
31603,94.903,0.1043
31604,94.964,0.1017
31605,95.016,0.0992
31606,95.304,0.0968
31607,96.028,0.094
31608,97.144,0.0915
31609,98.355,0.0897
31610,99.377,0.0895
31611,100.161,0.0892
31612,100.793,0.089
31613,101.235,0.0895
31614,101.322,0.0897
31615,101.043,0.0897
31616,100.683,0.0897
31617,100.602,0.091
31618,100.919,0.093
31619,101.438,0.0955
31620,101.85,0.096
31621,102.019,0.0963
31622,102.029,0.0965
31623,101.948,0.0968
31624,101.718,0.0958
31625,101.309,0.0958
31626,100.811,0.0958
31627,100.381,0.0958
31628,100.138,0.0955
31629,100.089,0.0953
31630,100.112,0.096
31631,99.99,0.0972
31632,99.529,0.0985
31633,98.716,0.0985
31634,97.756,0.0988
31635,96.94,0.0988
31636,96.48,0.0978
31637,96.416,0.0968
31638,96.659,0.095
31639,97.088,0.0932
31640,97.584,0.091
31641,97.999,0.089
31642,98.166,0.0867
31643,98.008,0.0845
31644,97.599,0.0815
31645,97.108,0.0785
31646,96.701,0.0755
31647,96.475,0.0732
31648,96.415,0.0708
31649,96.411,0.0668
31650,96.338,0.0625
31651,96.163,0.058
31652,95.972,0.0535
31653,95.879,0.049
31654,95.95,0.0445
31655,96.183,0.0395
31656,96.497,0.0342
31657,96.805,0.0278
31658,97.104,0.021
31659,97.433,0.0142
31660,97.825,0.0087
31661,98.313,0.0032
31662,98.87,-0.0023
31663,99.387,-0.0077
31664,99.783,-0.0123
31665,100.094,-0.0175
31666,100.419,-0.0232
31667,100.766,-0.0285
31668,101.002,-0.0333
31669,100.983,-0.039
31670,100.72,-0.0457
31671,100.385,-0.0525
31672,100.152,-0.0593
31673,100.019,-0.0648
31674,99.882,-0.0708
31675,99.715,-0.0765
31676,99.559,-0.0823
31677,99.457,-0.088
31678,99.449,-0.0938
31679,99.544,-0.0997
31680,99.705,-0.1053
31681,99.821,-0.111
31682,99.68,-0.1165
31683,99.119,-0.1205
31684,98.232,-0.1238
31685,97.315,-0.127
31686,96.666,-0.1308
31687,96.435,-0.1348
31688,96.543,-0.1388
31689,96.748,-0.1412
31690,96.847,-0.1427
31691,96.78,-0.144
31692,96.609,-0.1452
31693,96.448,-0.146
31694,96.371,-0.1467
31695,96.355,-0.1462
31696,96.348,-0.146
31697,96.339,-0.1457
31698,96.333,-0.1452
31699,96.334,-0.1445
31700,96.339,-0.142
31701,96.346,-0.1393
31702,96.365,-0.136
31703,96.435,-0.1327
31704,96.603,-0.1295
31705,96.916,-0.1263
31706,97.374,-0.1225
31707,97.859,-0.1185
31708,98.228,-0.1148
31709,98.466,-0.1087
31710,98.688,-0.1032
31711,99.001,-0.0978
31712,99.414,-0.0922
31713,99.816,-0.0867
31714,100.063,-0.0813
31715,100.076,-0.076
31716,99.85,-0.0695
31717,99.438,-0.0633
31718,98.952,-0.057
31719,98.539,-0.0503
31720,98.303,-0.044
31721,98.234,-0.0375
31722,98.242,-0.031
31723,98.259,-0.026
31724,98.27,-0.0208
31725,98.266,-0.0158
31726,98.255,-0.0103
31727,98.316,-0.0045
31728,98.593,0.0015
31729,99.148,0.0067
31730,99.87,0.011
31731,100.522,0.0152
31732,100.857,0.0195
31733,100.747,0.0232
31734,100.258,0.027
31735,99.58,0.0298
31736,98.926,0.033
31737,98.465,0.0362
31738,98.252,0.039
31739,98.205,0.0418
31740,98.145,0.0438
31741,97.924,0.0457
31742,97.524,0.0465
31743,97.053,0.0465
31744,96.654,0.0465
31745,96.42,0.0465
31746,96.347,0.0465
31747,96.356,0.046
31748,96.378,0.0455
31749,96.382,0.0432
31750,96.376,0.0415
31751,96.427,0.0395
31752,96.656,0.0375
31753,97.137,0.0355
31754,97.78,0.0335
31755,98.363,0.031
31756,98.731,0.0287
31757,98.934,0.0267
31758,99.137,0.0248
31759,99.512,0.0225
31760,100.153,0.0205
31761,101.021,0.018
31762,101.973,0.015
31763,102.856,0.0125
31764,103.556,0.0092
31765,104.022,0.0063
31766,104.271,0.0035
31767,104.318,0.0008
31768,104.123,-0.002
31769,103.742,-0.0047
31770,103.521,-0.0075
31771,103.958,-0.0107
31772,105.302,-0.014
31773,107.341,-0.0172
31774,109.508,-0.0202
31775,111.191,-0.023
31776,112.113,-0.0258
31777,112.445,-0.0282
31778,112.454,-0.03
31779,112.07,-0.032
31780,110.931,-0.034
31781,108.873,-0.0362
31782,106.282,-0.0377
31783,103.927,-0.0385
31784,102.449,-0.039
31785,101.907,-0.0398
31786,101.816,-0.0405
31787,101.651,-0.0408
31788,101.191,-0.041
31789,100.468,-0.0405
31790,99.657,-0.0395
31791,99.018,-0.0385
31792,98.764,-0.0375
31793,98.927,-0.0367
31794,99.396,-0.0358
31795,100.028,-0.0342
31796,100.749,-0.0333
31797,101.537,-0.0325
31798,102.29,-0.032
31799,102.801,-0.0315
31800,102.884,-0.0302
31801,102.487,-0.029
31802,101.797,-0.0275
31803,101.246,-0.0265
31804,101.238,-0.026
31805,101.875,-0.0255
31806,102.895,-0.0253
31807,103.796,-0.025
31808,104.155,-0.0253
31809,103.976,-0.0255
31810,103.589,-0.0258
31811,103.273,-0.0255
31812,103.076,-0.0253
31813,102.879,-0.025
31814,102.531,-0.025
31815,101.988,-0.025
31816,101.36,-0.0258
31817,100.797,-0.0267
31818,100.388,-0.028
31819,100.166,-0.0293
31820,100.105,-0.0307
31821,100.123,-0.0323
31822,100.127,-0.0338
31823,100.047,-0.036
31824,99.873,-0.0377
31825,99.691,-0.0393
31826,99.617,-0.0408
31827,99.699,-0.0425
31828,99.881,-0.0445
31829,100.043,-0.0465
31830,100.118,-0.049
31831,100.186,-0.0513
31832,100.383,-0.0535
31833,100.765,-0.0555
31834,101.312,-0.0578
31835,101.956,-0.06
31836,102.535,-0.0628
31837,102.865,-0.0655
31838,102.87,-0.068
31839,102.617,-0.0705
31840,102.283,-0.0735
31841,102.031,-0.0762
31842,101.869,-0.079
31843,101.695,-0.0818
31844,101.444,-0.0838
31845,101.135,-0.0857
31846,100.876,-0.0878
31847,100.807,-0.0897
31848,100.981,-0.0912
31849,101.32,-0.093
31850,101.668,-0.095
31851,101.873,-0.097
31852,101.933,-0.0995
31853,102.058,-0.102
31854,102.444,-0.1045
31855,103.02,-0.107
31856,103.502,-0.1092
31857,103.669,-0.111
31858,103.55,-0.1128
31859,103.39,-0.1145
31860,103.406,-0.1162
31861,103.566,-0.1182
31862,103.658,-0.1202
31863,103.563,-0.1212
31864,103.388,-0.123
31865,103.312,-0.1242
31866,103.405,-0.1258
31867,103.588,-0.1273
31868,103.664,-0.1285
31869,103.488,-0.13
31870,103.136,-0.131
31871,102.807,-0.1318
31872,102.59,-0.1325
31873,102.395,-0.1335
31874,102.062,-0.1345
31875,101.509,-0.1355
31876,100.808,-0.136
31877,100.09,-0.1363
31878,99.44,-0.136
31879,98.906,-0.1358
31880,98.511,-0.1358
31881,98.213,-0.1358
31882,97.909,-0.1358
31883,97.595,-0.1355
31884,97.446,-0.135
31885,97.609,-0.1348
31886,97.964,-0.1342
31887,98.223,-0.1337
31888,98.204,-0.1335
31889,97.963,-0.1337
31890,97.703,-0.1327
31891,97.537,-0.1318
31892,97.39,-0.1305
31893,97.219,-0.1288
31894,97.153,-0.127
31895,97.309,-0.1253
31896,97.624,-0.1228
31897,97.892,-0.1215
31898,97.888,-0.1202
31899,97.561,-0.1187
31900,97.078,-0.117
31901,96.657,-0.1155
31902,96.433,-0.114
31903,96.442,-0.113
31904,96.608,-0.112
31905,96.779,-0.1108
31906,96.847,-0.109
31907,96.843,-0.1075
31908,96.905,-0.1058
31909,97.151,-0.1048
31910,97.549,-0.103
31911,97.928,-0.1015
31912,98.155,-0.1
31913,98.297,-0.0978
31914,98.528,-0.0965
31915,98.921,-0.0953
31916,99.384,-0.0932
31917,99.764,-0.0912
31918,99.963,-0.0897
31919,100.013,-0.0883
31920,100.071,-0.087
31921,100.313,-0.086
31922,100.819,-0.085
31923,101.497,-0.0835
31924,102.092,-0.0823
31925,102.319,-0.0803
31926,102.082,-0.0785
31927,101.568,-0.0767
31928,101.081,-0.075
31929,100.775,-0.0718
31930,100.602,-0.07
31931,100.477,-0.0682
31932,100.469,-0.066
31933,100.717,-0.0643
31934,101.147,-0.0622
31935,101.446,-0.0602
31936,101.356,-0.0595
31937,100.919,-0.058
31938,100.421,-0.0565
31939,100.113,-0.0553
31940,99.971,-0.053
31941,99.83,-0.0503
31942,99.68,-0.0485
31943,99.688,-0.0465
31944,100.001,-0.0445
31945,100.589,-0.0432
31946,101.245,-0.0427
31947,101.721,-0.042
31948,101.881,-0.0423
31949,101.781,-0.0418
31950,101.595,-0.0425
31951,101.437,-0.0432
31952,101.278,-0.0435
31953,101.045,-0.0443
31954,100.722,-0.044
31955,100.386,-0.0445
31956,100.161,-0.0457
31957,100.088,-0.047
31958,100.087,-0.0483
31959,100.095,-0.0495
31960,100.166,-0.0505
31961,100.404,-0.0513
31962,100.811,-0.052
31963,101.22,-0.0535
31964,101.39,-0.055
31965,101.212,-0.057
31966,100.803,-0.059
31967,100.39,-0.061
31968,100.073,-0.063
31969,99.764,-0.0658
31970,99.353,-0.068
31971,98.886,-0.0705
31972,98.57,-0.073
31973,98.575,-0.0755
31974,98.817,-0.0793
31975,99.047,-0.083
31976,99.184,-0.0845
31977,99.401,-0.0857
31978,99.897,-0.087
31979,100.651,-0.0883
31980,101.336,-0.0902
31981,101.522,-0.0922
31982,101.034,-0.0932
31983,100.059,-0.094
31984,98.988,-0.094
31985,98.231,-0.094
31986,97.992,-0.0932
31987,98.158,-0.0935
31988,98.511,-0.0945
31989,98.936,-0.0955
31990,99.357,-0.0965
31991,99.621,-0.0975
31992,99.536,-0.099
31993,99.046,-0.1005
31994,98.378,-0.104
31995,97.873,-0.1068
31996,97.614,-0.1087
31997,97.286,-0.1108
31998,96.431,-0.1125
31999,94.804,-0.114
32000,92.442,-0.1157
32001,89.499,-0.1172
32002,86.224,-0.1192
32003,83.045,-0.1212
32004,80.448,-0.1228
32005,78.757,-0.1245
32006,77.986,-0.126
32007,77.828,-0.128
32008,77.88,-0.1303
32009,77.922,-0.1325
32010,77.93,-0.1348
32011,77.93,-0.1365
32012,77.916,-0.1383
32013,77.841,-0.14
32014,77.735,-0.1405
32015,78.01,-0.1412
32016,79.482,-0.1435
32017,82.741,-0.146
32018,84.3,-0.1468
32019,85.858,-0.1477
32020,87.417,-0.1485
32022,92.211,-0.1515
32023,95.717,-0.1542
32024,97.352,-0.157
32025,97.637,-0.1598
32026,97.578,-0.1628
32027,97.836,-0.1662
32028,98.461,-0.1698
32029,99.19,-0.1735
32030,99.755,-0.176
32031,100.051,-0.177
32032,100.203,-0.178
32033,100.423,-0.179
32034,100.741,-0.1805
32035,100.984,-0.182
32036,100.98,-0.1835
32037,100.719,-0.1832
32038,100.37,-0.1825
32039,100.193,-0.1825
32040,100.347,-0.1825
32041,100.764,-0.1827
32042,101.199,-0.1832
32043,101.392,-0.1835
32044,101.222,-0.184
32045,100.802,-0.184
32046,100.379,-0.1832
32047,100.132,-0.1827
32048,100.066,-0.182
32049,100.081,-0.181
32050,100.097,-0.1815
32051,100.097,-0.1818
32052,100.088,-0.182
32053,100.079,-0.181
32054,100.07,-0.1802
32055,100.064,-0.1797
32056,100.061,-0.1792
32057,100.062,-0.179
32058,100.071,-0.1797
32059,100.088,-0.18
32060,100.108,-0.1802
32061,100.127,-0.1805
32062,100.143,-0.1808
32063,100.135,-0.1815
32064,100.05,-0.1822
32065,99.87,-0.183
32066,99.696,-0.1825
32067,99.694,-0.1822
32068,99.925,-0.1818
32069,100.283,-0.1813
32070,100.595,-0.182
32071,100.758,-0.1827
32072,100.764,-0.1835
32073,100.668,-0.183
32074,100.511,-0.182
32075,100.319,-0.1813
32076,100.143,-0.1805
32077,100.052,-0.1797
32078,100.146,-0.1797
32079,100.552,-0.1797
32080,101.223,-0.1797
32081,101.814,-0.1787
32082,101.947,-0.1777
32083,101.53,-0.1767
32084,100.828,-0.1762
32085,100.257,-0.1757
32086,100.034,-0.176
32087,100.041,-0.1765
32088,100.089,-0.1767
32089,100.115,-0.1775
32090,100.127,-0.176
32091,100.131,-0.1745
32092,100.131,-0.173
32093,100.131,-0.173
32094,100.13,-0.1728
32095,100.12,-0.1725
32096,100.095,-0.1723
32097,100.08,-0.172
32098,100.133,-0.1705
32099,100.273,-0.1693
32100,100.429,-0.1683
32101,100.573,-0.1675
32102,100.821,-0.1662
32103,101.309,-0.165
32104,101.992,-0.1638
32105,102.58,-0.1628
32106,102.736,-0.1638
32107,102.39,-0.1648
32108,101.793,-0.166
32109,101.238,-0.1655
32110,100.833,-0.164
32111,100.536,-0.1625
32112,100.306,-0.1615
32113,100.157,-0.162
32114,100.092,-0.1625
32115,100.013,-0.1628
32116,99.777,-0.162
32117,99.355,-0.161
32118,98.868,-0.1598
32119,98.533,-0.1585
32120,98.557,-0.158
32121,98.996,-0.1585
32122,99.673,-0.159
32123,100.218,-0.1588
32124,100.24,-0.158
32125,99.54,-0.1573
32126,98.228,-0.1562
32127,96.654,-0.155
32128,95.255,-0.1547
32129,94.398,-0.1547
32130,94.255,-0.1542
32131,94.773,-0.1537
32132,95.7,-0.1532
32133,96.627,-0.1532
32134,97.191,-0.1535
32135,97.338,-0.1537
32136,97.301,-0.153
32137,97.356,-0.1522
32138,97.672,-0.1515
32139,98.236,-0.1507
32140,98.881,-0.1497
32141,99.44,-0.1485
32142,99.837,-0.1473
32143,100.052,-0.146
32144,100.115,-0.1445
32145,100.106,-0.1427
32146,100.093,-0.1403
32147,100.092,-0.138
32148,100.096,-0.1358
32149,100.118,-0.135
32150,100.202,-0.1342
32151,100.361,-0.134
32152,100.521,-0.1325
32153,100.58,-0.1308
32154,100.496,-0.129
32155,100.319,-0.1273
32156,100.16,-0.1265
32157,100.097,-0.1258
32158,100.119,-0.1247
32159,100.145,-0.1238
32160,100.031,-0.122
32161,99.574,-0.12
32162,98.583,-0.118
32163,97.05,-0.1167
32164,95.379,-0.1155
32165,94.293,-0.1143
32166,94.31,-0.1133
32167,95.381,-0.112
32168,96.984,-0.11
32169,98.456,-0.1073
32170,99.415,-0.1053
32171,99.894,-0.1032
32172,100.084,-0.1005
32173,100.12,-0.097
32174,100.083,-0.0935
32175,100.053,-0.0902
32176,100.124,-0.088
32177,100.362,-0.0857
32178,100.703,-0.0835
32179,100.961,-0.0803
32180,100.963,-0.077
32181,100.644,-0.0737
32182,100.079,-0.0703
32183,99.444,-0.0673
32184,98.892,-0.0645
32185,98.492,-0.0617
32186,98.278,-0.0602
32187,98.273,-0.0585
32188,98.511,-0.0567
32189,99.064,-0.0548
32190,99.927,-0.0527
32191,100.838,-0.0503
32192,101.402,-0.0485
32193,101.408,-0.0478
32194,100.979,-0.047
32195,100.454,-0.0462
32196,100.118,-0.046
32197,100.028,-0.0457
32198,100.119,-0.0457
32199,100.373,-0.045
32200,100.779,-0.0443
32201,101.244,-0.0438
32202,101.63,-0.0438
32203,101.856,-0.0445
32204,101.93,-0.0452
32205,101.868,-0.046
32206,101.634,-0.0467
32207,101.242,-0.0478
32208,100.841,-0.0487
32209,100.603,-0.0503
32210,100.556,-0.052
32211,100.573,-0.0537
32212,100.495,-0.0572
32213,100.247,-0.0602
32214,99.907,-0.0633
32215,99.657,-0.066
32216,99.645,-0.0687
32217,99.887,-0.0715
32218,100.247,-0.0742
32219,100.515,-0.078
32220,100.541,-0.0818
32221,100.307,-0.0855
32222,99.899,-0.0897
32223,99.481,-0.0935
32224,99.229,-0.0972
32225,99.236,-0.101
32226,99.41,-0.1035
32227,99.501,-0.106
32228,99.329,-0.1085
32229,99.005,-0.1115
32230,98.834,-0.1145
32231,98.998,-0.1172
32232,99.404,-0.12
32233,99.814,-0.1218
32234,100.062,-0.1238
32235,100.142,-0.1258
32236,100.139,-0.1273
32237,100.121,-0.1288
32238,100.107,-0.1303
32239,100.098,-0.1325
32240,100.094,-0.1348
32241,100.111,-0.1365
32242,100.193,-0.1378
32243,100.35,-0.1383
32244,100.503,-0.1388
32245,100.542,-0.1393
32246,100.442,-0.1398
32247,100.339,-0.1403
32248,100.438,-0.1407
32249,100.728,-0.1412
32250,100.846,-0.1415
32251,100.395,-0.1417
32252,99.411,-0.1407
32253,98.422,-0.1403
32254,98.01,-0.1395
32255,98.299,-0.1388
32256,98.896,-0.138
32257,99.317,-0.1373
32258,99.395,-0.1365
32259,99.267,-0.136
32260,99.103,-0.1355
32261,98.995,-0.1348
32262,98.993,-0.1337
32263,99.086,-0.1327
32264,99.16,-0.1315
32265,99.099,-0.1303
32266,98.93,-0.129
32267,98.842,-0.1275
32268,99.012,-0.126
32269,99.399,-0.1245
32270,99.781,-0.123
32271,100.012,-0.122
32272,100.149,-0.121
32273,100.308,-0.12
32274,100.477,-0.1182
32275,100.573,-0.1165
32276,100.585,-0.1148
32277,100.577,-0.1133
32278,100.587,-0.1118
32279,100.58,-0.1103
32280,100.502,-0.1087
32281,100.416,-0.1077
32282,100.482,-0.1068
32283,100.726,-0.1058
32284,100.951,-0.1048
32285,100.948,-0.1037
32286,100.702,-0.1027
32287,100.372,-0.1017
32288,100.145,-0.1007
32289,100.071,-0.0997
32290,100.073,-0.0992
32291,100.076,-0.0988
32292,100.069,-0.0985
32293,100.075,-0.0985
32294,100.159,-0.0985
32295,100.402,-0.0988
32296,100.814,-0.099
32297,101.301,-0.0997
32298,101.707,-0.1007
32299,101.879,-0.1017
32300,101.722,-0.1032
32301,101.17,-0.1053
32302,100.17,-0.1077
32303,98.757,-0.1105
32304,97.048,-0.1135
32305,95.116,-0.117
32306,93.024,-0.1215
32307,90.879,-0.1268
32308,88.721,-0.1332
32309,86.436,-0.1405
32310,83.828,-0.1488
32311,80.755,-0.157
32312,77.307,-0.1657
32313,73.899,-0.1747
32314,70.908,-0.1845
32315,68.153,-0.1948
32316,64.993,-0.2053
32317,60.98,-0.216
32318,56.199,-0.2273
32319,51.128,-0.2387
32320,46.285,-0.2505
32321,41.916,-0.2625
32322,38.024,-0.2747
32323,34.654,-0.2873
32324,31.896,-0.3008
32325,29.615,-0.3152
32326,27.464,-0.3307
32327,25.211,-0.3458
32328,22.951,-0.3618
32329,21.001,-0.3788
32330,19.625,-0.396
32331,18.816,-0.4145
32332,18.331,-0.4343
32333,17.904,-0.4548
32334,17.392,-0.4783
32335,16.781,-0.5045
32336,16.155,-0.5315
32337,15.613,-0.5593
32338,15.228,-0.5862
32339,15.021,-0.6108
32340,14.897,-0.6295
32341,14.669,-0.6442
32342,14.194,-0.656
32343,13.479,-0.6665
32344,12.658,-0.6763
32345,11.867,-0.6853
32346,11.163,-0.693
32347,10.553,-0.7089
32348,10.038,-0.7089
32349,9.596,-0.7089
32350,9.157,-0.7089
32351,8.62,-0.7089
32352,7.915,-0.7089
32353,7.109,-0.7089
32354,6.383,-0.7089
32355,5.869,-0.7089
32356,5.617,-0.7089
32357,5.683,-0.7089
32358,6.154,-0.7089
32359,7.054,-0.7089
32360,8.254,-0.7089
32361,9.477,-0.7089
32362,10.426,-0.7089
32363,10.976,-0.7248
32364,11.2,-0.7208
32365,11.246,-0.7157
32366,11.232,-0.7105
32367,11.217,-0.7052
32368,11.213,-0.6985
32369,11.216,-0.69
32370,11.212,-0.681
32371,11.137,-0.6713
32372,10.907,-0.4051
32373,10.489,-0.4051
32374,9.928,-0.4051
32375,9.357,-0.4051
32376,8.961,-0.4051
32377,8.837,-0.4051
32378,8.938,-0.4051
32379,9.132,-0.4051
32380,9.295,-0.4051
32381,9.361,-0.4051
32382,9.353,-0.4051
32383,9.342,-0.4051
32384,9.415,-0.4051
32385,9.655,-0.4051
32386,10.054,-0.4051
32387,10.452,-0.4051
32388,10.626,-0.4051
32389,10.458,-0.4051
32390,9.997,-0.4051
32391,9.378,-0.4051
32392,8.693,-0.4051
32393,7.934,-0.4051
32394,7.071,-0.4051
32395,6.144,-0.4051
32396,5.262,-0.4051
32397,4.553,-0.4051
32398,4.091,-0.4051
32399,3.858,-0.4051
32400,3.712,-0.4051
32401,3.469,-0.4051
32402,3.071,-0.4051
32403,2.669,-0.4051
32404,2.497,-0.4051
32405,2.663,-0.4051
32406,3.059,-0.4051
32407,3.461,-0.4051
32408,3.711,-0.4051
32409,3.789,-0.4051
32410,3.721,-0.4051
32411,3.493,-0.4051
32412,3.112,-0.4051
32413,2.652,-0.4051
32414,2.17,-0.4051
32415,1.641,-0.4051
32416,0,-0.4051
32472,0,-0.4051
32473,1.786,-0.4051
32474,3.009,-0.4051
32475,4.115,-0.4051
32476,4.977,-0.4051
32477,5.67,-0.4051
32478,6.278,-0.4051
32479,6.8,-0.4051
32480,7.193,-0.4051
32481,7.42,-0.4051
32482,7.502,-0.4051
32483,7.507,-0.4051
32484,7.489,-0.4051
32485,7.479,-0.4051
32486,7.544,-0.4051
32487,7.767,-0.4051
32488,8.17,-0.4051
32489,8.719,-0.4051
32490,9.356,-0.4051
32491,9.998,-0.4051
32492,10.554,-0.4051
32493,10.96,-0.4051
32494,11.18,-0.1389
32495,11.244,-0.1224
32496,11.245,-0.1106
32497,11.234,-0.1009
32498,11.161,-0.0994
32499,10.94,-0.0837
32500,10.551,-0.0837
32501,10.019,-0.0837
32502,9.328,-0.0837
32503,8.394,-0.0837
32504,7.141,-0.0837
32505,5.636,-0.0837
32506,4.129,-0.0837
32507,2.859,-0.0837
32508,1.86,-0.0837
32509,0,-0.0837
32519,0,-0.0837
32520,1.72,-0.0837
32521,2.726,-0.0837
32522,3.513,-0.0837
32523,4.062,-0.0837
32524,4.513,-0.0837
32525,4.945,-0.0837
32526,5.309,-0.0837
32527,5.527,-0.0837
32528,5.6,-0.0837
32529,5.606,-0.0837
32530,5.624,-0.0837
32531,5.717,-0.0837
32532,5.894,-0.0837
32533,6.079,-0.0837
32534,6.166,-0.0837
32535,6.091,-0.0837
32536,5.838,-0.0837
32537,5.437,-0.0837
32538,4.958,-0.0837
32539,4.48,-0.0837
32540,4.096,-0.0837
32541,3.864,-0.0837
32542,3.713,-0.0837
32543,3.482,-0.0837
32544,3.091,-0.0837
32545,2.615,-0.0837
32546,2.211,-0.0837
32547,2.037,-0.0837
32548,2.184,-0.0837
32549,2.648,-0.0837
32550,3.357,-0.0837
32551,4.166,-0.0837
32552,4.885,-0.0837
32553,5.376,-0.0837
32554,5.621,-0.0837
32555,5.694,-0.0837
32556,5.696,-0.0837
32557,5.686,-0.0837
32558,5.671,-0.0837
32559,5.661,-0.0837
32560,5.722,-0.0837
32561,5.942,-0.0837
32562,6.334,-0.0837
32563,6.806,-0.0837
32564,7.213,-0.0837
32565,7.455,-0.0837
32566,7.54,-0.0837
32567,7.547,-0.0837
32568,7.541,-0.0837
32570,7.533,-0.0837
32571,7.53,-0.0837
32572,7.53,-0.0837
32573,7.523,-0.0837
32574,7.524,-0.0837
32575,7.603,-0.0837
32576,7.83,-0.0837
32577,8.149,-0.0837
32578,8.385,-0.0837
32579,8.383,-0.0837
32580,8.144,-0.0837
32581,7.825,-0.0837
32582,7.591,-0.0837
32583,7.433,-0.0837
32584,7.198,-0.0837
32585,6.805,-0.0837
32586,6.335,-0.0837
32587,5.93,-0.0837
32588,5.679,-0.0837
32589,5.589,-0.0837
32590,5.655,-0.0837
32591,5.879,-0.0837
32592,6.199,-0.0837
32594,6.833,-0.0837
32595,7.233,-0.0837
32596,7.721,-0.0837
32597,8.147,-0.0837
32598,8.307,-0.0837
32599,8.139,-0.0837
32600,7.814,-0.0837
32601,7.566,-0.0837
32602,7.494,-0.0837
32603,7.575,-0.0837
32604,7.762,-0.0837
32605,7.96,-0.0837
32606,7.988,-0.0837
32607,7.624,-0.0837
32608,6.744,-0.0837
32609,5.455,-0.0837
32610,4.072,-0.0837
32611,2.92,-0.0837
32612,2.202,-0.0837
32613,1.965,-0.0837
32614,2.128,-0.0837
32615,2.547,-0.0837
32616,3.109,-0.0837
32617,3.743,-0.0837
32618,4.386,-0.0837
32619,5.02,-0.0837
32620,5.666,-0.0837
32621,6.299,-0.0837
32622,6.839,-0.0837
32623,7.242,-0.0837
32624,7.547,-0.0837
32625,7.846,-0.0837
32626,8.165,-0.0837
32627,8.39,-0.0837
32628,8.387,-0.0837
32629,8.155,-0.0837
32630,7.849,-0.0837
32631,7.632,-0.0837
32632,7.491,-0.0837
32633,7.255,-0.0837
32634,6.784,-0.0837
32635,6.067,-0.0837
32636,5.182,-0.0837
32637,4.241,-0.0837
32638,3.367,-0.0837
32639,2.666,-0.0837
32640,2.208,-0.0837
32641,1.992,-0.0837
32642,1.931,-0.0837
32643,1.844,-0.0837
32644,0,-0.0837
32651,0,-0.0837
32652,2.308,-0.0837
32653,3.283,-0.0837
32654,4.164,-0.0837
32655,4.93,-0.0837
32656,5.625,-0.0837
32657,6.33,-0.0837
32658,7.121,-0.0837
32659,7.942,-0.0837
32660,8.517,-0.0837
32661,8.461,-0.0837
32662,7.576,-0.0837
32663,6.045,-0.0837
32664,4.34,-0.0837
32665,2.893,-0.0837
32666,1.823,-0.0837
32667,0,-0.0837
32686,0,-0.0837
32687,2.204,-0.0837
32688,4.407,-0.0837
32689,6.883,-0.0837
32690,8.725,-0.0837
32691,9.845,-0.0837
32692,10.518,-0.0837
32693,10.936,-0.0837
32694,11.208,-0.0681
32695,11.487,-0.07
32696,11.948,-0.0718
32697,12.652,-0.0734
32698,13.46,-0.0747
32699,14.105,-0.0758
32700,14.369,-0.0769
32701,14.214,-0.0779
32702,13.747,-0.0788
32703,13.109,-0.0797
32704,12.383,-0.0806
32705,11.587,-0.0811
32706,10.772,-0.1142
32707,10.066,-0.1142
32708,9.594,-0.1142
32709,9.359,-0.1142
32710,9.216,-0.1142
32711,8.995,-0.1142
32712,8.685,-0.1142
32713,8.453,-0.1142
32714,8.462,-0.1142
32715,8.72,-0.1142
32716,9.069,-0.1142
32717,9.321,-0.1142
32718,9.415,-0.1142
32719,9.419,-0.1142
32720,9.401,-0.1142
32721,9.391,-0.1142
32722,9.448,-0.1142
32723,9.679,-0.1142
32724,10.155,-0.1142
32725,10.807,-0.1142
32726,11.406,-0.1473
32727,11.657,-0.1488
32728,11.357,-0.15
32729,10.536,-0.1725
32730,9.463,-0.1725
32731,8.469,-0.1725
32732,7.724,-0.1725
32733,7.177,-0.1725
32734,6.708,-0.1725
32735,6.317,-0.1725
32736,6.164,-0.1725
32737,6.417,-0.1725
32738,7.06,-0.1725
32739,7.865,-0.1725
32740,8.578,-0.1725
32741,9.112,-0.1725
32742,9.558,-0.1725
32743,10.076,-0.1725
32744,10.777,-0.1725
32745,11.663,-0.195
32746,12.621,-0.1968
32747,13.452,-0.1985
32748,13.942,-0.2008
32749,13.94,-0.203
32750,13.389,-0.2055
32751,12.336,-0.2057
32752,10.912,-0.1905
32753,9.316,-0.1905
32754,7.802,-0.1905
32755,6.621,-0.1905
32756,5.911,-0.1905
32757,5.673,-0.1905
32758,5.835,-0.1905
32759,6.315,-0.1905
32760,7.04,-0.1905
32761,7.932,-0.1905
32762,8.889,-0.1905
32763,9.779,-0.1905
32764,10.408,-0.1905
32765,10.57,-0.1905
32766,10.231,-0.1905
32767,9.63,-0.1905
32768,9.117,-0.1905
32769,8.922,-0.1905
32770,9.074,-0.1905
32771,9.483,-0.1905
32772,10.06,-0.1905
32773,10.73,-0.1905
32774,11.384,-0.1752
32775,11.916,-0.1723
32776,12.303,-0.168
32777,12.594,-0.1628
32778,12.831,-0.157
32779,13.004,-0.1515
32780,13.087,-0.1462
32781,13.094,-0.1417
32782,13.069,-0.1378
32783,13.037,-0.1342
32784,13.011,-0.1313
32785,12.999,-0.1285
32786,12.998,-0.126
32787,13.009,-0.1235
32788,13.085,-0.1207
32789,13.324,-0.1177
32790,13.783,-0.1148
32791,14.411,-0.112
32792,15.112,-0.1095
32793,15.848,-0.1075
32794,16.673,-0.1058
32795,17.711,-0.1043
32796,19.109,-0.103
32797,20.919,-0.102
32798,22.996,-0.101
32799,25.015,-0.1002
32800,26.607,-0.0995
32801,27.545,-0.0992
32802,27.843,-0.099
32803,27.668,-0.0988
32804,27.178,-0.0988
32805,26.458,-0.0985
32806,25.579,-0.0983
32807,24.637,-0.097
32808,23.681,-0.0958
32809,22.671,-0.0948
32810,21.577,-0.0935
32811,20.479,-0.0922
32812,19.552,-0.0912
32813,18.957,-0.09
32814,18.692,-0.089
32815,18.504,-0.088
32816,18.056,-0.0875
32817,17.24,-0.0872
32818,16.251,-0.0872
32819,15.405,-0.0872
32820,14.936,-0.0878
32821,14.89,-0.0883
32822,15.144,-0.089
32823,15.501,-0.0897
32824,15.805,-0.0905
32825,16.018,-0.0912
32826,16.229,-0.0915
32827,16.603,-0.0917
32828,17.254,-0.092
32829,18.123,-0.0905
32830,19.01,-0.0888
32831,19.734,-0.087
32832,20.225,-0.085
32833,20.478,-0.0835
32834,20.48,-0.082
32835,20.16,-0.0805
32836,19.501,-0.079
32837,18.684,-0.076
32838,18.024,-0.073
32839,17.704,-0.0697
32840,17.639,-0.0658
32841,17.622,-0.0615
32842,17.528,-0.0572
32843,17.438,-0.053
32844,17.566,-0.0498
32845,18.038,-0.0465
32846,18.808,-0.0432
32847,19.774,-0.0415
32848,20.831,-0.037
32849,21.856,-0.0325
32850,22.747,-0.0282
32851,23.438,-0.0258
32852,23.885,-0.0232
32853,24.092,-0.021
32854,24.152,-0.0187
32855,24.231,-0.0142
32856,24.469,-0.0095
32857,24.884,-0.005
32858,25.357,-0.0005
32859,25.669,0.0045
32860,25.658,0.0097
32861,25.39,0.015
32862,25.138,0.02
32863,25.124,0.0212
32864,25.368,0.0227
32865,25.711,0.0243
32866,25.962,0.0255
32867,26.059,0.027
32868,26.068,0.0285
32869,26.053,0.0285
32870,26.02,0.0285
32871,25.976,0.0307
32872,26.003,0.033
32873,26.281,0.0355
32874,26.978,0.038
32875,28.081,0.0405
32876,29.358,0.0432
32877,30.543,0.0445
32878,31.559,0.0457
32879,32.498,0.047
32880,33.445,0.0465
32881,34.383,0.046
32882,35.241,0.0455
32883,36.013,0.045
32884,36.77,0.0455
32885,37.538,0.046
32886,38.278,0.0465
32887,39.034,0.0473
32888,39.955,0.0452
32889,41.121,0.0432
32890,42.393,0.0413
32891,43.484,0.041
32892,44.192,0.0408
32893,44.567,0.0405
32894,44.797,0.0408
32895,44.958,0.0387
32896,44.937,0.0367
32897,44.61,0.035
32898,44.071,0.0333
32899,43.639,0.031
32900,43.627,0.0287
32901,44.129,0.0265
32902,44.989,0.0245
32903,45.878,0.0262
32904,46.467,0.0278
32905,46.672,0.0293
32906,46.703,0.0307
32907,46.84,0.032
32908,47.22,0.033
32909,47.797,0.0338
32910,48.428,0.0345
32911,49.039,0.033
32912,49.647,0.0315
32913,50.249,0.0287
32914,50.834,0.026
32915,51.456,0.0232
32916,52.157,0.0205
32917,52.866,0.0178
32918,53.429,0.015
32919,53.732,0.0123
32920,53.809,0.0105
32921,53.807,0.0087
32922,53.873,0.0073
32923,54.099,0.0057
32924,54.49,0.0045
32925,54.952,0.0032
32926,55.345,0.002
32927,55.577,0.001
32928,55.663,0
32929,55.665,-0.0005
32930,55.57,-0.001
32931,55.334,-0.0015
32932,55.058,-0.002
32933,54.968,-0.0025
32934,55.22,-0.0035
32935,55.767,-0.0043
32936,56.359,-0.005
32937,56.744,-0.0057
32938,56.891,-0.0065
32939,56.891,-0.0067
32940,56.785,-0.007
32941,56.629,-0.0073
32942,56.534,-0.0075
32943,56.598,-0.0077
32944,56.839,-0.008
32945,57.153,-0.0083
32946,57.39,-0.0085
32947,57.548,-0.0087
32948,57.785,-0.0087
32949,58.241,-0.0092
32950,58.932,-0.0097
32951,59.786,-0.0103
32952,60.712,-0.0092
32953,61.655,-0.0067
32954,62.588,-0.0043
32955,63.458,-0.0017
32956,64.224,-0.0005
32957,64.92,0.0008
32958,65.683,0.002
32959,66.671,0.003
32960,67.928,0.005
32961,69.307,0.0065
32962,70.568,0.0077
32963,71.55,0.0087
32964,72.302,0.0103
32965,73.056,0.0118
32966,74.029,0.0132
32967,75.224,0.0148
32968,76.461,0.0168
32969,77.567,0.0182
32970,78.499,0.0198
32971,79.325,0.0212
32972,80.115,0.0232
32973,80.876,0.0253
32974,81.578,0.0272
32975,82.146,0.029
32976,82.467,0.0312
32977,82.472,0.0335
32978,82.213,0.0358
32979,81.876,0.0375
32980,81.712,0.0398
32981,81.864,0.0418
32982,82.276,0.0438
32983,82.767,0.0457
32984,83.108,0.0483
32985,83.098,0.0508
32986,82.689,0.053
32987,82.035,0.0555
32988,81.371,0.058
32989,80.837,0.061
32990,80.448,0.064
32991,80.145,0.0673
32992,79.9,0.069
32993,79.788,0.0708
32994,79.934,0.0725
32995,80.395,0.0742
32996,81.12,0.0772
32997,82.01,0.0803
32998,82.959,0.0835
32999,83.907,0.087
33000,84.826,0.0895
33001,85.672,0.0925
33002,86.433,0.0958
33003,87.186,0.0992
33004,88.048,0.1022
33005,89.053,0.1053
33006,90.089,0.1082
33007,90.967,0.1113
33008,91.589,0.1138
33009,92.01,0.1172
33010,92.31,0.1207
33011,92.466,0.1242
33012,92.39,0.1273
33013,92.048,0.1303
33014,91.51,0.1332
33015,90.886,0.1365
33016,90.258,0.1393
33017,89.641,0.142
33018,89.006,0.145
33019,88.376,0.148
33020,87.82,0.1505
33021,87.403,0.1532
33022,87.165,0.156
33023,87.091,0.159
33024,87.104,0.1615
33025,87.135,0.1638
33026,87.148,0.1665
33027,87.085,0.169
33028,86.855,0.1715
33029,86.383,0.1737
33030,85.689,0.1762
33031,84.904,0.1785
33032,84.158,0.181
33033,83.43,0.1827
33034,82.529,0.1847
33035,81.228,0.187
33036,79.464,0.1885
33037,77.46,0.1903
33038,75.619,0.1918
33039,74.269,0.1935
33040,73.457,0.1953
33041,72.963,0.1972
33042,72.48,0.199
33043,71.817,0.201
33044,70.986,0.203
33045,70.133,0.2083
33046,69.354,0.2142
33047,68.581,0.221
33048,67.654,0.2285
33049,66.434,0.2355
33050,64.88,0.243
33051,63.025,0.2512
33052,60.926,0.2603
33053,58.646,0.2687
33054,56.305,0.2787
33055,54.097,0.2905
33056,52.203,0.305
33057,50.719,0.3227
33058,49.709,0.3417
33059,49.226,0.347
33060,49.163,0.3525
33061,49.123,0.358
33062,48.505,0.3757
33063,46.811,0.3925
33064,44.04,0.4075
33065,40.752,0.4208
33066,37.65,0.4315
33067,35.126,0.4378
33068,33.165,0.443
33069,31.538,0.4477
33070,29.989,0.446
33071,28.285,0.444
33072,26.193,0.4415
33073,23.588,0.4398
33074,20.629,0.4418
33075,17.745,0.4432
33076,15.379,0.4452
33077,13.754,0.4468
33078,12.851,0.4437
33079,12.511,0.4403
33080,12.523,0.4392
33081,12.76,0.438
33082,13.298,0.4365
33083,14.377,0.4345
33084,16.13,0.4325
33085,18.36,0.427
33086,20.652,0.4208
33087,22.689,0.4103
33088,24.458,0.399
33089,26.151,0.3897
33090,27.85,0.38
33091,29.382,0.3693
33092,30.535,0.3575
33093,31.354,0.3463
33094,32.171,0.3335
33095,33.332,0.318
33096,34.887,0.2995
33097,36.529,0.2777
33098,37.913,0.2545
33099,39.045,0.2447
33100,40.258,0.2348
33101,41.802,0.2248
33102,43.598,0.2022
33103,45.381,0.1805
33104,47,0.1595
33105,48.522,0.1405
33106,50.069,0.1238
33107,51.63,0.1115
33108,53.107,0.1
33109,54.434,0.0892
33110,55.584,0.085
33111,56.58,0.081
33112,57.503,0.0772
33113,58.426,0.0735
33114,59.363,0.0658
33115,60.284,0.059
33116,61.173,0.0525
33117,62.063,0.0462
33118,63.036,0.0445
33119,64.2,0.043
33120,65.684,0.039
33121,67.568,0.035
33122,69.739,0.0307
33123,71.875,0.0267
33124,73.609,0.0227
33125,74.756,0.019
33126,75.396,0.0152
33127,75.724,0.015
33128,75.897,0.0148
33129,76.102,0.012
33130,76.577,0.0092
33131,77.398,0.0073
33132,78.378,0.0055
33133,79.214,0.0037
33134,79.68,0.002
33135,79.74,0.001
33136,79.555,0.0003
33137,79.342,0.0008
33138,79.246,0.0008
33139,79.306,0.001
33140,79.471,0.0013
33141,79.663,0.0015
33142,79.838,0.0013
33143,79.949,0.001
33144,79.881,0.0017
33145,79.591,0.0025
33146,79.246,0.0032
33147,79.121,0.0043
33148,79.358,0.0055
33149,79.797,0.0067
33150,80.11,0.0077
33151,80.137,0.0087
33152,79.965,0.0097
33153,79.718,0.0107
33154,79.405,0.0118
33155,78.998,0.0123
33156,78.595,0.0128
33157,78.413,0.0132
33158,78.647,0.0138
33159,79.342,0.0142
33160,80.362,0.0148
33161,81.471,0.0152
33162,82.5,0.0155
33163,83.368,0.0158
33164,83.998,0.016
33165,84.314,0.0163
33166,84.301,0.0168
33167,84.035,0.0168
33168,83.704,0.0168
33169,83.547,0.0178
33170,83.649,0.0187
33171,83.855,0.0192
33172,83.895,0.0198
33173,83.513,0.0202
33174,82.608,0.0205
33175,81.37,0.0208
33176,80.209,0.0205
33177,79.49,0.019
33178,79.366,0.0185
33179,79.732,0.0182
33180,80.259,0.018
33181,80.605,0.0175
33182,80.623,0.0178
33183,80.374,0.018
33184,80.038,0.0182
33185,79.806,0.0185
33186,79.719,0.0187
33187,79.636,0.018
33188,79.411,0.0178
33189,79.089,0.0175
33190,78.853,0.0172
33191,78.808,0.017
33192,78.846,0.0168
33193,78.716,0.017
33194,78.238,0.0172
33195,77.499,0.0172
33196,76.774,0.0163
33197,76.219,0.0152
33198,75.779,0.0148
33199,75.317,0.0145
33200,74.724,0.0142
33201,74.057,0.014
33202,73.681,0.014
33203,74.061,0.014
33204,75.301,0.014
33205,77.032,0.0142
33206,78.684,0.0142
33207,79.853,0.0148
33208,80.51,0.0155
33209,80.857,0.0152
33210,81.05,0.015
33211,81.172,0.015
33212,81.276,0.0148
33213,81.333,0.0145
33214,81.184,0.0145
33215,80.577,0.0148
33216,79.434,0.0155
33217,78.123,0.0163
33218,77.241,0.0165
33219,77.133,0.0165
33220,77.69,0.016
33221,78.44,0.0158
33222,78.845,0.0155
33223,78.71,0.0158
33224,78.283,0.016
33225,77.896,0.0163
33226,77.638,0.0168
33227,77.412,0.0175
33228,77.167,0.0178
33229,76.99,0.0182
33230,77.002,0.0187
33231,77.173,0.0192
33232,77.271,0.0195
33233,77.105,0.0192
33234,76.785,0.0192
33235,76.609,0.0187
33236,76.699,0.0192
33237,76.875,0.0205
33238,76.877,0.0212
33239,76.639,0.0217
33240,76.361,0.022
33241,76.344,0.0222
33242,76.733,0.023
33243,77.438,0.023
33244,78.259,0.023
33245,79.044,0.0238
33246,79.748,0.0245
33247,80.377,0.0253
33248,80.913,0.0255
33249,81.309,0.0258
33250,81.521,0.026
33251,81.585,0.0255
33252,81.651,0.0253
33253,81.87,0.025
33254,82.271,0.0253
33255,82.748,0.0253
33256,83.148,0.0253
33257,83.373,0.0253
33258,83.436,0.0253
33259,83.426,0.0253
33260,83.408,0.0258
33261,83.41,0.0258
33262,83.467,0.0258
33263,83.629,0.0258
33264,83.945,0.0258
33265,84.412,0.0258
33266,84.916,0.0255
33267,85.298,0.0258
33268,85.472,0.026
33269,85.456,0.0255
33270,85.359,0.025
33271,85.354,0.0245
33272,85.56,0.024
33273,85.962,0.0235
33274,86.435,0.023
33275,86.775,0.023
33276,86.789,0.0238
33277,86.412,0.0238
33278,85.724,0.0238
33279,84.859,0.023
33280,83.922,0.0225
33281,82.966,0.022
33282,82.023,0.0217
33283,81.146,0.0222
33284,80.375,0.023
33285,79.703,0.0238
33286,79.096,0.0245
33287,78.495,0.0253
33288,77.864,0.0262
33289,77.298,0.0275
33290,76.972,0.0287
33291,76.972,0.0305
33292,77.229,0.0345
33293,77.549,0.0385
33294,77.775,0.042
33295,78,0.0438
33296,78.472,0.0455
33297,79.21,0.0473
33298,79.865,0.0493
33299,80.035,0.0513
33300,79.683,0.0532
33301,79.237,0.0555
33302,79.224,0.06
33303,79.78,0.064
33304,80.579,0.0678
33305,81.216,0.0703
33306,81.578,0.0727
33307,81.862,0.0752
33308,82.311,0.0777
33309,82.997,0.0807
33310,83.805,0.0838
33311,84.591,0.0872
33312,85.292,0.091
33313,85.897,0.0948
33314,86.407,0.098
33315,86.855,0.1022
33316,87.294,0.105
33317,87.772,0.1077
33318,88.326,0.1108
33319,88.974,0.1145
33320,89.694,0.118
33321,90.414,0.123
33322,90.994,0.1278
33323,91.295,0.1325
33324,91.268,0.1365
33325,90.988,0.1395
33326,90.646,0.1417
33327,90.473,0.144
33328,90.57,0.1465
33329,90.851,0.1485
33330,91.185,0.1505
33331,91.492,0.1527
33332,91.765,0.1527
33333,92.05,0.153
33334,92.345,0.153
33335,92.549,0.1547
33336,92.627,0.1568
33337,92.705,0.1588
33338,92.93,0.1605
33339,93.338,0.1623
33340,93.89,0.1638
33341,94.525,0.1653
33342,95.157,0.1645
33343,95.713,0.1638
33344,96.196,0.1635
33345,96.657,0.1645
33346,97.132,0.1655
33347,97.605,0.167
33348,97.993,0.168
33349,98.212,0.169
33350,98.269,0.17
33351,98.258,0.171
33352,98.251,0.172
33353,98.257,0.1728
33354,98.257,0.1737
33355,98.254,0.1728
33356,98.315,0.1723
33357,98.532,0.172
33358,98.964,0.1715
33359,99.601,0.1705
33360,100.332,0.1695
33361,100.945,0.167
33362,101.231,0.1645
33363,101.139,0.1635
33364,100.793,0.1625
33365,100.414,0.1615
33366,100.185,0.1613
33367,100.116,0.1605
33368,100.049,0.1595
33369,99.819,0.1588
33370,99.396,0.158
33371,98.899,0.1557
33372,98.569,0.1535
33373,98.646,0.151
33374,99.147,0.1488
33375,99.805,0.1465
33376,100.293,0.144
33377,100.449,0.1415
33378,100.339,0.1385
33379,100.163,0.1355
33380,100.073,0.1332
33381,100.057,0.1313
33382,99.996,0.1293
33383,99.773,0.1273
33384,99.387,0.1245
33385,98.976,0.1218
33386,98.726,0.1195
33387,98.736,0.1167
33388,98.975,0.1145
33389,99.314,0.113
33390,99.628,0.111
33391,99.872,0.1085
33392,100.038,0.106
33393,100.115,0.1037
33394,100.124,0.1022
33395,100.12,0.101
33396,100.187,0.1
33397,100.408,0.0988
33398,100.792,0.0985
33399,101.247,0.0988
33400,101.64,0.0992
33401,101.865,0.099
33402,101.868,0.0988
33403,101.646,0.097
33404,101.251,0.0958
33405,100.787,0.0945
33406,100.387,0.0935
33407,100.148,0.0932
33408,100.065,0.093
33409,100.063,0.0927
33410,100.078,0.0925
33411,100.091,0.0938
33412,100.103,0.095
33413,100.113,0.097
33414,100.12,0.099
33415,100.119,0.101
33417,100.107,0.105
33418,100.111,0.1075
33419,100.108,0.11
33420,100.045,0.112
33421,99.896,0.114
33422,99.714,0.1162
33423,99.551,0.1185
33424,99.434,0.1212
33425,99.412,0.124
33426,99.56,0.1263
33427,99.939,0.1285
33428,100.527,0.131
33429,101.164,0.1325
33430,101.644,0.1345
33431,101.882,0.1365
33432,101.943,0.1383
33433,101.936,0.14
33434,101.929,0.141
33435,101.928,0.1425
33436,101.941,0.1442
33437,102.028,0.146
33438,102.265,0.1467
33439,102.662,0.1467
33440,103.122,0.1467
33441,103.515,0.1475
33442,103.731,0.148
33443,103.717,0.1488
33444,103.493,0.1495
33445,103.167,0.1502
33446,102.863,0.1502
33447,102.632,0.15
33448,102.469,0.1497
33449,102.383,0.1492
33450,102.429,0.1495
33451,102.669,0.1495
33452,103.074,0.1485
33453,103.469,0.1467
33454,103.627,0.145
33455,103.465,0.1432
33456,103.134,0.1427
33457,102.895,0.1415
33458,102.905,0.1403
33459,103.089,0.139
33460,103.199,0.137
33461,103.039,0.1358
33462,102.644,0.1342
33463,102.231,0.1327
33464,101.972,0.1303
33465,101.879,0.1278
33466,101.868,0.1253
33467,101.875,0.123
33468,101.887,0.12
33469,101.901,0.117
33470,101.914,0.1138
33471,101.925,0.1105
33472,101.937,0.1073
33473,101.95,0.104
33474,101.96,0.1
33475,101.958,0.0963
33476,101.963,0.0925
33477,102.034,0.0888
33478,102.195,0.085
33479,102.369,0.0823
33480,102.442,0.0793
33481,102.375,0.0762
33482,102.207,0.0735
33483,101.982,0.0705
33484,101.68,0.0673
33485,101.256,0.064
33486,100.768,0.0612
33487,100.422,0.0583
33488,100.424,0.0555
33489,100.775,0.053
33490,101.274,0.0498
33491,101.692,0.0465
33492,101.916,0.044
33493,101.976,0.0418
33494,101.969,0.0395
33495,101.962,0.0375
33496,101.959,0.0342
33497,101.94,0.0318
33498,101.917,0.0295
33499,101.971,0.0272
33500,102.2,0.0258
33501,102.603,0.0235
33502,103.032,0.0212
33503,103.297,0.019
33504,103.3,0.0178
33505,103.074,0.0165
33506,102.745,0.015
33507,102.428,0.0132
33508,102.166,0.012
33509,101.995,0.0107
33510,102.001,0.0097
33511,102.235,0.0087
33512,102.595,0.008
33513,102.864,0.0073
33514,102.876,0.0073
33515,102.626,0.007
33516,102.272,0.0065
33517,102.003,0.006
33518,101.896,0.0055
33519,101.951,0.0047
33520,102.185,0.0045
33521,102.597,0.004
33522,103.096,0.0035
33523,103.53,0.003
33524,103.787,0.0028
33525,103.872,0.0025
33526,103.871,0.0023
33527,103.856,0.0023
33528,103.845,0.002
33529,103.833,0.0025
33530,103.819,0.003
33531,103.804,0.0035
33532,103.792,0.0043
33533,103.785,0.0053
33534,103.782,0.0063
33535,103.784,0.007
33536,103.794,0.008
33537,103.795,0.009
33538,103.723,0.0097
33539,103.494,0.0107
33540,103.089,0.0118
33541,102.595,0.0125
33542,102.181,0.0132
33543,102.02,0.014
33544,102.125,0.0148
33545,102.269,0.0138
33546,102.151,0.013
33547,101.604,0.0123
33548,100.706,0.0118
33549,99.787,0.0115
33550,99.229,0.0112
33551,99.18,0.011
33552,99.482,0.0107
33553,99.726,0.0107
33554,99.344,0.0107
33555,97.954,0.011
33556,95.815,0.0112
33557,93.874,0.0115
33558,93.148,0.0118
33559,93.933,0.014
33560,95.628,0.016
33561,97.298,0.018
33562,98.405,0.0182
33563,99.025,0.0185
33564,99.466,0.0187
33565,99.834,0.019
33566,100.06,0.0192
33567,100.127,0.0202
33568,100.112,0.0212
33569,100.085,0.0215
33571,100.043,0.0245
33572,100.016,0.026
33573,100.004,0.027
33574,100.079,0.0267
33575,100.335,0.0265
33576,100.76,0.0255
33577,101.179,0.0245
33578,101.371,0.0253
33579,101.281,0.0255
33580,101.039,0.0248
33581,100.807,0.0243
33582,100.638,0.0238
33583,100.504,0.0235
33584,100.403,0.0232
33585,100.405,0.025
33586,100.563,0.0267
33587,100.846,0.03
33588,101.172,0.033
33589,101.478,0.0347
33590,101.714,0.0365
33591,101.788,0.0382
33592,101.622,0.0398
33593,101.289,0.041
33594,100.97,0.0423
33595,100.817,0.0443
33596,100.897,0.0465
33597,101.178,0.0487
33598,101.574,0.051
33599,102.001,0.0513
33600,102.322,0.0515
33601,102.372,0.0522
33602,102.129,0.055
33603,101.754,0.0578
33604,101.436,0.0612
33605,101.277,0.0648
33606,101.276,0.0682
33607,101.373,0.0708
33608,101.509,0.0735
33609,101.677,0.0762
33610,101.894,0.0775
33611,102.201,0.0788
33612,102.61,0.08
33613,103.019,0.082
33614,103.28,0.0852
33615,103.36,0.0878
33616,103.355,0.0907
33617,103.355,0.094
33618,103.352,0.0953
33619,103.266,0.0968
33620,103.045,0.0983
33621,102.733,0.0997
33622,102.347,0.1017
33623,101.792,0.1035
33624,101.064,0.1053
33625,100.412,0.1068
33626,100.161,0.1082
33627,100.411,0.1082
33628,100.894,0.1087
33629,101.213,0.1118
33630,101.305,0.1148
33631,101.554,0.1175
33632,102.374,0.1205
33633,103.913,0.1235
33634,106.117,0.1265
33635,108.856,0.1283
33636,111.964,0.1298
33637,115.188,0.1303
33638,118.088,0.1305
33639,120.113,0.1308
33640,120.133,0.131
33641,120.153,0.1308
33642,118.456,0.131
33643,116.429,0.1313
33644,114.492,0.1308
33645,112.427,0.1303
33646,109.805,0.1298
33647,106.646,0.1295
33648,103.567,0.129
33649,101.292,0.1285
33650,100.005,0.1283
33651,99.319,0.1278
33652,98.848,0.1273
33653,98.563,0.126
33654,98.589,0.1247
33655,98.861,0.1242
33656,99.11,0.1238
33657,99.11,0.123
33658,98.865,0.1225
33659,98.608,0.1223
33660,98.613,0.123
33661,98.933,0.1238
33662,99.33,0.1245
33663,99.508,0.1253
33664,99.345,0.126
33665,98.954,0.1268
33666,98.561,0.1273
33667,98.319,0.1283
33668,98.245,0.1288
33669,98.312,0.1273
33670,98.542,0.1258
33671,98.937,0.1245
33672,99.394,0.1233
33673,99.727,0.1225
33674,99.804,0.122
33675,99.63,0.122
33676,99.316,0.1223
33677,99.047,0.124
33678,99.043,0.1255
33679,99.433,0.127
33680,100.148,0.1285
33681,100.948,0.131
33682,101.563,0.1327
33683,101.865,0.1345
33684,101.937,0.1363
33685,101.931,0.1385
33686,101.923,0.1407
33687,101.921,0.1435
33688,101.919,0.1462
33689,101.922,0.149
33690,101.931,0.1517
33691,101.944,0.1547
33692,101.961,0.158
33693,101.977,0.161
33694,101.987,0.164
33695,101.987,0.167
33696,101.976,0.171
33697,101.961,0.175
33698,101.95,0.1787
33699,101.949,0.182
33700,101.959,0.1855
33701,101.962,0.189
33702,101.886,0.1923
33703,101.649,0.1955
33704,101.247,0.199
33705,100.782,0.2022
33706,100.393,0.2057
33707,100.173,0.2087
33708,100.105,0.212
33709,100.098,0.2158
33710,100.082,0.2195
33711,100.064,0.2233
33712,100.123,0.2275
33713,100.352,0.231
33714,100.758,0.2342
33715,101.236,0.237
33716,101.636,0.2395
33717,101.86,0.2415
33718,101.92,0.244
33719,101.906,0.2475
33720,101.911,0.2512
33721,102.001,0.2543
33722,102.178,0.2573
33723,102.357,0.26
33724,102.427,0.2627
33725,102.35,0.265
33726,102.179,0.267
33727,102.018,0.2692
33728,101.948,0.2715
33729,102.016,0.2737
33730,102.239,0.276
33731,102.564,0.2782
33732,102.878,0.2805
33733,103.107,0.283
33734,103.258,0.2853
33735,103.391,0.2883
33736,103.552,0.2903
33737,103.701,0.2918
33738,103.775,0.2935
33739,103.786,0.2955
33740,103.769,0.2973
33741,103.699,0.299
33742,103.534,0.3005
33743,103.291,0.3025
33744,103.061,0.3043
33745,102.971,0.3055
33746,103.063,0.3067
33747,103.231,0.3077
33748,103.323,0.3087
33749,103.261,0.31
33750,103.045,0.3112
33751,102.743,0.3128
33752,102.445,0.3138
33753,102.198,0.315
33754,102.023,0.3158
33755,101.935,0.317
33756,101.915,0.3182
33757,101.921,0.3195
33758,101.926,0.3207
33759,101.941,0.321
33760,102.014,0.3207
33761,102.167,0.321
33762,102.332,0.3213
33763,102.398,0.3215
33764,102.317,0.3217
33765,102.138,0.322
33766,101.981,0.3225
33767,101.928,0.322
33768,101.955,0.3215
33769,101.991,0.3215
33770,102.004,0.322
33771,102,0.3225
33772,101.989,0.322
33773,101.98,0.3217
33774,101.974,0.3215
33775,101.968,0.3205
33776,101.965,0.319
33777,101.967,0.318
33778,101.973,0.317
33779,101.974,0.316
33780,101.959,0.315
33781,101.953,0.314
33782,102.016,0.3128
33783,102.178,0.3112
33784,102.361,0.3095
33785,102.447,0.3075
33786,102.379,0.3055
33787,102.201,0.3037
33788,102.02,0.3018
33789,101.911,0.2988
33790,101.883,0.296
33791,101.966,0.293
33792,102.215,0.288
33793,102.565,0.283
33794,102.825,0.2785
33795,102.829,0.2755
33796,102.578,0.2725
33797,102.24,0.2695
33798,101.996,0.2662
33799,101.85,0.263
33800,101.623,0.26
33801,101.168,0.257
33802,100.538,0.252
33803,99.954,0.2472
33804,99.629,0.2427
33805,99.623,0.2397
33806,99.876,0.2367
33807,100.29,0.2342
33808,100.783,0.2315
33809,101.274,0.2282
33810,101.671,0.2248
33811,101.904,0.221
33812,101.977,0.218
33813,101.929,0.2147
33814,101.723,0.212
33815,101.193,0.2083
33816,100.114,0.206
33817,98.447,0.2037
33818,96.47,0.2015
33819,94.587,0.1995
33820,93.04,0.1975
33821,91.823,0.1938
33822,90.81,0.1903
33823,89.935,0.1865
33824,89.243,0.1835
33825,88.798,0.1815
33826,88.572,0.1802
33827,88.45,0.179
33828,88.292,0.1777
33829,87.966,0.1775
33830,87.412,0.1765
33831,86.759,0.1747
33832,86.235,0.175
33833,85.892,0.1755
33834,85.538,0.1762
33835,84.943,0.1755
33836,84.05,0.1745
33837,83.064,0.1733
33838,82.333,0.1723
33839,82.08,0.171
33840,82.284,0.1698
33841,82.724,0.167
33842,83.082,0.1662
33843,83.106,0.1655
33844,82.777,0.1657
33845,82.283,0.1645
33846,81.849,0.1628
33847,81.611,0.1603
33848,81.553,0.1583
33849,81.493,0.1562
33850,81.21,0.1545
33851,80.648,0.153
33852,79.991,0.1515
33853,79.512,0.1505
33854,79.341,0.1492
33855,79.36,0.1495
33856,79.365,0.1475
33857,79.362,0.1455
33858,79.536,0.1435
33859,79.938,0.1425
33860,80.377,0.1417
33861,80.636,0.1425
33862,80.637,0.143
33863,80.418,0.143
33864,80.014,0.1432
33865,79.38,0.1435
33866,78.504,0.143
33867,77.555,0.1427
33868,76.793,0.142
33869,76.323,0.1412
33870,76.034,0.141
33871,75.734,0.1415
33872,75.308,0.142
33873,74.809,0.1422
33874,74.46,0.1417
33875,74.518,0.1412
33876,75.049,0.1412
33877,75.921,0.1412
33878,77.03,0.1417
33879,78.365,0.1427
33880,79.821,0.1432
33881,81.17,0.1447
33882,82.187,0.1462
33883,82.759,0.1475
33884,83.016,0.148
33885,83.311,0.1485
33886,83.909,0.1485
33887,84.793,0.149
33888,85.76,0.1492
33889,86.567,0.1485
33890,87.049,0.1478
33891,87.22,0.1473
33892,87.163,0.1462
33893,86.855,0.1447
33894,86.219,0.1422
33895,85.32,0.1398
33896,84.351,0.1385
33897,83.471,0.1373
33898,82.692,0.1342
33899,81.916,0.13
33900,81.129,0.1255
33901,80.513,0.1218
33902,80.283,0.1182
33903,80.465,0.1153
33904,80.872,0.111
33905,81.274,0.1068
33906,81.582,0.1022
33907,81.881,0.0972
33908,82.273,0.0927
33909,82.721,0.0883
33910,83.105,0.0838
33911,83.4,0.079
33912,83.759,0.0742
33913,84.38,0.0695
33914,85.304,0.0653
33915,86.399,0.061
33916,87.507,0.0562
33917,88.586,0.0517
33918,89.674,0.0467
33919,90.76,0.0418
33920,91.762,0.0372
33921,92.614,0.0328
33922,93.289,0.0293
33923,93.808,0.026
33924,94.259,0.0222
33925,94.779,0.019
33926,95.498,0.0168
33927,96.467,0.0145
33928,97.584,0.0125
33929,98.627,0.0115
33930,99.406,0.01
33931,99.873,0.0083
33932,100.084,0.0073
33933,100.127,0.0063
33934,100.113,0.0065
33935,100.168,0.0065
33936,100.387,0.0065
33937,100.768,0.0065
33938,101.228,0.009
33939,101.694,0.012
33940,102.153,0.0152
33941,102.627,0.018
33942,103.103,0.021
33943,103.509,0.0238
33944,103.761,0.027
33945,103.855,0.0298
33946,103.865,0.0333
33947,103.849,0.037
33948,103.829,0.0408
33949,103.813,0.0447
33950,103.795,0.048
33951,103.707,0.0513
33952,103.476,0.0545
33953,103.156,0.0575
33954,102.923,0.0605
33955,102.93,0.0643
33956,103.171,0.0682
33957,103.496,0.0727
33958,103.711,0.0772
33959,103.699,0.0815
33960,103.473,0.0857
33961,103.146,0.0902
33962,102.847,0.094
33963,102.635,0.0978
33964,102.494,0.1017
33965,102.363,0.1053
33966,102.195,0.1087
33967,102.042,0.1123
33968,102.039,0.1155
33969,102.251,0.1187
33970,102.578,0.1223
33971,102.822,0.126
33972,102.827,0.1295
33973,102.587,0.133
33974,102.248,0.1373
33975,101.997,0.1412
33976,101.899,0.1445
33977,101.888,0.148
33978,101.894,0.1507
33979,101.904,0.1527
33980,101.908,0.1542
33981,101.841,0.1557
33982,101.612,0.157
33983,101.226,0.1583
33984,100.828,0.1593
33985,100.58,0.1608
33986,100.525,0.1618
33987,100.619,0.1628
33988,100.797,0.1635
33989,100.974,0.1638
33990,101.074,0.1648
33991,101.068,0.166
33992,100.955,0.1677
33993,100.785,0.1695
33994,100.687,0.1713
33995,100.763,0.1725
33996,100.999,0.1737
33997,101.334,0.1745
33998,101.678,0.1747
33999,101.915,0.1752
34000,102.001,0.1757
34001,102.001,0.176
34002,101.997,0.176
34003,102.021,0.176
34004,102.029,0.1765
34005,101.883,0.177
34006,101.454,0.1775
34007,100.826,0.1782
34008,100.321,0.1782
34009,100.293,0.178
34010,100.823,0.1772
34011,101.595,0.1762
34012,102.164,0.1752
34013,102.326,0.1742
34014,102.198,0.1723
34015,102.023,0.1705
34016,101.932,0.1693
34017,101.855,0.1677
34018,101.698,0.1662
34019,101.525,0.165
34020,101.506,0.1635
34021,101.734,0.1623
34022,102.152,0.161
34023,102.62,0.1598
34024,103.022,0.1588
34025,103.332,0.1578
34026,103.577,0.1565
34027,103.739,0.1552
34028,103.734,0.1542
34029,103.503,0.1525
34030,103.086,0.1507
34031,102.599,0.149
34032,102.187,0.1475
34033,101.943,0.1457
34034,101.858,0.1437
34035,101.863,0.1412
34036,101.955,0.139
34037,102.199,0.1368
34038,102.611,0.135
34039,103.095,0.1327
34040,103.489,0.1305
34041,103.654,0.1295
34042,103.571,0.1285
34043,103.334,0.1275
34044,103.032,0.1242
34045,102.709,0.1212
34046,102.401,0.1182
34047,102.132,0.115
34048,101.941,0.112
34049,101.93,0.1092
34050,102.235,0.1068
34051,102.892,0.1045
34052,103.723,0.102
34053,104.396,0.0995
34054,104.638,0.097
34055,104.394,0.0943
34056,103.828,0.0917
34057,103.187,0.088
34058,102.642,0.0843
34059,102.255,0.0805
34060,102.039,0.0783
34061,101.983,0.076
34062,102.052,0.0737
34063,102.215,0.072
34064,102.453,0.0703
34065,102.757,0.0687
34066,103.077,0.0685
34067,103.291,0.068
34068,103.291,0.0675
34069,103.106,0.069
34070,102.904,0.0705
34071,102.891,0.072
34072,103.191,0.0735
34073,103.759,0.0755
34074,104.415,0.078
34075,104.99,0.0807
34076,105.38,0.0843
34077,105.51,0.0878
34078,105.412,0.0912
34079,105.239,0.0955
34080,105.096,0.0997
34081,104.943,0.103
34082,104.705,0.1063
34083,104.377,0.11
34084,104.046,0.1153
34085,103.826,0.1202
34086,103.698,0.1253
34087,103.505,0.1303
34088,103.141,0.1358
34089,102.613,0.141
34090,101.991,0.1467
34091,101.352,0.1522
34092,100.716,0.1583
34093,100.063,0.1643
34094,99.437,0.1688
34095,98.968,0.1745
34096,98.736,0.18
34097,98.689,0.1867
34098,98.69,0.1935
34099,98.623,0.2002
34100,98.465,0.206
34101,98.245,0.211
34102,97.95,0.216
34103,97.545,0.2207
34104,97.075,0.2253
34105,96.672,0.2295
34106,96.441,0.2328
34107,96.375,0.2363
34108,96.364,0.2397
34109,96.285,0.2423
34110,96.108,0.2447
34111,95.931,0.2467
34112,95.933,0.249
34113,96.243,0.2505
34114,96.819,0.2518
34115,97.451,0.2515
34116,97.915,0.2515
34117,98.148,0.2512
34118,98.281,0.251
34119,98.506,0.2502
34120,98.897,0.251
34121,99.37,0.2515
34122,99.771,0.252
34123,99.998,0.252
34124,100.075,0.252
34125,100.154,0.252
34126,100.384,0.252
34127,100.787,0.252
34128,101.259,0.2518
34129,101.659,0.2505
34130,101.896,0.2488
34131,101.981,0.247
34132,101.993,0.2455
34133,101.993,0.244
34134,101.992,0.244
34135,101.988,0.244
34136,101.978,0.2442
34137,101.96,0.2445
34138,101.933,0.2457
34139,101.914,0.247
34140,101.98,0.248
34141,102.223,0.2495
34142,102.635,0.2505
34143,103.054,0.2512
34144,103.231,0.2522
34145,102.984,0.2532
34146,102.34,0.2543
34147,101.532,0.2553
34148,100.82,0.2563
34149,100.297,0.2573
34150,99.864,0.2583
34151,99.351,0.2597
34152,98.65,0.2603
34153,97.796,0.261
34154,96.977,0.2617
34155,96.514,0.264
34156,96.72,0.2662
34157,97.659,0.2687
34158,99.091,0.2715
34159,100.59,0.2735
34160,101.774,0.274
34161,102.546,0.2745
34162,103.036,0.275
34163,103.303,0.2755
34164,103.318,0.276
34165,103.129,0.2765
34166,102.858,0.2767
34167,102.609,0.2772
34168,102.44,0.278
34169,102.385,0.2797
34170,102.467,0.2815
34171,102.665,0.2833
34172,102.833,0.2845
34173,102.75,0.2853
34174,102.35,0.2865
34175,101.842,0.2858
34176,101.522,0.285
34177,101.488,0.2838
34178,101.641,0.2815
34179,101.875,0.2792
34180,102.194,0.2772
34181,102.616,0.275
34182,103.025,0.2732
34183,103.197,0.2717
34184,103.031,0.2702
34185,102.706,0.2685
34186,102.528,0.2668
34187,102.605,0.2647
34188,102.773,0.2625
34189,102.852,0.2605
34190,102.851,0.2593
34191,102.922,0.258
34192,103.159,0.2563
34193,103.48,0.2547
34194,103.717,0.2532
34195,103.806,0.2518
34196,103.815,0.249
34197,103.813,0.2462
34198,103.808,0.2433
34199,103.8,0.2415
34200,103.846,0.2393
34201,104.064,0.237
34202,104.527,0.235
34203,105.157,0.233
34204,105.746,0.231
34205,106.124,0.229
34206,106.271,0.2275
34207,106.325,0.2258
34208,106.54,0.2238
34209,107.108,0.223
34210,107.901,0.2223
34211,108.517,0.2215
34212,108.608,0.22
34213,108.099,0.219
34214,107.205,0.2175
34215,106.307,0.2172
34216,105.685,0.217
34217,105.325,0.2172
34218,105.057,0.218
34219,104.719,0.2182
34220,104.17,0.2185
34221,103.366,0.219
34222,102.427,0.2195
34223,101.535,0.22
34224,100.809,0.2205
34225,100.321,0.2213
34226,100.142,0.222
34227,100.305,0.2227
34228,100.741,0.2248
34229,101.254,0.2265
34230,101.531,0.2275
34231,101.293,0.2282
34232,100.557,0.2292
34233,99.684,0.2308
34234,99.053,0.2322
34235,98.739,0.2332
34236,98.462,0.2342
34237,97.848,0.2355
34238,96.798,0.2363
34239,95.642,0.2365
34240,94.853,0.2373
34241,94.631,0.2377
34242,94.784,0.238
34243,94.905,0.2385
34244,94.677,0.2377
34245,94.103,0.2383
34246,93.453,0.2385
34247,92.971,0.2375
34248,92.67,0.2367
34249,92.395,0.235
34250,92.011,0.2328
34251,91.466,0.2305
34252,90.746,0.229
34253,89.867,0.2265
34254,88.905,0.224
34255,88.035,0.221
34256,87.504,0.219
34257,87.453,0.2172
34258,87.731,0.2142
34259,87.995,0.2117
34260,87.998,0.2095
34261,87.745,0.2073
34262,87.477,0.2053
34263,87.476,0.203
34264,87.793,0.2008
34265,88.2,0.1962
34266,88.453,0.1918
34267,88.525,0.1875
34268,88.602,0.183
34269,88.889,0.181
34270,89.438,0.1785
34271,90.187,0.1762
34272,91.109,0.1752
34273,92.22,0.174
34274,93.479,0.1728
34275,94.698,0.171
34276,95.63,0.1693
34277,96.174,0.1672
34278,96.474,0.166
34279,96.751,0.1662
34280,97.069,0.1667
34281,97.279,0.1675
34282,97.201,0.1688
34283,96.864,0.1695
34284,96.506,0.1715
34285,96.353,0.1723
34286,96.473,0.1737
34287,96.867,0.1765
34288,97.567,0.1792
34289,98.59,0.1827
34290,99.8,0.1865
34291,100.906,0.1905
34292,101.705,0.1945
34293,102.24,0.2002
34294,102.625,0.2057
34295,102.86,0.211
34296,102.851,0.2147
34297,102.527,0.2182
34298,101.96,0.2225
34299,101.386,0.2268
34300,101.052,0.2312
34301,101.045,0.2355
34302,101.291,0.238
34303,101.637,0.2403
34304,101.958,0.2425
34305,102.213,0.247
34306,102.393,0.2515
34307,102.46,0.256
34308,102.369,0.259
34309,102.094,0.2595
34310,101.675,0.2597
34311,101.263,0.26
34312,101.095,0.2593
34313,101.339,0.2585
34314,101.911,0.2565
34315,102.487,0.2563
34316,102.798,0.2557
34317,102.877,0.2545
34318,102.941,0.253
34319,103.097,0.2498
34320,103.259,0.2462
34321,103.334,0.244
34322,103.35,0.241
34323,103.346,0.2383
34324,103.275,0.2357
34325,103.099,0.2332
34326,102.923,0.23
34327,102.921,0.2268
34328,103.142,0.224
34329,103.452,0.2205
34330,103.669,0.2178
34331,103.741,0.215
34332,103.744,0.2125
34333,103.743,0.2093
34334,103.748,0.206
34335,103.747,0.203
34336,103.739,0.2012
34337,103.728,0.1995
34338,103.715,0.1978
34339,103.715,0.1968
34340,103.8,0.195
34341,104.04,0.1948
34342,104.378,0.196
34343,104.631,0.198
34344,104.642,0.199
34345,104.415,0.2
34346,104.09,0.2012
34347,103.782,0.2035
34348,103.459,0.2065
34349,103.038,0.2095
34350,102.559,0.2127
34351,102.167,0.216
34352,101.928,0.2193
34353,101.721,0.2223
34354,101.417,0.2268
34355,101.104,0.2318
34356,100.984,0.238
34357,101.143,0.2442
34358,101.49,0.2505
34359,101.87,0.256
34360,102.227,0.2615
34361,102.626,0.2658
34362,103.084,0.2702
34363,103.472,0.2762
34364,103.632,0.2805
34365,103.53,0.2848
34366,103.276,0.289
34367,103.031,0.2933
34368,102.947,0.2975
34369,103.07,0.3018
34370,103.265,0.3055
34371,103.313,0.31
34372,103.098,0.3132
34373,102.69,0.3165
34374,102.273,0.3197
34375,102.026,0.323
34376,102.028,0.3255
34377,102.257,0.3282
34378,102.576,0.331
34379,102.804,0.333
34380,102.865,0.3348
34381,102.858,0.335
34382,102.934,0.3352
34383,103.108,0.3355
34384,103.204,0.3365
34385,103.042,0.3372
34386,102.659,0.3382
34387,102.264,0.3372
34388,102.021,0.3362
34389,101.936,0.3355
34390,101.923,0.3342
34391,101.921,0.334
34392,101.917,0.3342
34393,101.917,0.3342
34394,101.92,0.334
34395,101.923,0.3327
34396,101.918,0.33
34397,101.915,0.328
34398,101.977,0.3265
34399,102.202,0.3257
34400,102.663,0.325
34401,103.368,0.3247
34402,104.263,0.3245
34403,105.216,0.3227
34404,105.971,0.3225
34405,106.222,0.322
34406,105.794,0.3215
34407,104.808,0.3213
34408,103.71,0.321
34409,103.058,0.3207
34410,103.139,0.3207
34411,103.796,0.3192
34412,104.638,0.3187
34413,105.298,0.3182
34414,105.552,0.3178
34415,105.333,0.3172
34416,104.705,0.317
34417,103.822,0.316
34418,102.826,0.315
34419,101.852,0.3138
34420,101.167,0.3145
34421,101.139,0.3158
34422,101.919,0.316
34423,103.2,0.3162
34424,104.28,0.3168
34425,104.454,0.317
34426,103.515,0.317
34427,101.939,0.318
34428,100.554,0.3185
34429,100.041,0.3185
34430,100.566,0.3192
34431,101.738,0.319
34432,102.861,0.3185
34433,103.374,0.3185
34434,103.197,0.3185
34435,102.621,0.3175
34436,101.941,0.3172
34437,101.29,0.317
34438,100.679,0.3152
34439,100.066,0.3142
34440,99.461,0.3128
34441,98.932,0.3118
34442,98.547,0.3112
34443,98.334,0.3108
34444,98.256,0.3102
34445,98.237,0.3102
34446,98.298,0.3102
34447,98.575,0.31
34448,99.14,0.309
34449,99.885,0.3077
34450,100.547,0.3075
34451,100.821,0.308
34452,100.561,0.3083
34453,99.91,0.3085
34454,99.162,0.309
34455,98.568,0.3087
34456,98.25,0.3083
34457,98.165,0.309
34458,98.182,0.31
34459,98.209,0.3112
34460,98.216,0.3105
34461,98.216,0.3093
34462,98.275,0.3087
34463,98.5,0.308
34464,98.969,0.308
34465,99.67,0.3085
34466,100.465,0.3087
34467,101.171,0.309
34468,101.715,0.3085
34469,102.174,0.3083
34470,102.718,0.3105
34471,103.483,0.3128
34472,104.44,0.3138
34473,105.388,0.3148
34474,106.093,0.3155
34475,106.407,0.317
34476,106.357,0.3197
34477,106.177,0.3225
34478,106.143,0.3263
34479,106.374,0.3295
34480,106.789,0.3337
34481,107.191,0.337
34482,107.426,0.3387
34483,107.484,0.3432
34484,107.458,0.3478
34485,107.446,0.352
34486,107.523,0.3565
34487,107.705,0.3612
34488,107.91,0.3663
34489,108.009,0.3717
34490,107.884,0.3765
34491,107.482,0.3808
34492,106.847,0.385
34493,106.06,0.3892
34494,105.173,0.3935
34495,104.249,0.3977
34496,103.381,0.4025
34497,102.605,0.4065
34498,101.843,0.41
34499,100.982,0.4153
34500,99.978,0.421
34501,98.955,0.4267
34502,98.175,0.4327
34503,97.816,0.439
34504,97.774,0.4437
34505,97.742,0.447
34506,97.438,0.4503
34507,96.798,0.4535
34508,96.055,0.4588
34509,95.555,0.464
34510,95.472,0.467
34511,95.723,0.47
34512,96.064,0.474
34513,96.231,0.478
34514,96.087,0.4823
34515,95.696,0.4865
34516,95.224,0.4893
34517,94.828,0.4933
34518,94.597,0.4973
34519,94.524,0.5012
34520,94.517,0.505
34521,94.447,0.5085
34522,94.218,0.5108
34523,93.821,0.5102
34524,93.351,0.5102
34525,92.949,0.51
34526,92.71,0.51
34527,92.64,0.5088
34528,92.721,0.5075
34529,92.966,0.5065
34530,93.367,0.505
34531,93.832,0.5038
34532,94.219,0.5028
34533,94.433,0.5022
34534,94.498,0.5018
34535,94.558,0.5022
34536,94.776,0.5022
34537,95.241,0.5032
34538,95.952,0.5048
34539,96.835,0.5042
34540,97.771,0.5025
34541,98.644,0.4998
34542,99.407,0.497
34543,100.099,0.4938
34544,100.799,0.491
34545,101.567,0.4898
34546,102.37,0.4885
34547,103.058,0.4882
34548,103.443,0.4873
34549,103.437,0.4862
34550,103.176,0.4853
34551,102.947,0.4845
34552,102.969,0.4833
34553,103.219,0.482
34554,103.462,0.481
34555,103.526,0.48
34556,103.554,0.4775
34557,103.831,0.475
34558,104.442,0.473
34559,105.275,0.471
34560,106.214,0.4682
34561,107.237,0.4657
34562,108.364,0.4655
34563,109.459,0.4657
34564,110.173,0.4655
34565,110.248,0.4655
34566,109.745,0.466
34567,108.959,0.4642
34568,108.218,0.4625
34569,107.719,0.4593
34570,107.491,0.456
34571,107.45,0.4528
34572,107.466,0.4485
34573,107.419,0.4437
34574,107.266,0.439
34575,107.033,0.434
34576,106.741,0.4285
34577,106.361,0.4225
34578,105.851,0.4163
34579,105.213,0.4097
34580,104.503,0.4045
34581,103.799,0.3987
34582,103.168,0.393
34583,102.652,0.3857
34584,102.265,0.3788
34585,101.966,0.3717
34586,101.653,0.3642
34587,101.246,0.3558
34588,100.783,0.3473
34589,100.39,0.3382
34590,100.163,0.329
34591,100.088,0.3195
34592,100.079,0.309
34593,100.075,0.2985
34594,100.063,0.29
34595,100.052,0.28
34596,100.048,0.2715
34597,100.054,0.26
34598,100.068,0.2485
34599,100.087,0.237
34600,100.102,0.226
34601,100.109,0.2155
34602,100.109,0.2053
34603,100.095,0.1945
34604,100.009,0.1837
34605,99.775,0.1728
34606,99.388,0.1608
34607,98.942,0.152
34608,98.551,0.144
34609,98.236,0.137
34610,97.924,0.13
34611,97.576,0.1235
34612,97.264,0.1177
34613,97.11,0.112
34614,97.192,0.1065
34615,97.467,0.1032
34616,97.778,0.099
34617,97.972,0.0945
34618,97.972,0.09
34619,97.78,0.0872
34620,97.468,0.084
34621,97.192,0.0825
34622,97.118,0.082
34623,97.298,0.0823
34624,97.628,0.0825
34625,97.903,0.0828
34626,97.965,0.0835
34627,97.852,0.0843
34628,97.761,0.085
34629,97.81,0.0862
34630,97.902,0.088
34631,97.83,0.0897
34632,97.505,0.094
34633,97.046,0.0983
34634,96.656,0.1002
34635,96.45,0.103
34636,96.404,0.1058
34637,96.415,0.1103
34638,96.417,0.1153
34639,96.403,0.1202
34640,96.387,0.1255
34641,96.393,0.1303
34642,96.471,0.1355
34643,96.632,0.1405
34644,96.8,0.1455
34645,96.87,0.1507
34646,96.807,0.157
34647,96.649,0.1633
34648,96.423,0.169
34649,96.05,0.175
34650,95.398,0.1813
34651,94.444,0.187
34652,93.336,0.1935
34653,92.316,0.201
34654,91.574,0.2085
34655,91.135,0.2142
34656,90.865,0.224
34657,90.552,0.2305
34658,90.052,0.2365
34659,89.463,0.242
34660,89.1,0.248
34661,89.205,0.2537
34662,89.702,0.2585
34663,90.23,0.264
34664,90.417,0.27
34665,90.168,0.2755
34666,89.704,0.2805
34667,89.295,0.285
34668,89.022,0.2915
34669,88.709,0.2978
34670,87.991,0.301
34671,86.455,0.3043
34672,83.903,0.3063
34673,80.686,0.3083
34674,77.669,0.3098
34675,75.669,0.3128
34676,74.935,0.315
34677,75.157,0.3175
34678,75.756,0.319
34679,76.234,0.3205
34680,76.564,0.3207
34681,77.369,0.3207
34682,79.549,0.32
34683,80.889,0.3203
34684,82.229,0.3207
34685,83.569,0.321
34687,88.951,0.321
34690,94.369,0.321
34691,96.423,0.3204
34692,98.477,0.3197
34693,100.849,0.3185
34694,102.021,0.317
34695,102.682,0.315
34696,103.167,0.3112
34697,103.527,0.3077
34698,103.731,0.3037
34699,103.786,0.3
34700,103.773,0.296
34701,103.761,0.2913
34702,103.763,0.2863
34703,103.768,0.2807
34704,103.77,0.2757
34705,103.771,0.2692
34706,103.774,0.263
34707,103.78,0.257
34708,103.785,0.251
34709,103.784,0.2452
34710,103.782,0.239
34711,103.792,0.2338
34712,103.798,0.2288
34713,103.725,0.2243
34714,103.498,0.2178
34715,103.174,0.2105
34716,102.917,0.206
34717,102.836,0.2015
34718,102.921,0.1982
34719,103.075,0.195
34720,103.166,0.1923
34721,103.162,0.1893
34722,103.162,0.1867
34723,103.244,0.184
34724,103.402,0.182
34725,103.596,0.1797
34726,103.759,0.1777
34727,103.824,0.1757
34728,103.802,0.1745
34729,103.769,0.1718
34730,103.822,0.1698
34731,104.059,0.168
34732,104.488,0.1665
34733,104.936,0.165
34734,105.058,0.1625
34735,104.494,0.1603
34736,103.18,0.1603
34737,101.579,0.16
34738,100.481,0.16
34739,100.477,0.1588
34740,101.556,0.1578
34741,103.152,0.1562
34742,104.609,0.1525
34743,105.63,0.1522
34744,106.314,0.1522
34745,106.888,0.1535
34746,107.484,0.1532
34747,108.103,0.1532
34748,108.716,0.1532
34749,109.288,0.1515
34750,109.771,0.1507
34751,110.156,0.1495
34752,110.485,0.1485
34753,110.782,0.1483
34754,111.039,0.148
34755,111.211,0.1488
34756,111.208,0.15
34757,110.971,0.1507
34758,110.545,0.1505
34759,110.059,0.1512
34760,109.652,0.152
34761,109.406,0.1522
34762,109.317,0.1515
34763,109.372,0.1507
34764,109.598,0.1497
34765,109.994,0.1495
34766,110.483,0.15
34767,110.968,0.151
34768,111.363,0.1502
34769,111.599,0.1497
34770,111.663,0.1492
34771,111.638,0.151
34772,111.679,0.153
34773,111.985,0.155
34774,112.688,0.157
34775,113.734,0.1562
34776,114.872,0.1547
34777,115.777,0.1532
34778,116.205,0.151
34779,116.114,0.1488
34780,115.644,0.1462
34781,114.952,0.145
34782,114.026,0.1437
34783,112.651,0.1422
34784,110.615,0.14
34785,108.002,0.136
34786,105.223,0.1332
34787,102.761,0.1303
34788,100.901,0.1268
34789,99.609,0.125
34790,98.64,0.1223
34791,97.811,0.1187
34792,97.125,0.1148
34793,96.665,0.11
34794,96.464,0.105
34795,96.426,0.0997
34796,96.307,0.094
34797,95.861,0.089
34798,95.052,0.084
34799,94.072,0.0772
34800,93.154,0.0692
34801,92.428,0.061
34802,91.93,0.0548
34803,91.684,0.0467
34804,91.725,0.038
34805,92.007,0.0287
34806,92.301,0.0185
34807,92.324,0.008
34808,92.005,0.0005
34809,91.534,-0.0053
34810,91.133,-0.0107
34811,90.853,-0.0187
34812,90.564,-0.0258
34813,90.115,-0.033
34814,89.495,-0.038
34815,88.791,-0.04
34816,88.032,-0.0415
34817,87.16,-0.043
34818,86.143,-0.044
34819,85.087,-0.0457
34820,84.217,-0.0462
34821,83.677,-0.0483
34822,83.381,-0.0508
34823,83.104,-0.0517
34824,82.708,-0.0522
34825,82.256,-0.0517
34826,81.947,-0.0513
34827,81.89,-0.0522
34828,81.927,-0.0527
34829,81.769,-0.0532
34830,81.286,-0.054
34831,80.612,-0.0548
34832,80.029,-0.055
34833,79.79,-0.0553
34834,79.958,-0.056
34835,80.391,-0.0562
34836,80.837,-0.0565
34837,81.031,-0.057
34838,80.792,-0.0555
34839,80.139,-0.0532
34840,79.313,-0.0537
34841,78.656,-0.0545
34842,78.403,-0.0565
34843,78.565,-0.0567
34844,78.97,-0.055
34845,79.433,-0.054
34846,79.891,-0.052
34847,80.417,-0.05
34848,81.11,-0.059
34849,81.978,-0.0718
34850,82.923,-0.0845
34851,83.824,-0.0972
34852,84.62,-0.1105
34853,85.315,-0.1247
34854,85.93,-0.1405
34855,86.503,-0.1568
34856,87.088,-0.1733
34857,87.748,-0.1895
34858,88.567,-0.2055
34859,89.595,-0.2207
34860,90.802,-0.2373
34861,92.097,-0.254
34862,93.296,-0.27
34863,94.162,-0.2865
34864,94.649,-0.303
34865,94.993,-0.3185
34866,95.52,-0.3342
34867,96.388,-0.341
34868,97.42,-0.3478
34869,98.206,-0.356
34870,98.437,-0.37
34871,98.079,-0.3832
34872,97.353,-0.3975
34873,96.679,-0.403
34874,96.471,-0.4078
34875,96.873,-0.4128
34876,97.702,-0.4177
34877,98.65,-0.4305
34878,99.545,-0.444
34879,100.418,-0.4575
34880,101.299,-0.4597
34881,102.034,-0.4615
34882,102.421,-0.4627
34883,102.433,-0.464
34884,102.184,-0.4745
34885,101.77,-0.4845
34886,101.201,-0.4938
34887,100.47,-0.504
34888,99.664,-0.5065
34889,98.962,-0.5072
34890,98.495,-0.5078
34891,98.267,-0.5048
34892,98.203,-0.5025
34893,98.192,-0.498
34894,98.109,-0.494
34895,97.87,-0.4895
34896,97.528,-0.4875
34897,97.294,-0.476
34898,97.397,-0.4647
34899,97.838,-0.453
34900,98.224,-0.4412
34901,97.99,-0.4282
34902,96.94,-0.415
34903,95.524,-0.4012
34904,94.516,-0.388
34905,94.386,-0.3755
34906,94.98,-0.3628
34907,95.753,-0.3575
34908,96.236,-0.3518
34909,96.31,-0.3445
34910,96.135,-0.3315
34911,95.949,-0.3178
34912,95.942,-0.303
34913,96.238,-0.297
34914,96.872,-0.2915
34915,97.79,-0.286
34916,98.889,-0.2805
34917,100.072,-0.267
34918,101.258,-0.2547
34919,102.377,-0.2425
34920,103.378,-0.237
34921,104.234,-0.2315
34922,104.912,-0.226
34923,105.379,-0.2197
34924,105.626,-0.206
34925,105.623,-0.192
34926,105.311,-0.1805
34927,104.717,-0.1677
34928,104.036,-0.1537
34929,103.563,-0.14
34930,103.541,-0.126
34931,103.93,-0.1155
34932,104.246,-0.1055
34933,103.883,-0.0965
34934,102.66,-0.0855
34935,100.932,-0.0742
34936,99.285,-0.0607
34937,98.188,-0.0555
34938,97.733,-0.0505
34939,97.673,-0.046
34940,97.789,-0.0415
34941,98.05,-0.0353
34942,98.45,-0.0295
34943,98.871,-0.025
34944,99.125,-0.0195
34945,99.032,-0.0142
34946,98.549,-0.009
34947,97.878,-0.0047
34948,97.316,-0.002
34949,96.999,0.0008
34950,96.922,0.0037
34951,97.098,0.0065
34952,97.569,0.0092
34953,98.367,0.012
34954,99.499,0.0152
34955,100.833,0.0195
34956,102.049,0.0222
34957,102.789,0.0248
34958,102.902,0.0275
34959,102.543,0.0307
34960,102.076,0.0335
34961,101.836,0.0365
34962,101.846,0.0395
34963,101.842,0.0415
34964,101.627,0.0435
34965,101.277,0.0455
34966,101.026,0.0495
34967,101.041,0.0535
34968,101.32,0.0575
34969,101.678,0.0617
34970,101.847,0.065
34971,101.706,0.0682
34972,101.384,0.072
34973,101.062,0.0757
34974,100.755,0.0798
34975,100.359,0.0835
34976,99.808,0.0847
34977,99.154,0.0847
34978,98.526,0.086
34979,97.998,0.0872
34980,97.523,0.0888
34981,97.057,0.0885
34982,96.659,0.0867
34983,96.427,0.085
34984,96.362,0.0828
34985,96.379,0.0807
34986,96.407,0.0788
34987,96.43,0.0777
34988,96.432,0.0788
34989,96.338,0.0775
34990,96.081,0.077
34991,95.728,0.0752
34992,95.473,0.0732
34993,95.469,0.0713
34994,95.707,0.0692
34995,96.038,0.0663
34996,96.34,0.0653
34997,96.66,0.0635
34998,97.157,0.0615
34999,97.881,0.059
35000,98.615,0.0565
35001,99.001,0.055
35002,98.878,0.0525
35003,98.514,0.0503
35004,98.407,0.048
35005,98.831,0.044
35006,99.534,0.0398
35007,99.945,0.0353
35008,99.719,0.0307
35009,99.049,0.0262
35010,98.381,0.0222
35011,97.953,0.0198
35012,97.714,0.017
35013,97.446,0.0145
35014,96.876,0.0103
35015,95.887,0.0057
35016,94.726,0.0037
35017,93.933,0.0005
35018,94.031,-0.0037
35019,95.116,-0.008
35020,96.651,-0.0123
35021,97.806,-0.0165
35022,98.041,-0.0187
35023,97.432,-0.0222
35024,96.618,-0.0258
35025,96.414,-0.0293
35026,97.217,-0.0325
35027,98.712,-0.0358
35028,100.17,-0.038
35029,100.996,-0.0375
35030,101.002,-0.038
35031,100.276,-0.0385
35032,99.009,-0.0387
35033,97.526,-0.0382
35034,96.331,-0.0375
35035,95.916,-0.0367
35036,96.399,-0.0365
35037,97.436,-0.0355
35038,98.586,-0.0358
35039,99.632,-0.0358
35040,100.541,-0.0358
35041,101.253,-0.0365
35042,101.646,-0.0362
35043,101.708,-0.0377
35044,101.657,-0.0393
35045,101.806,-0.039
35046,102.263,-0.0375
35047,102.82,-0.0362
35048,103.131,-0.035
35049,103.093,-0.0338
35050,103,-0.0307
35051,103.224,-0.03
35052,103.811,-0.029
35053,104.47,-0.029
35054,104.864,-0.0285
35055,104.86,-0.0287
35056,104.586,-0.029
35057,104.265,-0.0282
35058,104.002,-0.027
35059,103.775,-0.026
35060,103.56,-0.0253
35061,103.381,-0.0245
35062,103.307,-0.023
35063,103.437,-0.02
35064,103.833,-0.0182
35065,104.397,-0.0165
35066,104.885,-0.0152
35067,105.085,-0.0145
35068,105.006,-0.0158
35069,104.83,-0.019
35070,104.659,-0.0217
35071,104.419,-0.0238
35072,104.068,-0.0278
35073,103.792,-0.0293
35074,103.931,-0.0307
35075,104.718,-0.0328
35076,106.032,-0.0347
35077,107.462,-0.0367
35078,108.651,-0.0367
35079,109.509,-0.037
35080,110.205,-0.0385
35081,110.952,-0.0405
35082,111.56,-0.0425
35083,111.318,-0.0432
35084,109.63,-0.044
35085,106.703,-0.045
35086,103.513,-0.0473
35087,101.105,-0.0475
35088,99.886,-0.0478
35089,99.598,-0.046
35090,99.836,-0.0473
35091,100.375,-0.0478
35092,100.989,-0.0478
35093,101.282,-0.0462
35094,100.884,-0.045
35095,99.756,-0.0432
35096,98.278,-0.0415
35097,97.029,-0.0395
35098,96.427,-0.0362
35099,96.481,-0.0328
35100,96.811,-0.0302
35101,96.896,-0.0278
35102,96.414,-0.0275
35103,95.389,-0.0255
35104,94.073,-0.0227
35105,92.771,-0.02
35106,91.677,-0.018
35107,90.818,-0.0142
35108,90.165,-0.0107
35109,89.73,-0.0057
35110,89.533,-0.001
35111,89.502,0.004
35112,89.445,0.0112
35113,89.136,0.0152
35114,88.489,0.0182
35115,87.615,0.0217
35116,86.734,0.0258
35117,86.025,0.0295
35118,85.566,0.0315
35119,85.345,0.0335
35120,85.288,0.0367
35121,85.282,0.0393
35122,85.205,0.0418
35123,84.977,0.0447
35124,84.589,0.0478
35125,84.046,0.0485
35126,83.333,0.0493
35127,82.527,0.0483
35128,81.866,0.0462
35129,81.62,0.0445
35130,81.886,0.044
35131,82.487,0.0435
35132,83.084,0.0425
35133,83.399,0.04
35134,83.304,0.0377
35135,82.806,0.0358
35136,82.114,0.0335
35137,81.615,0.0302
35138,81.617,0.024
35139,82.121,0.0185
35140,82.809,0.0142
35141,83.289,0.01
35142,83.386,0.0063
35143,83.152,0.0005
35144,82.663,-0.0053
35145,81.958,-0.011
35146,81.153,-0.017
35147,80.442,-0.024
35148,79.972,-0.0307
35149,79.76,-0.0375
35150,79.715,-0.0443
35151,79.732,-0.0522
35152,79.804,-0.0615
35153,80.009,-0.0705
35154,80.391,-0.0788
35155,80.923,-0.0867
35156,81.554,-0.0953
35157,82.257,-0.1035
35158,83.031,-0.1113
35159,83.823,-0.1192
35160,84.509,-0.1273
35161,85.043,-0.1345
35162,85.555,-0.1447
35163,86.229,-0.1525
35164,87.087,-0.1608
35165,87.949,-0.1665
35166,88.589,-0.1713
35167,88.967,-0.176
35168,89.272,-0.1802
35169,89.734,-0.1865
35170,90.425,-0.1938
35171,91.222,-0.201
35172,91.924,-0.2083
35173,92.398,-0.2145
35174,92.63,-0.2235
35175,92.694,-0.2325
35176,92.685,-0.2385
35177,92.68,-0.2437
35178,92.755,-0.2472
35179,92.978,-0.2518
35180,93.362,-0.2565
35181,93.89,-0.2612
35182,94.576,-0.2647
35183,95.419,-0.2678
35184,96.354,-0.271
35185,97.303,-0.2742
35186,98.244,-0.2752
35187,99.181,-0.2765
35188,100.064,-0.2782
35189,100.761,-0.2812
35190,101.128,-0.2833
35191,101.177,-0.2843
35192,101.128,-0.2835
35193,101.202,-0.2838
35194,101.427,-0.284
35195,101.689,-0.2845
35196,101.878,-0.2853
35197,101.953,-0.286
35198,101.96,-0.286
35199,102.019,-0.2868
35200,102.246,-0.2865
35201,102.634,-0.2863
35202,103.027,-0.2853
35203,103.271,-0.283
35204,103.413,-0.2802
35205,103.643,-0.2772
35206,104.042,-0.2752
35207,104.45,-0.273
35208,104.619,-0.2705
35209,104.447,-0.2682
35210,104.042,-0.2647
35211,103.562,-0.2615
35212,103.054,-0.2583
35213,102.501,-0.2555
35214,102.026,-0.249
35215,101.871,-0.2423
35216,102.131,-0.2393
35217,102.622,-0.236
35218,103.053,-0.2335
35219,103.204,-0.2308
35220,103.051,-0.228
35221,102.802,-0.2253
35222,102.714,-0.2233
35223,102.867,-0.2217
35224,103.176,-0.2205
35225,103.49,-0.2193
35226,103.689,-0.2182
35227,103.828,-0.2172
35228,104.163,-0.216
35229,104.849,-0.2135
35230,105.633,-0.212
35231,105.924,-0.2103
35232,105.254,-0.2095
35233,103.731,-0.208
35234,102.048,-0.2063
35235,101.021,-0.2045
35236,101.026,-0.2033
35237,101.87,-0.202
35238,103.116,-0.2002
35239,104.37,-0.1978
35240,105.334,-0.1972
35241,105.871,-0.196
35242,106.059,-0.1923
35243,106.15,-0.1923
35244,106.438,-0.1923
35245,107.048,-0.1933
35246,107.834,-0.193
35247,108.547,-0.1933
35248,109.09,-0.1935
35249,109.552,-0.192
35250,110.092,-0.191
35251,110.801,-0.191
35252,111.604,-0.1913
35253,112.316,-0.191
35254,112.808,-0.1915
35255,113.039,-0.1923
35256,112.948,-0.193
35257,112.448,-0.1938
35258,111.625,-0.1943
35259,110.88,-0.195
35260,110.707,-0.1958
35261,111.261,-0.197
35262,112.198,-0.1978
35263,112.912,-0.1988
35264,112.934,-0.1992
35265,112.185,-0.2002
35266,110.897,-0.2018
35267,109.406,-0.2033
35268,108.046,-0.2035
35269,107.046,-0.2037
35270,106.421,-0.204
35271,105.989,-0.2053
35272,105.531,-0.2063
35273,104.987,-0.2077
35274,104.463,-0.2093
35275,104.062,-0.2105
35276,103.774,-0.211
35277,103.494,-0.2115
35278,103.113,-0.2125
35279,102.595,-0.2132
35280,101.975,-0.213
35281,101.334,-0.2135
35282,100.758,-0.2132
35283,100.335,-0.2127
35284,100.179,-0.212
35285,100.341,-0.2105
35286,100.684,-0.2103
35287,100.955,-0.2095
35288,100.976,-0.2085
35289,100.746,-0.2093
35290,100.419,-0.2097
35291,100.179,-0.2083
35292,100.087,-0.2065
35293,100.067,-0.205
35294,100.06,-0.204
35295,100.116,-0.203
35296,100.329,-0.201
35297,100.728,-0.1992
35298,101.27,-0.1975
35299,101.901,-0.1955
35300,102.61,-0.1923
35301,103.465,-0.1867
35302,104.504,-0.1835
35303,105.604,-0.1785
35304,106.545,-0.173
35305,107.169,-0.167
35306,107.466,-0.161
35307,107.553,-0.155
35308,107.552,-0.15
35309,107.478,-0.1465
35310,107.321,-0.143
35311,107.139,-0.139
35312,106.982,-0.1358
35313,106.824,-0.132
35314,106.613,-0.1285
35315,106.311,-0.1253
35316,105.915,-0.1225
35317,105.459,-0.1197
35318,104.968,-0.1172
35319,104.408,-0.114
35320,103.793,-0.11
35321,103.255,-0.106
35322,102.896,-0.1035
35323,102.618,-0.1012
35324,102.179,-0.098
35325,101.398,-0.0948
35326,100.325,-0.093
35327,99.274,-0.0915
35328,98.631,-0.09
35329,98.559,-0.0902
35330,98.916,-0.0905
35331,99.425,-0.0897
35332,99.842,-0.089
35333,99.998,-0.0883
35334,99.831,-0.0902
35335,99.425,-0.0925
35336,98.944,-0.0925
35337,98.544,-0.0925
35338,98.309,-0.0958
35339,98.23,-0.099
35340,98.233,-0.0997
35341,98.245,-0.1017
35342,98.185,-0.1017
35343,97.965,-0.1032
35344,97.568,-0.1063
35345,97.093,-0.1092
35346,96.692,-0.111
35347,96.441,-0.1128
35348,96.286,-0.1077
35349,96.188,-0.0997
35350,96.246,-0.0917
35351,96.574,-0.0835
35352,97.131,-0.0752
35353,97.718,-0.067
35354,98.12,-0.0588
35355,98.268,-0.051
35356,98.266,-0.0423
35357,98.227,-0.0338
35358,98.191,-0.0253
35359,98.239,-0.0168
35360,98.545,-0.009
35361,99.205,-0.0013
35362,100.059,0.007
35363,100.748,0.0163
35364,100.995,0.0243
35365,100.814,0.0315
35366,100.447,0.0403
35367,100.087,0.0415
35368,99.73,0.0427
35369,99.373,0.0462
35370,99.201,0.0572
35371,99.453,0.0665
35372,100.126,0.077
35373,100.891,0.0785
35374,101.305,0.0828
35375,101.144,0.087
35376,100.57,0.0895
35377,99.962,0.0995
35378,99.619,0.1128
35379,99.598,0.126
35380,99.765,0.1293
35381,99.956,0.132
35382,100.145,0.1345
35383,100.399,0.137
35384,100.66,0.1483
35385,100.747,0.1595
35386,100.561,0.1693
35387,100.167,0.1808
35388,99.734,0.1875
35389,99.428,0.1925
35390,99.298,0.1975
35391,99.283,0.1998
35392,99.258,0.2027
35393,99.079,0.2057
35394,98.733,0.2095
35395,98.423,0.2152
35396,98.38,0.2238
35397,98.58,0.2213
35398,98.75,0.2188
35399,98.717,0.2155
35400,98.634,0.213
35401,98.847,0.2105
35402,99.565,0.2077
35403,100.61,0.203
35404,101.568,0.1988
35405,102.208,0.195
35406,102.6,0.1913
35407,102.886,0.195
35408,103.119,0.1985
35409,103.273,0.2022
35410,103.322,0.1985
35411,103.332,0.1945
35412,103.415,0.1895
35413,103.58,0.1935
35414,103.72,0.1975
35415,103.773,0.2018
35416,103.821,0.2055
35417,103.947,0.2015
35418,104.11,0.1972
35419,104.278,0.192
35420,104.555,0.1928
35421,105.055,0.1935
35422,105.645,0.1943
35423,105.918,0.195
35424,105.508,0.1878
35425,104.447,0.1805
35426,103.142,0.1733
35427,102.015,0.164
35428,101.225,0.1522
35429,100.693,0.1407
35430,100.356,0.129
35431,100.233,0.12
35432,100.246,0.1105
35433,100.183,0.101
35434,99.975,0.0895
35435,99.802,0.0765
35436,99.938,0.0602
35437,100.559,0.0535
35438,101.558,0.0467
35439,102.574,0.04
35440,103.314,0.0325
35441,103.712,0.0232
35442,103.836,0.0135
35443,103.763,0.0047
35444,103.533,-0.0053
35445,103.14,-0.015
35446,102.532,-0.0245
35447,101.658,-0.0345
35448,100.592,-0.0435
35449,99.606,-0.0532
35450,99.078,-0.0638
35451,99.249,-0.074
35452,100.008,-0.085
35453,100.992,-0.0958
35454,101.887,-0.1065
35455,102.589,-0.118
35456,103.128,-0.129
35457,103.524,-0.1398
35458,103.68,-0.1505
35459,103.453,-0.1605
35460,102.814,-0.1703
35461,101.92,-0.18
35462,101.049,-0.1898
35463,100.427,-0.2002
35464,100.06,-0.2095
35465,99.761,-0.219
35466,99.418,-0.2288
35467,99.156,-0.2383
35468,99.2,-0.2472
35469,99.669,-0.2563
35470,100.489,-0.265
35471,101.455,-0.274
35472,102.364,-0.2823
35473,103.062,-0.2908
35474,103.435,-0.298
35475,103.483,-0.3055
35476,103.367,-0.313
35477,103.297,-0.319
35478,103.375,-0.325
35479,103.565,-0.331
35480,103.733,-0.3377
35481,103.738,-0.3427
35482,103.517,-0.3468
35483,103.113,-0.351
35484,102.639,-0.3545
35485,102.25,-0.3578
35486,102.094,-0.3612
35487,102.184,-0.3642
35488,102.338,-0.368
35489,102.324,-0.373
35490,102.08,-0.3778
35491,101.808,-0.382
35492,101.823,-0.386
35493,102.239,-0.39
35494,102.812,-0.394
35495,103.13,-0.3982
35496,103.002,-0.404
35497,102.635,-0.4088
35498,102.432,-0.4128
35499,102.662,-0.4165
35500,103.319,-0.4202
35501,104.152,-0.426
35502,104.823,-0.431
35503,105.093,-0.4352
35504,104.936,-0.4405
35505,104.521,-0.4452
35506,104.085,-0.4497
35507,103.811,-0.455
35508,103.786,-0.4602
35509,104.021,-0.4657
35510,104.465,-0.4715
35511,104.983,-0.4773
35512,105.341,-0.483
35513,105.334,-0.4895
35514,104.982,-0.496
35515,104.54,-0.5025
35516,104.257,-0.5105
35517,104.194,-0.5175
35518,104.288,-0.5245
35519,104.47,-0.5318
35520,104.721,-0.5375
35521,105.032,-0.5433
35522,105.36,-0.5495
35523,105.668,-0.557
35524,105.991,-0.5645
35525,106.33,-0.5725
35526,106.505,-0.5813
35527,106.272,-0.5882
35528,105.55,-0.5953
35529,104.497,-0.6018
35530,103.381,-0.6068
35531,102.359,-0.6118
35532,101.409,-0.6165
35533,100.497,-0.6222
35534,99.717,-0.6287
35535,99.19,-0.6342
35536,98.914,-0.6385
35537,98.778,-0.6425
35538,98.661,-0.647
35539,98.495,-0.6517
35540,98.281,-0.6565
35541,98.053,-0.6613
35542,97.806,-0.667
35543,97.495,-0.6723
35544,97.074,-0.6767
35545,96.525,-0.6815
35546,95.871,-0.6865
35547,95.173,-0.6903
35548,94.47,-0.6947
35549,93.768,-0.6992
35550,93.152,-0.7035
35551,92.834,-0.707
35552,92.96,-0.711
35553,93.394,-0.714
35554,93.768,-0.7173
35555,93.766,-0.7188
35556,93.363,-0.7188
35557,92.783,-0.7195
35558,92.211,-0.7202
35559,91.618,-0.7213
35560,90.91,-0.7228
35561,90.078,-0.7235
35562,89.2,-0.724
35563,88.402,-0.7233
35564,87.798,-0.7213
35565,87.426,-0.719
35566,87.248,-0.715
35567,87.119,-0.7125
35568,86.81,-0.7097
35569,86.238,-0.7055
35570,85.564,-0.7025
35571,85,-0.6997
35572,84.607,-0.6965
35573,84.303,-0.6925
35574,83.999,-0.6877
35575,83.746,-0.682
35576,83.669,-0.677
35577,83.76,-0.672
35578,83.905,-0.6673
35579,84.078,-0.662
35580,84.388,-0.6555
35581,84.942,-0.6472
35582,85.682,-0.6372
35583,86.382,-0.6278
35584,86.842,-0.6185
35585,87.051,-0.61
35586,87.168,-0.6015
35587,87.389,-0.5938
35588,87.796,-0.5853
35589,88.352,-0.576
35590,88.987,-0.5657
35591,89.67,-0.556
35592,90.415,-0.546
35593,91.26,-0.5378
35594,92.239,-0.529
35595,93.405,-0.5208
35596,94.821,-0.5102
35597,96.468,-0.5
35598,98.132,-0.4898
35599,99.484,-0.479
35600,100.356,-0.4692
35601,100.846,-0.46
35602,101.089,-0.45
35603,101.037,-0.4395
35604,100.489,-0.4285
35605,99.346,-0.4175
35606,97.799,-0.407
35607,96.243,-0.3975
35608,95.026,-0.3887
35609,94.349,-0.3808
35610,94.352,-0.3725
35611,95.156,-0.3645
35612,96.691,-0.3558
35613,98.565,-0.347
35614,100.232,-0.3382
35615,101.34,-0.3305
35616,101.9,-0.3223
35617,102.237,-0.315
35618,102.766,-0.3075
35619,103.692,-0.3003
35620,104.832,-0.2933
35621,105.797,-0.2863
35622,106.356,-0.282
35623,106.575,-0.2777
35624,106.639,-0.2732
35625,106.653,-0.267
35626,106.546,-0.2605
35627,106.218,-0.2557
35628,105.811,-0.251
35629,105.637,-0.2477
35630,105.749,-0.2455
35631,105.848,-0.2417
35632,105.639,-0.238
35633,105.076,-0.2318
35634,104.34,-0.226
35635,103.649,-0.222
35636,103.033,-0.2203
35637,102.342,-0.2178
35638,101.503,-0.2145
35639,100.629,-0.2117
35640,99.888,-0.2085
35641,99.401,-0.206
35642,99.228,-0.2037
35643,99.338,-0.2018
35644,99.6,-0.2025
35645,99.863,-0.202
35646,100.027,-0.201
35647,100.064,-0.199
35648,100.038,-0.1985
35649,100.078,-0.198
35650,100.295,-0.1975
35651,100.697,-0.1965
35652,101.193,-0.197
35653,101.693,-0.1975
35654,102.176,-0.198
35655,102.661,-0.1992
35656,103.139,-0.2005
35657,103.538,-0.2022
35658,103.774,-0.2043
35659,103.847,-0.206
35660,103.85,-0.2087
35661,103.889,-0.2115
35662,104.026,-0.213
35663,104.329,-0.2145
35664,104.848,-0.2158
35665,105.507,-0.2178
35666,106.136,-0.2203
35667,106.607,-0.2207
35668,106.843,-0.2207
35669,106.817,-0.2197
35670,106.599,-0.2178
35671,106.282,-0.2172
35672,105.935,-0.2168
35673,105.701,-0.217
35674,105.832,-0.2172
35675,106.523,-0.217
35676,107.676,-0.2168
35677,108.876,-0.217
35678,109.67,-0.2182
35679,109.937,-0.219
35680,110.026,-0.2195
35681,110.4,-0.2195
35682,111.106,-0.219
35683,111.759,-0.219
35684,112.01,-0.2172
35685,111.842,-0.2168
35686,111.502,-0.217
35687,111.251,-0.2175
35688,111.168,-0.2158
35689,111.165,-0.2142
35690,111.106,-0.2117
35691,110.888,-0.2105
35692,110.505,-0.2095
35693,110.04,-0.2083
35694,109.576,-0.207
35695,109.118,-0.2047
35696,108.583,-0.2018
35697,107.882,-0.199
35698,107.014,-0.196
35699,106.08,-0.193
35700,105.212,-0.191
35701,104.519,-0.1893
35702,104.064,-0.1875
35703,103.843,-0.186
35704,103.784,-0.185
35705,103.791,-0.1852
35706,103.808,-0.185
35707,103.809,-0.1845
35708,103.732,-0.185
35709,103.505,-0.1855
35710,103.177,-0.1872
35711,102.926,-0.189
35712,102.91,-0.192
35713,103.145,-0.195
35714,103.49,-0.1985
35715,103.744,-0.2018
35716,103.772,-0.204
35717,103.544,-0.2065
35718,103.112,-0.2087
35719,102.612,-0.2122
35720,102.266,-0.2158
35721,102.278,-0.2195
35722,102.641,-0.2243
35723,103.102,-0.2285
35724,103.312,-0.2335
35725,102.989,-0.2385
35726,102.088,-0.243
35727,100.899,-0.2475
35728,99.902,-0.2537
35729,99.484,-0.2595
35730,99.732,-0.2662
35731,100.406,-0.2727
35732,101.139,-0.2785
35733,101.727,-0.2848
35734,102.14,-0.2908
35735,102.321,-0.297
35736,102.17,-0.3045
35737,101.683,-0.3115
35738,101.021,-0.3192
35739,100.462,-0.3275
35740,100.233,-0.3345
35741,100.314,-0.3405
35742,100.491,-0.3465
35743,100.626,-0.3525
35744,100.785,-0.3575
35745,101.163,-0.3612
35746,101.86,-0.3653
35747,102.691,-0.3693
35748,103.317,-0.3723
35749,103.557,-0.3753
35750,103.465,-0.378
35751,103.189,-0.3788
35752,102.858,-0.3782
35753,102.524,-0.3778
35754,102.214,-0.3772
35755,101.95,-0.378
35756,101.67,-0.3788
35757,101.285,-0.3792
35758,100.83,-0.3795
35759,100.429,-0.3785
35760,100.054,-0.3775
35761,99.465,-0.3757
35762,98.428,-0.3745
35763,96.99,-0.3733
35764,95.522,-0.3715
35765,94.537,-0.3697
35766,94.333,-0.369
35767,94.773,-0.3683
35768,95.409,-0.3663
35769,95.781,-0.364
35770,95.696,-0.3618
35771,95.285,-0.3593
35772,94.784,-0.3563
35773,94.302,-0.3525
35774,93.832,-0.349
35775,93.375,-0.3448
35776,93.006,-0.3397
35777,92.793,-0.3348
35778,92.668,-0.329
35779,92.443,-0.3237
35780,91.973,-0.3187
35781,91.261,-0.3138
35782,90.451,-0.3095
35783,89.745,-0.305
35784,89.276,-0.3015
35785,89.033,-0.2973
35786,88.881,-0.2925
35787,88.704,-0.2893
35788,88.541,-0.2863
35789,88.535,-0.2833
35790,88.756,-0.2802
35791,89.156,-0.2792
35792,89.68,-0.2777
35793,90.316,-0.276
35794,91.029,-0.2735
35795,91.685,-0.2697
35796,92.088,-0.267
35797,92.144,-0.2645
35798,91.99,-0.2622
35799,91.885,-0.2595
35800,91.973,-0.2567
35801,92.196,-0.2565
35802,92.42,-0.2543
35803,92.58,-0.252
35804,92.706,-0.2502
35805,92.835,-0.2475
35806,92.967,-0.2445
35807,93.24,-0.2415
35808,94.005,-0.2383
35809,95.525,-0.2352
35810,97.707,-0.2322
35811,100.119,-0.229
35812,102.236,-0.2265
35813,103.759,-0.2245
35814,104.727,-0.2225
35815,105.297,-0.2205
35816,105.567,-0.2185
35817,105.618,-0.2165
35818,105.529,-0.2145
35819,105.36,-0.2117
35820,105.199,-0.2095
35821,105.126,-0.2077
35822,105.131,-0.2045
35823,105.144,-0.201
35824,105.114,-0.1988
35825,105.096,-0.1975
35826,105.308,-0.195
35827,106.007,-0.191
35828,107.198,-0.1875
35829,108.564,-0.182
35830,109.712,-0.1762
35831,110.407,-0.172
35832,110.64,-0.1683
35833,110.544,-0.1645
35834,110.224,-0.1578
35835,109.671,-0.151
35836,108.887,-0.1465
35837,107.962,-0.1417
35838,106.967,-0.1355
35839,105.907,-0.1298
35840,104.76,-0.124
35841,103.469,-0.1162
35842,101.978,-0.1105
35843,100.334,-0.1048
35844,98.667,-0.099
35845,97.113,-0.0943
35846,95.708,-0.091
35847,94.32,-0.0878
35848,92.838,-0.0825
35849,91.411,-0.0772
35850,90.344,-0.072
35851,89.788,-0.0668
35852,89.623,-0.0615
35853,89.565,-0.0565
35854,89.421,-0.0515
35855,89.269,-0.0465
35856,89.317,-0.042
35857,89.634,-0.0377
35858,90.09,-0.0335
35859,90.483,-0.0298
35860,90.711,-0.0258
35861,90.854,-0.0217
35862,91.083,-0.0185
35863,91.477,-0.0165
35864,91.947,-0.0132
35865,92.351,-0.01
35866,92.663,-0.0083
35867,93.041,-0.0067
35868,93.668,-0.005
35869,94.534,-0.006
35870,95.413,-0.0073
35871,96.045,-0.007
35872,96.332,-0.007
35873,96.46,-0.007
35874,96.801,-0.01
35875,97.626,-0.013
35876,98.892,-0.0142
35877,100.318,-0.0163
35878,101.594,-0.0198
35879,102.542,-0.0232
35880,103.144,-0.0272
35881,103.444,-0.031
35882,103.482,-0.0342
35883,103.371,-0.0375
35884,103.305,-0.0408
35885,103.402,-0.044
35886,103.604,-0.0457
35887,103.706,-0.0478
35888,103.546,-0.0525
35889,103.203,-0.0575
35890,102.928,-0.0622
35891,102.914,-0.0675
35892,103.17,-0.0727
35893,103.522,-0.078
35894,103.688,-0.0833
35895,103.434,-0.0912
35896,102.782,-0.0985
35897,102.11,-0.1045
35898,101.937,-0.1105
35899,102.451,-0.116
35900,103.37,-0.1225
35901,104.28,-0.129
35902,104.979,-0.1355
35903,105.45,-0.1405
35904,105.618,-0.1455
35905,105.285,-0.1502
35906,104.389,-0.155
35907,103.25,-0.1595
35908,102.372,-0.164
35909,101.979,-0.1683
35910,101.898,-0.1728
35911,101.847,-0.1772
35912,101.701,-0.183
35913,101.464,-0.189
35914,101.161,-0.195
35915,100.836,-0.201
35916,100.599,-0.2065
35917,100.57,-0.2112
35918,100.819,-0.2158
35919,101.325,-0.2193
35920,101.911,-0.2227
35921,102.268,-0.2265
35922,102.189,-0.2302
35923,101.763,-0.234
35924,101.311,-0.239
35925,101.195,-0.244
35926,101.583,-0.248
35927,102.312,-0.2518
35928,103.045,-0.2553
35929,103.554,-0.2587
35930,103.793,-0.2625
35931,103.777,-0.266
35932,103.529,-0.2685
35933,103.109,-0.271
35934,102.627,-0.2735
35935,102.214,-0.2745
35936,101.979,-0.276
35937,101.987,-0.278
35938,102.23,-0.2787
35939,102.576,-0.2795
35940,102.836,-0.2782
35941,102.901,-0.277
35942,102.808,-0.275
35943,102.711,-0.273
35944,102.779,-0.2712
35945,103.04,-0.2697
35946,103.365,-0.2685
35947,103.562,-0.267
35948,103.424,-0.2632
35949,102.776,-0.2607
35950,101.617,-0.2575
35951,100.2,-0.2543
35952,99.022,-0.2502
35953,98.653,-0.2462
35954,99.398,-0.2423
35955,101.122,-0.2383
35956,103.358,-0.233
35957,105.481,-0.2278
35958,106.944,-0.2227
35959,107.5,-0.2188
35960,107.213,-0.2142
35961,106.364,-0.21
35962,105.348,-0.2053
35963,104.463,-0.2005
35964,103.743,-0.195
35965,103.058,-0.1895
35966,102.31,-0.1845
35967,101.529,-0.1795
35968,100.849,-0.1745
35969,100.393,-0.1695
35970,100.179,-0.1645
35971,100.13,-0.1583
35972,100.141,-0.1532
35973,100.144,-0.1478
35974,100.144,-0.1422
35975,100.217,-0.1348
35976,100.441,-0.1273
35977,100.757,-0.1202
35978,100.98,-0.1145
35979,100.974,-0.1085
35980,100.797,-0.1027
35981,100.624,-0.0978
35982,100.553,-0.0935
35983,100.541,-0.09
35984,100.532,-0.0862
35985,100.588,-0.0825
35986,100.818,-0.0788
35987,101.222,-0.0747
35988,101.7,-0.073
35989,102.177,-0.0685
35990,102.657,-0.064
35991,103.121,-0.0595
35992,103.437,-0.054
35993,103.438,-0.0485
35994,103.114,-0.043
35995,102.639,-0.037
35996,102.224,-0.0323
35997,101.989,-0.0278
35998,101.923,-0.0238
35999,101.94,-0.0198
36000,101.965,-0.0158
36001,101.974,-0.011
36002,101.969,-0.0075
36003,101.957,-0.004
36004,101.945,0.0005
36005,101.94,0.005
36006,101.941,0.008
36007,101.945,0.0115
36008,101.942,0.0155
36009,101.931,0.0205
36010,101.913,0.0258
36011,101.899,0.03
36012,101.894,0.0345
36013,101.898,0.0382
36014,101.917,0.042
36015,102.009,0.044
36016,102.252,0.0498
36017,102.657,0.0555
36018,103.126,0.0612
36019,103.515,0.0668
36020,103.732,0.0715
36021,103.791,0.077
36022,103.78,0.0825
36023,103.767,0.0895
36024,103.765,0.0972
36025,103.75,0.1045
36026,103.673,0.1125
36027,103.516,0.1177
36028,103.35,0.123
36029,103.28,0.1273
36030,103.36,0.13
36031,103.535,0.1332
36032,103.631,0.1363
36033,103.488,0.1398
36034,103.108,0.1442
36035,102.632,0.1483
36036,102.235,0.1522
36037,102.078,0.1552
36038,102.234,0.1588
36039,102.637,0.1625
36040,103.113,0.166
36041,103.44,0.1698
36042,103.44,0.1742
36043,103.11,0.1787
36044,102.628,0.1825
36045,102.227,0.1857
36046,102.083,0.1885
36047,102.186,0.1908
36048,102.305,0.1938
36049,102.167,0.1958
36050,101.686,0.1982
36051,101.022,0.1988
36052,100.498,0.1992
36053,100.405,0.2002
36054,100.813,0.2012
36055,101.553,0.1995
36056,102.26,0.194
36057,102.515,0.1885
36058,102.1,0.183
36059,101.187,0.1805
36060,100.241,0.1782
36061,99.687,0.1755
36062,99.615,0.1728
36063,99.823,0.1713
36064,100.106,0.169
36065,100.358,0.1672
36066,100.469,0.164
36067,100.297,0.1635
36068,99.795,0.163
36069,99.143,0.1625
36070,98.729,0.1633
36071,98.839,0.1635
36072,99.295,0.1618
36073,99.576,0.1595
36074,99.303,0.1562
36075,98.537,0.153
36076,97.695,0.1505
36077,97.192,0.1483
36078,97.148,0.1447
36079,97.404,0.141
36080,97.786,0.1375
36081,98.272,0.1337
36082,98.907,0.1288
36083,99.669,0.1233
36084,100.475,0.118
36085,101.246,0.1143
36086,101.951,0.1123
36087,102.579,0.1105
36088,103.1,0.108
36089,103.484,0.1055
36090,103.77,0.102
36091,104.071,0.1005
36092,104.472,0.099
36093,104.925,0.0988
36094,105.303,0.0983
36095,105.591,0.102
36096,105.967,0.1035
36097,106.602,0.105
36098,107.407,0.1068
36099,108.08,0.1055
36100,108.407,0.105
36101,108.414,0.105
36102,108.255,0.1065
36103,108.009,0.1048
36104,107.624,0.101
36105,107.048,0.0972
36106,106.352,0.0945
36107,105.646,0.0902
36108,104.942,0.0867
36109,104.178,0.0833
36110,103.319,0.0795
36111,102.392,0.0752
36112,101.439,0.0713
36113,100.492,0.0673
36114,99.635,0.0638
36115,99.021,0.0602
36116,98.74,0.055
36117,98.71,0.0508
36118,98.739,0.0478
36119,98.684,0.0447
36120,98.515,0.0408
36121,98.27,0.0362
36122,97.96,0.0342
36123,97.55,0.0328
36124,97.018,0.0315
36125,96.392,0.029
36126,95.756,0.0262
36127,95.201,0.0253
36128,94.794,0.0245
36129,94.573,0.0238
36130,94.52,0.0232
36131,94.532,0.0212
36132,94.474,0.0195
36133,94.252,0.0165
36134,93.846,0.0138
36135,93.29,0.0107
36136,92.641,0.0105
36137,92.003,0.01
36138,91.532,0.0085
36139,91.373,0.007
36140,91.563,0.005
36141,91.975,0.0035
36142,92.38,-0.0003
36143,92.609,-0.0032
36144,92.67,-0.0043
36145,92.72,-0.006
36146,92.958,-0.0077
36147,93.524,-0.0097
36148,94.325,-0.0105
36149,94.994,-0.0112
36150,95.195,-0.012
36151,94.982,-0.012
36152,94.749,-0.0115
36153,94.928,-0.011
36154,95.698,-0.011
36155,96.947,-0.0107
36156,98.53,-0.0095
36157,100.366,-0.008
36158,102.211,-0.0063
36159,103.644,-0.0045
36160,104.423,-0.0003
36161,104.686,0.0037
36162,104.792,0.0065
36163,105.01,0.0092
36164,105.314,0.0118
36165,105.482,0.015
36166,105.421,0.0165
36167,105.257,0.016
36168,105.105,0.0152
36169,104.947,0.0145
36170,104.719,0.0123
36171,104.408,0.0107
36172,104.085,0.009
36173,103.87,0.0073
36174,103.794,0.0063
36175,103.724,0.0043
36176,103.505,0.0028
36177,103.115,0.0015
36178,102.667,0.0013
36179,102.289,0.001
36180,102.005,0.001
36181,101.715,0.0005
36182,101.31,-0.0003
36183,100.767,-0.001
36184,100.123,-0.0017
36185,99.409,-0.0013
36186,98.628,-0.0008
36187,97.824,0.0005
36188,97.129,-0.0003
36189,96.646,-0.001
36190,96.326,-0.0025
36191,96.028,-0.0028
36192,95.709,-0.0017
36193,95.483,-0.0013
36194,95.484,-0.0008
36195,95.712,-0.0005
36196,96.035,-0.0003
36197,96.339,0.0008
36198,96.645,0.0005
36199,97.047,0
36200,97.585,-0.002
36201,98.222,-0.0032
36202,98.868,-0.0043
36203,99.426,-0.0053
36204,99.819,-0.0063
36205,100.039,-0.0083
36206,100.23,-0.0085
36207,100.605,-0.0095
36208,101.239,-0.01
36209,102.026,-0.0105
36210,102.769,-0.0112
36211,103.308,-0.0112
36212,103.613,-0.0103
36213,103.746,-0.0092
36214,103.785,-0.0095
36215,103.836,-0.01
36216,104.053,-0.0112
36217,104.599,-0.0125
36218,105.554,-0.014
36219,106.786,-0.0145
36220,107.918,-0.015
36221,108.496,-0.015
36222,108.281,-0.014
36223,107.486,-0.013
36224,106.786,-0.012
36225,106.889,-0.0115
36226,107.972,-0.0092
36227,109.546,-0.0067
36228,110.868,-0.0025
36229,111.436,0.0015
36230,111.252,0.0063
36231,110.696,0.0103
36232,110.087,0.0138
36233,109.41,0.0182
36234,108.43,0.0222
36235,106.931,0.0262
36236,104.91,0.0302
36237,102.671,0.0333
36238,100.674,0.0367
36239,99.216,0.0405
36240,98.272,0.0452
36241,97.567,0.0487
36242,96.698,0.052
36243,95.31,0.0553
36244,93.327,0.0572
36245,91.06,0.0588
36246,89.102,0.0598
36247,88.042,0.0615
36248,88.14,0.0625
36249,89.201,0.0635
36250,90.764,0.0663
36251,92.395,0.0678
36252,93.826,0.0682
36253,94.939,0.0687
36254,95.714,0.0697
36255,96.178,0.0725
36256,96.325,0.0755
36257,96.137,0.0785
36258,95.709,0.0813
36259,95.274,0.083
36260,95.09,0.0843
36261,95.267,0.0855
36262,95.689,0.0872
36263,96.097,0.0888
36264,96.259,0.0902
36265,96.095,0.092
36266,95.697,0.0917
36267,95.229,0.0915
36268,94.841,0.0895
36269,94.615,0.0872
36270,94.538,0.085
36271,94.53,0.083
36272,94.528,0.0798
36273,94.515,0.076
36274,94.489,0.0727
36275,94.47,0.0687
36276,94.532,0.0648
36277,94.757,0.0598
36278,95.159,0.0553
36279,95.715,0.0515
36280,96.431,0.0467
36281,97.308,0.0427
36282,98.268,0.0385
36283,99.146,0.0342
36284,99.775,0.0307
36285,100.147,0.0275
36286,100.436,0.0248
36287,100.809,0.0227
36288,101.256,0.021
36289,101.646,0.0192
36290,101.876,0.0182
36291,101.95,0.0185
36292,101.945,0.0182
36293,101.929,0.018
36294,101.917,0.0178
36295,101.908,0.0155
36296,101.903,0.0128
36297,101.901,0.0112
36298,101.905,0.01
36299,101.911,0.0085
36300,101.92,0.0073
36301,101.931,0.0055
36302,101.943,0.0035
36303,101.957,0.0017
36304,101.972,0.0003
36305,101.965,-0.0023
36306,101.88,-0.0045
36307,101.707,-0.0067
36308,101.527,-0.009
36309,101.452,-0.0103
36310,101.528,-0.0115
36311,101.704,-0.0135
36312,101.869,-0.0138
36313,101.948,-0.0142
36314,101.961,-0.0148
36315,101.953,-0.0152
36316,101.938,-0.0158
36317,101.927,-0.0152
36318,101.992,-0.0148
36319,102.224,-0.015
36320,102.632,-0.0152
36321,103.107,-0.0155
36322,103.513,-0.0163
36323,103.819,-0.0172
36324,104.118,-0.0178
36325,104.509,-0.0175
36326,104.963,-0.017
36327,105.35,-0.0175
36328,105.566,-0.018
36329,105.628,-0.0185
36330,105.635,-0.0202
36331,105.641,-0.022
36332,105.589,-0.0232
36333,105.378,-0.0248
36334,104.993,-0.0255
36335,104.544,-0.0258
36336,104.143,-0.0262
36337,103.736,-0.028
36338,103.165,-0.0298
36339,102.468,-0.0307
36340,101.949,-0.032
36341,101.88,-0.0333
36342,102.269,-0.035
36343,102.819,-0.036
36344,103.04,-0.0372
36345,102.616,-0.0375
36346,101.656,-0.0377
36347,100.456,-0.0377
36348,99.243,-0.0393
36349,98.138,-0.0413
36350,97.124,-0.0432
36351,96.149,-0.0455
36352,95.307,-0.048
36353,94.702,-0.0503
36354,94.257,-0.0522
36355,93.831,-0.0537
36356,93.372,-0.0562
36357,92.897,-0.0588
36358,92.417,-0.0612
36359,91.927,-0.0638
36360,91.448,-0.0663
36361,91.056,-0.0687
36362,90.835,-0.0705
36363,90.775,-0.0718
36364,90.789,-0.0727
36365,90.824,-0.0737
36366,90.922,-0.075
36367,91.114,-0.076
36368,91.308,-0.0767
36369,91.323,-0.0775
36370,91.036,-0.0777
36371,90.458,-0.078
36372,89.67,-0.0772
36373,88.727,-0.0765
36374,87.668,-0.0765
36375,86.559,-0.0765
36376,85.501,-0.0762
36377,84.62,-0.076
36378,83.997,-0.076
36379,83.675,-0.0765
36380,83.7,-0.076
36381,84.029,-0.0757
36382,84.498,-0.0752
36383,84.983,-0.0755
36384,85.525,-0.076
36385,86.23,-0.0767
36386,87.101,-0.0775
36387,88.015,-0.0793
36388,88.855,-0.0785
36389,89.68,-0.0777
36390,90.685,-0.0772
36391,91.979,-0.0767
36392,93.424,-0.076
36393,94.672,-0.0747
36394,95.35,-0.0737
36395,95.263,-0.0715
36396,94.452,-0.069
36397,93.138,-0.0663
36398,91.67,-0.0635
36399,90.394,-0.0607
36400,89.513,-0.0575
36401,89.058,-0.0542
36402,88.925,-0.0517
36403,88.934,-0.05
36404,88.96,-0.0483
36405,88.975,-0.0465
36406,88.967,-0.0447
36407,88.87,-0.0432
36408,88.641,-0.042
36409,88.401,-0.0408
36410,88.339,-0.039
36411,88.459,-0.0365
36412,88.552,-0.0335
36413,88.388,-0.0305
36414,87.938,-0.0275
36415,87.492,-0.0245
36416,87.46,-0.0208
36417,88.002,-0.017
36418,88.958,-0.013
36419,90.091,-0.009
36420,91.278,-0.005
36421,92.505,-0.0008
36422,93.763,0.003
36423,95.005,0.0067
36424,96.175,0.0128
36425,97.207,0.0192
36426,97.99,0.0245
36427,98.387,0.0305
36428,98.296,0.0367
36429,97.794,0.043
36430,97.162,0.0505
36431,96.686,0.058
36432,96.454,0.063
36433,96.399,0.0678
36434,96.422,0.0735
36435,96.449,0.0793
36436,96.4,0.0857
36437,96.173,0.092
36438,95.686,0.0968
36439,94.956,0.1032
36440,94.13,0.1082
36441,93.421,0.1133
36442,92.958,0.119
36443,92.698,0.1212
36444,92.448,0.1245
36445,91.948,0.1278
36446,90.976,0.131
36447,89.477,0.1345
36448,87.578,0.135
36449,85.509,0.1385
36450,83.516,0.1415
36451,81.79,0.1437
36452,80.453,0.146
36453,79.59,0.1485
36454,79.23,0.1492
36455,79.316,0.15
36456,79.734,0.1483
36457,80.378,0.1462
36458,81.164,0.1442
36459,82.002,0.1422
36460,82.723,0.1393
36461,83.066,0.1365
36462,82.832,0.1337
36463,82.072,0.131
36464,81.091,0.1255
36465,80.273,0.1195
36466,79.877,0.1133
36467,79.898,0.107
36468,80.137,0.1
36469,80.45,0.093
36470,80.847,0.0843
36471,81.386,0.0742
36472,82.05,0.0668
36473,82.69,0.059
36474,83.089,0.0503
36475,83.159,0.039
36476,83.04,0.0267
36477,82.948,0.0145
36478,83.015,0.0037
36479,83.266,-0.009
36480,83.664,-0.021
36481,84.134,-0.032
36482,84.602,-0.043
36483,84.98,-0.0495
36484,85.193,-0.0578
36485,85.25,-0.0663
36486,85.252,-0.0747
36487,85.314,-0.084
36488,85.48,-0.0902
36489,85.737,-0.0995
36490,86.038,-0.1087
36491,86.296,-0.118
36492,86.444,-0.1288
36493,86.522,-0.1395
36494,86.616,-0.1488
36495,86.768,-0.1568
36496,86.948,-0.163
36497,87.027,-0.169
36498,86.863,-0.175
36499,86.463,-0.181
36500,85.981,-0.1847
36501,85.584,-0.188
36502,85.349,-0.19
36503,85.196,-0.192
36504,84.958,-0.1923
36505,84.563,-0.1925
36506,84.103,-0.19
36507,83.711,-0.187
36508,83.415,-0.1845
36509,83.118,-0.1855
36510,82.721,-0.1855
36511,82.257,-0.184
36512,81.874,-0.1825
36513,81.724,-0.18
36514,81.81,-0.1777
36515,81.968,-0.1737
36516,82.036,-0.1713
36517,82.019,-0.1688
36518,82.075,-0.1662
36519,82.373,-0.162
36520,82.927,-0.1583
36521,83.564,-0.1555
36522,84.11,-0.1527
36523,84.515,-0.1505
36524,84.808,-0.1467
36525,85.038,-0.1422
36526,85.262,-0.1393
36527,85.554,-0.1353
36528,85.973,-0.1313
36529,86.523,-0.1273
36530,87.091,-0.123
36531,87.502,-0.1192
36532,87.661,-0.1155
36533,87.59,-0.1115
36534,87.333,-0.1077
36535,86.929,-0.1055
36536,86.438,-0.1032
36537,85.938,-0.101
36538,85.526,-0.0988
36539,85.282,-0.0965
36540,85.202,-0.0965
36541,85.204,-0.0965
36542,85.219,-0.0972
36543,85.231,-0.098
36544,85.221,-0.0997
36545,85.144,-0.1025
36546,84.989,-0.105
36547,84.839,-0.108
36548,84.786,-0.1108
36549,84.804,-0.11
36550,84.755,-0.1118
36551,84.515,-0.111
36552,84.13,-0.1103
36553,83.815,-0.1105
36554,83.738,-0.1105
36555,83.832,-0.1068
36556,83.905,-0.1005
36557,83.842,-0.0943
36558,83.678,-0.088
36559,83.529,-0.0862
36560,83.454,-0.0838
36561,83.365,-0.0813
36562,83.122,-0.0788
36563,82.715,-0.0793
36564,82.322,-0.0807
36565,82.159,-0.0828
36566,82.263,-0.0833
36567,82.437,-0.0855
36568,82.415,-0.0872
36569,82.083,-0.089
36570,81.57,-0.0915
36571,81.145,-0.0935
36572,80.992,-0.0932
36573,81.151,-0.0935
36574,81.588,-0.0922
36575,82.183,-0.0907
36576,82.696,-0.0895
36577,82.83,-0.0883
36578,82.355,-0.0852
36579,81.306,-0.0825
36580,80.079,-0.0798
36581,79.173,-0.0775
36582,78.794,-0.0752
36583,78.744,-0.0727
36584,78.697,-0.0703
36585,78.544,-0.0668
36586,78.444,-0.0655
36587,78.532,-0.0643
36588,78.7,-0.0638
36589,78.725,-0.065
36590,78.515,-0.0638
36591,78.133,-0.0653
36592,77.679,-0.0668
36593,77.196,-0.0678
36594,76.71,-0.0703
36595,76.3,-0.0783
36596,76.054,-0.0862
36597,75.974,-0.0943
36598,75.977,-0.1022
36600,76.017,-0.1108
36601,76.011,-0.115
36602,75.94,-0.1207
36603,75.84,-0.1225
36604,75.819,-0.1242
36605,75.92,-0.1265
36606,76.076,-0.1288
36607,76.179,-0.1285
36608,76.166,-0.13
36609,76.084,-0.1318
36610,76.023,-0.133
36611,75.953,-0.1332
36612,75.721,-0.1363
36613,75.246,-0.139
36614,74.686,-0.144
36615,74.35,-0.149
36616,74.395,-0.153
36617,74.662,-0.157
36618,74.857,-0.1628
36619,74.782,-0.1685
36620,74.438,-0.175
36621,73.989,-0.1813
36622,73.612,-0.1878
36623,73.321,-0.1945
36624,72.892,-0.2018
36625,72.028,-0.2087
36626,70.642,-0.2152
36627,69.025,-0.2217
36628,67.742,-0.2288
36629,67.229,-0.234
36630,67.379,-0.2395
36631,67.67,-0.2445
36632,67.643,-0.25
36633,67.17,-0.256
36634,66.423,-0.2617
36635,65.712,-0.2658
36636,65.215,-0.2705
36637,64.844,-0.2747
36638,64.39,-0.279
36639,63.748,-0.2835
36640,62.988,-0.2888
36641,62.253,-0.294
36642,61.56,-0.2965
36643,60.78,-0.2998
36644,59.894,-0.3027
36645,59.125,-0.3055
36646,58.73,-0.308
36647,58.767,-0.311
36648,59.046,-0.3125
36649,59.286,-0.3138
36650,59.368,-0.3148
36651,59.414,-0.3168
36652,59.613,-0.3165
36653,60.068,-0.3165
36654,60.774,-0.3152
36655,61.648,-0.314
36656,62.575,-0.3135
36657,63.501,-0.313
36658,64.481,-0.3125
36659,65.632,-0.3118
36660,67.03,-0.3118
36661,68.662,-0.3115
36662,70.461,-0.311
36663,72.397,-0.3105
36664,74.513,-0.3098
36665,76.788,-0.31
36666,78.996,-0.307
36667,80.795,-0.304
36668,81.993,-0.3
36669,82.725,-0.2963
36670,83.361,-0.2925
36671,84.199,-0.2883
36672,85.218,-0.2845
36673,86.163,-0.2807
36674,86.816,-0.2752
36675,87.114,-0.27
36676,87.117,-0.2655
36677,86.949,-0.2615
36678,86.766,-0.2567
36679,86.674,-0.2525
36680,86.658,-0.2485
36681,86.598,-0.2445
36682,86.375,-0.2417
36683,85.989,-0.2393
36684,85.535,-0.237
36685,85.072,-0.2352
36686,84.525,-0.2338
36687,83.753,-0.2325
36688,82.733,-0.2315
36689,81.635,-0.2305
36690,80.703,-0.2295
36691,80.086,-0.2298
36692,79.723,-0.2318
36693,79.359,-0.2328
36694,78.74,-0.2335
36695,77.81,-0.2342
36696,76.715,-0.2355
36697,75.667,-0.2375
36698,74.797,-0.2383
36699,74.141,-0.239
36700,73.734,-0.2385
36701,73.604,-0.2387
36702,73.702,-0.239
36703,73.911,-0.2393
36704,74.099,-0.2393
36705,74.194,-0.237
36706,74.215,-0.2377
36707,74.21,-0.2383
36708,74.207,-0.2387
36709,74.262,-0.2383
36710,74.474,-0.2352
36711,74.929,-0.2332
36712,75.623,-0.2302
36713,76.42,-0.2273
36714,77.117,-0.224
36715,77.574,-0.2203
36716,77.795,-0.2155
36717,77.929,-0.2107
36718,78.164,-0.207
36719,78.559,-0.2033
36720,79.029,-0.199
36721,79.501,-0.1958
36722,80.029,-0.193
36723,80.725,-0.1903
36724,81.593,-0.1875
36725,82.461,-0.184
36726,83.096,-0.1832
36727,83.397,-0.1827
36728,83.457,-0.1822
36729,83.432,-0.1818
36730,83.411,-0.1815
36731,83.41,-0.181
36732,83.42,-0.1802
36733,83.433,-0.1802
36734,83.443,-0.1805
36735,83.451,-0.18
36736,83.462,-0.1785
36737,83.465,-0.1765
36738,83.4,-0.175
36739,83.168,-0.1735
36740,82.694,-0.1718
36741,81.977,-0.1688
36742,81.093,-0.1657
36743,80.142,-0.1628
36744,79.184,-0.1598
36745,78.244,-0.1557
36746,77.377,-0.1512
36747,76.676,-0.147
36748,76.216,-0.1427
36749,75.998,-0.1393
36750,75.95,-0.1383
36751,75.97,-0.137
36752,75.994,-0.1358
36753,76.016,-0.1345
36754,76.028,-0.134
36755,75.964,-0.1342
36756,75.735,-0.1345
36757,75.322,-0.137
36758,74.837,-0.1393
36759,74.495,-0.1415
36760,74.483,-0.1432
36761,74.805,-0.1447
36762,75.284,-0.1457
36763,75.713,-0.1455
36764,75.952,-0.1452
36765,75.955,-0.145
36766,75.786,-0.142
36767,75.594,-0.14
36768,75.513,-0.138
36769,75.593,-0.1358
36770,75.78,-0.1335
36771,75.945,-0.1303
36772,76.02,-0.1258
36773,76.093,-0.1212
36774,76.315,-0.1167
36775,76.721,-0.113
36776,77.208,-0.1115
36777,77.621,-0.109
36778,77.861,-0.1075
36779,77.925,-0.106
36780,77.844,-0.1045
36781,77.6,-0.1045
36782,77.14,-0.1045
36783,76.458,-0.1045
36784,75.594,-0.1037
36785,74.583,-0.1058
36786,73.47,-0.1082
36787,72.37,-0.1108
36788,71.466,-0.1133
36789,70.867,-0.116
36790,70.455,-0.1197
36791,69.927,-0.1238
36792,69.056,-0.1278
36793,67.875,-0.1315
36794,66.581,-0.1353
36795,65.314,-0.1378
36796,64.125,-0.1407
36797,63.163,-0.1432
36798,62.706,-0.1457
36799,62.894,-0.148
36800,63.487,-0.1502
36801,63.991,-0.151
36802,64.041,-0.1517
36803,63.697,-0.1537
36804,63.35,-0.1562
36805,63.339,-0.1588
36806,63.663,-0.1605
36807,64.048,-0.1613
36808,64.276,-0.1618
36809,64.471,-0.1633
36810,65.011,-0.1648
36811,66.14,-0.1665
36812,67.686,-0.1698
36813,69.188,-0.173
36814,70.339,-0.1762
36815,71.307,-0.1795
36816,72.518,-0.1808
36817,74.112,-0.1832
36818,75.779,-0.1855
36819,77.07,-0.1878
36820,77.755,-0.19
36821,77.936,-0.192
36822,77.899,-0.1923
36823,77.843,-0.1928
36824,77.822,-0.194
36825,77.885,-0.195
36826,78.114,-0.1965
36827,78.53,-0.198
36828,79.019,-0.199
36829,79.362,-0.1998
36830,79.37,-0.1992
36831,79.042,-0.1988
36832,78.567,-0.1982
36833,78.159,-0.1978
36834,77.938,-0.198
36835,77.874,-0.1992
36836,77.816,-0.1995
36837,77.612,-0.198
36838,77.219,-0.1965
36839,76.677,-0.1958
36840,76.041,-0.1958
36841,75.337,-0.1965
36842,74.56,-0.1972
36843,73.744,-0.199
36844,73.038,-0.2002
36845,72.633,-0.2015
36846,72.56,-0.2035
36847,72.587,-0.2057
36848,72.411,-0.2057
36849,71.982,-0.205
36850,71.621,-0.2043
36851,71.76,-0.2033
36852,72.518,-0.2022
36853,73.536,-0.201
36854,74.307,-0.1998
36855,74.583,-0.1985
36856,74.406,-0.1962
36857,73.913,-0.1935
36858,73.245,-0.1905
36859,72.579,-0.1872
36860,72.114,-0.1837
36861,71.974,-0.1802
36862,72.09,-0.1785
36863,72.257,-0.1765
36864,72.336,-0.1747
36865,72.324,-0.1728
36866,72.222,-0.1703
36867,71.99,-0.1677
36868,71.664,-0.1657
36869,71.354,-0.1635
36870,71.125,-0.1615
36871,70.975,-0.1598
36872,70.899,-0.159
36873,70.955,-0.158
36874,71.272,-0.1562
36875,71.897,-0.1545
36876,72.623,-0.1532
36877,73.114,-0.152
36878,73.2,-0.1505
36879,72.969,-0.1485
36880,72.65,-0.147
36881,72.423,-0.1457
36882,72.262,-0.1445
36883,72.016,-0.1422
36884,71.66,-0.1403
36885,71.366,-0.1383
36886,71.39,-0.1363
36887,71.973,-0.1332
36888,73.238,-0.1342
36889,75.088,-0.1355
36890,77.223,-0.1368
36891,79.214,-0.1383
36892,80.584,-0.1403
36893,80.985,-0.1425
36894,80.391,-0.1447
36895,79.125,-0.1478
36896,77.657,-0.1522
36897,76.354,-0.1573
36898,75.337,-0.1625
36899,74.509,-0.168
36900,73.743,-0.1737
36901,73.013,-0.1795
36902,72.347,-0.184
36903,71.731,-0.1885
36904,71.062,-0.1935
36905,70.204,-0.1988
36906,69.107,-0.204
36907,67.861,-0.209
36908,66.651,-0.2145
36909,65.641,-0.22
36910,64.857,-0.2255
36911,64.22,-0.232
36912,63.686,-0.2375
36913,63.286,-0.2435
36914,63.061,-0.2495
36915,62.982,-0.2555
36916,62.98,-0.2622
36917,63.056,-0.2695
36918,63.288,-0.2772
36919,63.696,-0.2848
36920,64.18,-0.2915
36921,64.587,-0.2978
36922,64.801,-0.3033
36923,64.842,-0.3087
36924,64.897,-0.314
36925,65.263,-0.32
36926,66.144,-0.326
36927,67.435,-0.333
36928,68.729,-0.3382
36929,69.616,-0.343
36930,69.998,-0.3485
36931,70.073,-0.3535
36932,69.994,-0.3555
36933,69.682,-0.3575
36934,69.021,-0.3608
36935,68.112,-0.363
36936,67.282,-0.3645
36937,66.874,-0.3655
36938,67.041,-0.3665
36939,67.709,-0.3693
36940,68.644,-0.372
36941,69.491,-0.3747
36942,69.83,-0.3785
36943,69.416,-0.3788
36944,68.412,-0.379
36945,67.313,-0.3792
36946,66.637,-0.3795
36947,66.686,-0.38
36948,67.481,-0.38
36949,68.827,-0.381
36950,70.421,-0.382
36951,71.932,-0.3818
36952,73.11,-0.3815
36953,73.96,-0.3812
36954,74.725,-0.3792
36955,75.593,-0.3772
36956,76.478,-0.374
36957,77.115,-0.3703
36958,77.3,-0.3663
36959,77.112,-0.3628
36960,76.97,-0.3588
36961,77.331,-0.355
36962,78.298,-0.352
36963,79.571,-0.349
36964,80.646,-0.3453
36965,81.104,-0.3405
36966,80.913,-0.3345
36967,80.434,-0.3282
36968,80.074,-0.3223
36969,80.003,-0.3162
36970,80.102,-0.3087
36971,80.097,-0.3018
36972,79.797,-0.2973
36973,79.291,-0.2928
36974,78.889,-0.2873
36975,78.835,-0.282
36976,79.091,-0.276
36977,79.36,-0.27
36978,79.351,-0.264
36979,79.078,-0.2563
36980,78.873,-0.2482
36981,79.081,-0.2403
36982,79.802,-0.2325
36983,80.879,-0.2282
36984,82.038,-0.2225
36985,83.022,-0.2168
36986,83.634,-0.211
36987,83.712,-0.205
36988,83.144,-0.199
36989,81.935,-0.1923
36990,80.3,-0.1862
36991,78.622,-0.18
36992,77.245,-0.174
36993,76.305,-0.168
36994,75.707,-0.1638
36995,75.243,-0.16
36996,74.79,-0.1562
36997,74.411,-0.1525
36998,74.256,-0.1488
36999,74.415,-0.1447
37000,74.894,-0.143
37001,75.682,-0.1415
37002,76.722,-0.14
37003,77.839,-0.1383
37004,78.8,-0.1383
37005,79.444,-0.1385
37006,79.73,-0.1403
37007,79.706,-0.142
37008,79.447,-0.1437
37009,79.024,-0.1435
37010,78.536,-0.1442
37011,78.136,-0.145
37012,77.973,-0.1457
37013,78.063,-0.1467
37014,78.251,-0.1473
37015,78.366,-0.1478
37016,78.326,-0.1495
37017,78.084,-0.1512
37018,77.608,-0.1527
37019,76.951,-0.156
37020,76.284,-0.1595
37021,75.82,-0.1633
37022,75.681,-0.167
37023,75.799,-0.1708
37024,75.969,-0.1767
37025,76.055,-0.1827
37026,76.082,-0.187
37027,76.089,-0.192
37028,75.936,-0.1968
37029,75.387,-0.2015
37030,74.401,-0.2055
37031,73.258,-0.2095
37032,72.366,-0.2132
37033,71.983,-0.217
37034,72.088,-0.2207
37035,72.487,-0.224
37036,73.044,-0.227
37037,73.75,-0.23
37038,74.548,-0.233
37039,75.264,-0.2357
37040,75.743,-0.236
37041,75.958,-0.236
37042,76.011,-0.236
37043,76.061,-0.2363
37044,76.202,-0.2355
37045,76.446,-0.2332
37046,76.82,-0.2305
37047,77.39,-0.2278
37048,78.171,-0.225
37049,79.062,-0.2245
37050,79.874,-0.2227
37051,80.464,-0.2207
37052,80.851,-0.2185
37053,81.194,-0.216
37054,81.635,-0.2137
37055,82.17,-0.2122
37056,82.695,-0.2107
37057,83.157,-0.2093
37058,83.593,-0.208
37059,84.069,-0.205
37060,84.626,-0.202
37061,85.199,-0.199
37062,85.62,-0.1962
37063,85.772,-0.1935
37064,85.709,-0.1893
37065,85.592,-0.185
37066,85.584,-0.1825
37067,85.75,-0.1785
37068,86.045,-0.1752
37069,86.378,-0.172
37070,86.676,-0.1688
37071,86.91,-0.1657
37072,87.065,-0.1628
37073,87.136,-0.1595
37074,87.134,-0.1573
37075,87.057,-0.155
37076,86.89,-0.153
37077,86.646,-0.151
37078,86.351,-0.149
37079,86.037,-0.147
37080,85.75,-0.1452
37081,85.521,-0.144
37082,85.371,-0.143
37083,85.308,-0.142
37084,85.3,-0.141
37085,85.304,-0.1412
37086,85.285,-0.1415
37087,85.197,-0.1417
37088,85.027,-0.1415
37089,84.852,-0.1412
37090,84.777,-0.142
37091,84.846,-0.1427
37092,85.012,-0.1437
37093,85.174,-0.1452
37094,85.26,-0.1452
37095,85.286,-0.1445
37096,85.299,-0.1437
37097,85.295,-0.143
37098,85.205,-0.1422
37099,84.964,-0.1422
37100,84.634,-0.1422
37101,84.4,-0.142
37102,84.414,-0.1417
37103,84.673,-0.1415
37104,85.015,-0.1412
37105,85.246,-0.1405
37106,85.307,-0.1398
37107,85.279,-0.14
37108,85.247,-0.1395
37109,85.235,-0.139
37110,85.235,-0.1383
37111,85.239,-0.1375
37112,85.244,-0.1365
37113,85.25,-0.1358
37114,85.258,-0.1337
37115,85.265,-0.1318
37116,85.271,-0.1298
37117,85.275,-0.1278
37118,85.278,-0.1258
37119,85.28,-0.1242
37120,85.283,-0.1218
37121,85.288,-0.1192
37122,85.296,-0.1165
37123,85.303,-0.1135
37124,85.306,-0.1105
37125,85.304,-0.1092
37126,85.3,-0.1082
37127,85.297,-0.1073
37128,85.299,-0.1065
37129,85.303,-0.1058
37130,85.308,-0.105
37131,85.308,-0.104
37132,85.302,-0.103
37133,85.296,-0.1015
37134,85.297,-0.1005
37135,85.308,-0.0995
37136,85.32,-0.0983
37137,85.318,-0.0972
37138,85.289,-0.096
37139,85.251,-0.094
37140,85.291,-0.0915
37141,85.513,-0.089
37142,85.915,-0.0862
37143,86.318,-0.0835
37144,86.496,-0.0807
37145,86.401,-0.0785
37146,86.233,-0.0762
37147,86.25,-0.073
37148,86.504,-0.0703
37149,86.774,-0.0678
37150,86.772,-0.0655
37151,86.432,-0.0633
37152,85.941,-0.0612
37153,85.517,-0.059
37154,85.212,-0.057
37155,84.915,-0.055
37156,84.533,-0.053
37157,84.157,-0.051
37158,83.999,-0.049
37159,84.17,-0.0467
37160,84.564,-0.0455
37161,84.958,-0.0438
37162,85.195,-0.042
37163,85.274,-0.0405
37164,85.283,-0.0387
37165,85.279,-0.0355
37166,85.271,-0.0335
37167,85.255,-0.0315
37168,85.252,-0.0298
37169,85.334,-0.028
37170,85.583,-0.0262
37171,85.989,-0.0243
37172,86.388,-0.0215
37173,86.558,-0.0185
37174,86.393,-0.017
37175,85.995,-0.0155
37176,85.59,-0.0142
37177,85.343,-0.0125
37178,85.263,-0.0118
37179,85.262,-0.011
37180,85.272,-0.0103
37181,85.274,-0.0095
37182,85.273,-0.0087
37183,85.277,-0.008
37184,85.273,-0.0077
37185,85.198,-0.0075
37186,84.97,-0.0075
37187,84.577,-0.0085
37188,84.115,-0.0092
37189,83.729,-0.0097
37190,83.499,-0.0105
37191,83.349,-0.0107
37192,83.116,-0.011
37193,82.708,-0.0115
37194,82.143,-0.012
37195,81.505,-0.0125
37196,80.949,-0.0125
37197,80.643,-0.0125
37198,80.649,-0.0132
37199,80.898,-0.0128
37200,81.226,-0.0123
37201,81.465,-0.0118
37202,81.563,-0.0112
37203,81.588,-0.0107
37204,81.588,-0.0118
37205,81.509,-0.0118
37206,81.263,-0.0105
37207,80.866,-0.0092
37208,80.465,-0.008
37209,80.237,-0.0077
37210,80.244,-0.008
37211,80.399,-0.0087
37212,80.56,-0.0103
37213,80.706,-0.012
37214,80.944,-0.014
37215,81.334,-0.016
37216,81.814,-0.018
37217,82.284,-0.0202
37218,82.679,-0.0215
37219,82.983,-0.0222
37220,83.235,-0.0235
37221,83.49,-0.0248
37222,83.738,-0.0258
37223,83.843,-0.0267
37224,83.577,-0.027
37225,82.828,-0.0272
37226,81.829,-0.0272
37227,81.087,-0.0272
37228,80.955,-0.028
37229,81.313,-0.0287
37230,81.758,-0.0293
37231,82.008,-0.0302
37232,82.082,-0.0312
37233,82.154,-0.0323
37234,82.29,-0.0333
37235,82.369,-0.0347
37236,82.268,-0.0367
37237,82.02,-0.0387
37238,81.769,-0.04
37239,81.678,-0.0425
37240,81.859,-0.045
37241,82.28,-0.0483
37242,82.783,-0.0515
37243,83.193,-0.0545
37244,83.409,-0.0562
37245,83.45,-0.06
37246,83.415,-0.0638
37247,83.379,-0.0673
37248,83.364,-0.0708
37249,83.368,-0.0732
37250,83.386,-0.0752
37251,83.41,-0.0777
37252,83.43,-0.0803
37253,83.439,-0.0828
37254,83.447,-0.0845
37255,83.522,-0.0862
37256,83.749,-0.088
37257,84.137,-0.0878
37258,84.591,-0.0878
37259,84.971,-0.0883
37260,85.185,-0.0888
37261,85.244,-0.0892
37262,85.237,-0.09
37263,85.228,-0.0917
37264,85.231,-0.0938
37265,85.235,-0.0958
37266,85.236,-0.0978
37267,85.232,-0.099
37268,85.227,-0.0995
37269,85.229,-0.1002
37270,85.239,-0.101
37271,85.251,-0.1017
37272,85.254,-0.1027
37273,85.244,-0.1035
37274,85.232,-0.1043
37275,85.228,-0.1045
37276,85.233,-0.1037
37277,85.239,-0.1022
37278,85.241,-0.1007
37279,85.241,-0.0995
37280,85.246,-0.0983
37281,85.25,-0.096
37282,85.247,-0.0938
37283,85.237,-0.0917
37284,85.237,-0.0897
37285,85.242,-0.0867
37286,85.188,-0.0835
37287,84.983,-0.0805
37288,84.612,-0.0775
37289,84.156,-0.0745
37290,83.693,-0.0715
37291,83.233,-0.068
37292,82.753,-0.0645
37293,82.283,-0.061
37294,81.957,-0.0575
37295,81.884,-0.0535
37296,81.992,-0.0487
37297,82.07,-0.046
37298,81.933,-0.0432
37299,81.542,-0.0403
37300,81.056,-0.0372
37301,80.673,-0.035
37302,80.437,-0.0325
37303,80.226,-0.0293
37304,79.855,-0.026
37305,79.197,-0.0227
37306,78.326,-0.0205
37307,77.501,-0.019
37308,76.936,-0.0175
37309,76.646,-0.0158
37310,76.509,-0.0142
37311,76.378,-0.0125
37312,76.129,-0.0105
37313,75.752,-0.0087
37314,75.362,-0.007
37315,75.06,-0.0053
37316,74.86,-0.0047
37317,74.725,-0.005
37318,74.574,-0.005
37319,74.319,-0.0047
37320,73.99,-0.0047
37321,73.735,-0.005
37322,73.663,-0.006
37323,73.752,-0.0067
37324,73.857,-0.0075
37325,73.793,-0.0083
37326,73.541,-0.009
37327,73.304,-0.0095
37328,73.295,-0.0105
37329,73.537,-0.0115
37330,73.874,-0.0125
37331,74.12,-0.015
37332,74.224,-0.0175
37333,74.279,-0.0202
37334,74.293,-0.023
37335,74.019,-0.0262
37336,73.163,-0.0302
37337,71.774,-0.0342
37338,70.258,-0.0385
37339,69.021,-0.043
37340,68.146,-0.0465
37341,67.41,-0.0493
37342,66.72,-0.0522
37343,66.396,-0.0553
37344,66.819,-0.0583
37345,67.917,-0.0612
37346,69.179,-0.0633
37347,70.082,-0.0653
37348,70.466,-0.0675
37349,70.52,-0.0697
37350,70.485,-0.0718
37351,70.465,-0.074
37352,70.465,-0.0762
37353,70.466,-0.0785
37354,70.475,-0.0807
37355,70.551,-0.083
37356,70.776,-0.085
37357,71.166,-0.087
37358,71.626,-0.0892
37359,72.028,-0.092
37360,72.333,-0.0945
37361,72.628,-0.097
37362,73.02,-0.0988
37363,73.547,-0.1005
37364,74.164,-0.1022
37365,74.775,-0.1043
37366,75.308,-0.1065
37367,75.774,-0.109
37368,76.221,-0.111
37369,76.702,-0.113
37370,77.242,-0.115
37371,77.793,-0.1153
37372,78.262,-0.1155
37373,78.629,-0.1155
37374,78.957,-0.1155
37375,79.328,-0.1155
37376,79.804,-0.1148
37377,80.361,-0.114
37378,80.888,-0.1133
37379,81.267,-0.1125
37380,81.461,-0.1128
37381,81.615,-0.1125
37382,82.009,-0.1123
37383,82.752,-0.1118
37384,83.596,-0.1113
37385,84.155,-0.1108
37386,84.224,-0.11
37387,83.929,-0.1092
37388,83.654,-0.1082
37389,83.714,-0.1073
37390,84.101,-0.1063
37391,84.598,-0.1053
37392,85.012,-0.104
37393,85.244,-0.1027
37394,85.309,-0.1015
37395,85.299,-0.1002
37396,85.29,-0.0992
37397,85.288,-0.0983
37398,85.266,-0.0972
37399,85.249,-0.0958
37400,85.383,-0.094
37401,85.84,-0.0922
37402,86.582,-0.0905
37403,87.323,-0.089
37404,87.753,-0.0872
37405,87.748,-0.0852
37406,87.408,-0.0833
37407,86.952,-0.0818
37408,86.541,-0.0798
37409,86.169,-0.0777
37410,85.718,-0.0755
37411,85.079,-0.0735
37412,84.222,-0.0715
37413,83.244,-0.0692
37414,82.321,-0.067
37415,81.565,-0.0648
37416,80.941,-0.0633
37417,80.348,-0.0612
37418,79.703,-0.059
37419,78.989,-0.0567
37420,78.28,-0.0545
37421,77.711,-0.0527
37422,77.357,-0.051
37423,77.152,-0.0493
37424,76.941,-0.0475
37425,76.635,-0.0457
37426,76.301,-0.0443
37427,76.126,-0.0427
37428,76.261,-0.0415
37429,76.725,-0.0403
37430,77.438,-0.039
37431,78.238,-0.0377
37432,78.918,-0.0367
37433,79.379,-0.0358
37434,79.748,-0.0347
37435,80.285,-0.0338
37436,81.118,-0.0328
37437,82.09,-0.0318
37438,82.85,-0.0307
37439,83.082,-0.0298
37440,82.721,-0.029
37441,81.975,-0.0285
37442,81.202,-0.028
37443,80.713,-0.0275
37444,80.583,-0.0272
37445,80.626,-0.027
37446,80.592,-0.0267
37447,80.37,-0.026
37448,80.053,-0.0258
37449,79.819,-0.0255
37450,79.734,-0.0255
37451,79.739,-0.0255
37452,79.746,-0.0255
37453,79.666,-0.0258
37454,79.43,-0.026
37455,79.092,-0.0262
37456,78.828,-0.0265
37457,78.808,-0.0272
37458,79.126,-0.0278
37459,79.768,-0.0282
37460,80.578,-0.0287
37461,81.33,-0.0293
37462,81.824,-0.0298
37463,81.901,-0.0302
37464,81.477,-0.0307
37465,80.663,-0.0312
37466,79.761,-0.0318
37467,79.108,-0.032
37468,78.905,-0.032
37469,79.093,-0.0325
37470,79.369,-0.033
37471,79.448,-0.0333
37472,79.353,-0.0335
37473,79.332,-0.0338
37474,79.542,-0.0342
37475,79.888,-0.0347
37476,80.151,-0.035
37477,80.184,-0.0353
37478,79.974,-0.0355
37479,79.586,-0.0358
37480,79.098,-0.036
37481,78.592,-0.036
37482,78.171,-0.036
37483,77.927,-0.0362
37484,77.836,-0.0362
37485,77.758,-0.0362
37486,77.607,-0.0362
37487,77.46,-0.0365
37488,77.407,-0.0367
37489,77.363,-0.037
37490,77.103,-0.0372
37491,76.468,-0.038
37492,75.508,-0.0385
37493,74.453,-0.039
37494,73.556,-0.0395
37495,72.924,-0.0398
37496,72.51,-0.04
37497,72.221,-0.0403
37498,71.997,-0.0408
37499,71.835,-0.0413
37500,71.776,-0.0418
37501,71.85,-0.042
37502,72.015,-0.0425
37503,72.169,-0.043
37504,72.245,-0.0435
37505,72.272,-0.044
37506,72.284,-0.0443
37507,72.22,-0.0447
37508,71.99,-0.0452
37509,71.661,-0.0452
37510,71.493,-0.0452
37511,71.74,-0.0457
37512,72.419,-0.0462
37513,73.249,-0.0462
37514,73.812,-0.046
37515,73.878,-0.0457
37516,73.6,-0.0455
37517,73.321,-0.0452
37518,73.22,-0.0455
37519,73.213,-0.0457
37520,73.139,-0.046
37521,72.976,-0.046
37522,72.894,-0.0455
37523,73.087,-0.0447
37524,73.581,-0.0445
37525,74.219,-0.0445
37526,74.774,-0.0445
37527,75.063,-0.044
37528,75.05,-0.0435
37529,74.88,-0.043
37530,74.787,-0.0425
37531,74.887,-0.0415
37532,75.05,-0.0408
37533,75.044,-0.04
37534,74.808,-0.0395
37535,74.538,-0.0393
37536,74.524,-0.039
37537,74.905,-0.0387
37538,75.604,-0.0385
37539,76.413,-0.0382
37540,77.113,-0.0385
37541,77.576,-0.039
37542,77.795,-0.039
37543,77.835,-0.039
37544,77.744,-0.039
37545,77.568,-0.0393
37546,77.39,-0.0398
37547,77.332,-0.0403
37548,77.514,-0.0408
37549,77.963,-0.0415
37550,78.483,-0.0423
37551,78.75,-0.0427
37552,78.587,-0.0435
37553,78.065,-0.0447
37554,77.405,-0.046
37555,76.843,-0.0473
37556,76.467,-0.0485
37557,76.161,-0.0498
37558,75.79,-0.0508
37559,75.335,-0.0517
37560,74.806,-0.0527
37561,74.123,-0.054
37562,73.137,-0.0558
37563,71.737,-0.0575
37564,69.987,-0.059
37565,68.17,-0.0602
37566,66.642,-0.0615
37567,65.613,-0.063
37568,65.066,-0.0645
37569,64.857,-0.0658
37570,64.84,-0.0673
37571,64.888,-0.0687
37572,64.856,-0.0705
37573,64.587,-0.0723
37574,63.985,-0.074
37575,63.061,-0.0757
37576,61.889,-0.0777
37577,60.548,-0.0803
37578,59.137,-0.0833
37579,57.787,-0.0867
37580,56.624,-0.0902
37581,55.715,-0.094
37582,55.019,-0.0983
37583,54.418,-0.103
37584,53.8,-0.1082
37585,53.106,-0.114
37586,52.283,-0.1207
37587,51.274,-0.1295
37588,50.065,-0.1403
37589,48.691,-0.1525
37590,47.228,-0.1662
37591,45.734,-0.1818
37592,44.124,-0.1988
37593,42.16,-0.2172
37594,39.614,-0.2375
37595,36.465,-0.2593
37596,32.93,-0.2812
37597,29.364,-0.3008
37598,26.13,-0.3158
37599,23.477,-0.3267
37600,21.485,-0.3348
37601,20.022,-0.3412
37602,18.717,-0.3465
37603,17.119,-0.351
37604,15.021,-0.3548
37605,12.62,-0.3585
37606,10.371,-0.3683
37607,8.642,-0.3683
37608,7.507,-0.3683
37609,6.787,-0.3683
37610,6.235,-0.3683
37611,5.72,-0.3683
37612,5.247,-0.3683
37613,4.835,-0.3683
37614,4.525,-0.3683
37615,4.491,-0.3683
37616,5.003,-0.3683
37617,6.249,-0.3683
37618,8.171,-0.3683
37619,10.461,-0.3683
37620,12.763,-0.378
37621,14.868,-0.375
37622,16.718,-0.3717
37623,18.331,-0.3678
37624,19.779,-0.3632
37625,21.165,-0.355
37626,22.538,-0.3473
37627,23.848,-0.3362
37628,25.062,-0.3237
37629,26.263,-0.3095
37630,27.582,-0.2938
37631,29.046,-0.2775
37632,30.543,-0.2595
37633,31.957,-0.24
37634,33.274,-0.2188
37635,34.483,-0.196
37636,35.473,-0.1735
37637,36.156,-0.1525
37638,36.665,-0.136
37639,37.307,-0.1235
37640,38.329,-0.114
37641,39.777,-0.1053
37642,41.566,-0.0978
37643,43.598,-0.091
37644,45.777,-0.085
37645,47.987,-0.08
37646,50.083,-0.0755
37647,51.946,-0.0713
37648,53.502,-0.067
37649,54.718,-0.0633
37650,55.639,-0.0583
37651,56.403,-0.0535
37652,57.158,-0.049
37653,57.922,-0.0423
37654,58.596,-0.0358
37655,59.129,-0.029
37656,59.596,-0.0225
37657,60.06,-0.0172
37658,60.463,-0.0123
37659,60.695,-0.0083
37660,60.74,-0.0045
37661,60.727,0.0013
37662,60.859,0.0067
37663,61.247,0.012
37664,61.809,0.0172
37665,62.361,0.0195
37666,62.766,0.0212
37667,62.989,0.0217
37668,63.126,0.0227
37669,63.345,0.0262
37670,63.724,0.0298
37671,64.181,0.0335
37672,64.571,0.0372
37673,64.805,0.0408
37674,64.881,0.0443
37675,64.815,0.0478
37676,64.59,0.0527
37677,64.208,0.0565
37678,63.759,0.0605
37679,63.383,0.0645
37680,63.171,0.0678
37681,63.108,0.0692
37682,63.109,0.0708
37683,63.112,0.0723
37684,63.111,0.0745
37685,63.092,0.0793
37686,63.006,0.0845
37687,62.831,0.0892
37688,62.643,0.0938
37689,62.554,0.0985
37690,62.617,0.102
37691,62.785,0.1025
37692,62.952,0.103
37693,63.023,0.1017
37694,62.957,0.1035
37695,62.725,0.1048
37696,62.341,0.106
37697,61.896,0.1085
37698,61.53,0.112
37699,61.318,0.1138
37700,61.171,0.1153
37701,60.931,0.1148
37702,60.589,0.1145
37703,60.317,0.114
37704,60.324,0.1155
37705,60.722,0.1162
37706,61.387,0.118
37707,61.979,0.1197
37708,62.22,0.1215
37709,62.074,0.1207
37710,61.642,0.1207
37711,61.074,0.1218
37712,60.504,0.1228
37713,60.014,0.124
37714,59.724,0.126
37715,59.747,0.1268
37716,59.944,0.1265
37717,59.952,0.1265
37718,59.552,0.1278
37719,58.883,0.1288
37720,58.293,0.1305
37721,58.062,0.1332
37722,58.211,0.1355
37723,58.545,0.1378
37724,58.868,0.139
37725,59.116,0.1373
37726,59.283,0.135
37727,59.352,0.1332
37728,59.287,0.1325
37729,59.049,0.1318
37730,58.643,0.131
37731,58.166,0.133
37732,57.766,0.135
37733,57.538,0.1365
37734,57.47,0.1348
37735,57.472,0.1335
37736,57.478,0.1323
37737,57.472,0.1308
37738,57.475,0.1283
37739,57.558,0.1275
37740,57.81,0.1268
37741,58.217,0.1263
37742,58.63,0.1258
37743,58.869,0.1253
37744,58.849,0.123
37745,58.607,0.1215
37746,58.264,0.121
37747,57.95,0.12
37748,57.774,0.1192
37749,57.852,0.1185
37750,58.259,0.117
37751,58.964,0.1155
37752,59.846,0.1143
37753,60.771,0.113
37754,61.616,0.1108
37755,62.302,0.11
37756,62.851,0.1092
37757,63.323,0.1085
37758,63.653,0.1065
37759,63.666,0.104
37760,63.316,0.1015
37761,62.805,0.099
37762,62.468,0.097
37763,62.562,0.0943
37764,63.051,0.0917
37765,63.61,0.0907
37766,63.917,0.0897
37767,63.885,0.0885
37768,63.678,0.0862
37769,63.639,0.084
37770,64.11,0.0818
37771,65.135,0.082
37772,66.415,0.0823
37773,67.588,0.0825
37774,68.496,0.083
37775,69.258,0.0835
37776,70.175,0.0843
37777,71.455,0.0852
37778,72.968,0.0845
37779,74.326,0.084
37780,75.204,0.0835
37781,75.553,0.083
37782,75.548,0.0825
37783,75.391,0.0823
37784,75.148,0.0818
37785,74.752,0.0813
37786,74.173,0.0807
37787,73.523,0.0823
37788,72.956,0.0833
37789,72.56,0.0843
37790,72.356,0.0852
37791,72.3,0.0857
37792,72.316,0.086
37793,72.399,0.0862
37794,72.625,0.0867
37795,73.021,0.0865
37796,73.508,0.085
37797,73.905,0.0835
37798,73.965,0.082
37799,73.56,0.08
37800,72.869,0.078
37801,72.212,0.076
37802,71.749,0.074
37803,71.453,0.0727
37804,71.241,0.0705
37805,71.136,0.0682
37806,71.371,0.0663
37807,72.149,0.0645
37808,73.333,0.0628
37809,74.604,0.061
37810,75.794,0.0593
37811,76.892,0.0553
37812,77.904,0.0513
37813,78.771,0.0473
37814,79.375,0.0432
37815,79.664,0.0393
37816,79.805,0.035
37817,80.094,0.0307
37818,80.725,0.0282
37819,81.694,0.0255
37820,82.817,0.0227
37821,83.79,0.0198
37822,84.345,0.0168
37823,84.412,0.0135
37824,84.081,0.0103
37825,83.506,0.0075
37826,82.849,0.0047
37827,82.192,0.001
37828,81.529,-0.0025
37829,80.883,-0.006
37830,80.325,-0.0095
37831,79.911,-0.01
37832,79.684,-0.0105
37833,79.715,-0.011
37834,80.05,-0.0115
37835,80.553,-0.0115
37836,80.901,-0.0103
37837,80.885,-0.009
37838,80.599,-0.0077
37839,80.261,-0.0053
37840,80.017,-0.0003
37841,79.878,0.0045
37842,79.754,0.0092
37843,79.623,0.014
37844,79.527,0.021
37845,79.369,0.028
37846,79.019,0.0347
37847,78.597,0.042
37848,78.363,0.0493
37849,78.458,0.0565
37850,78.866,0.0638
37851,79.473,0.071
37852,80.061,0.0785
37853,80.327,0.086
37854,79.898,0.0935
37855,78.565,0.101
37856,76.721,0.1085
37857,75.303,0.116
37858,75.096,0.1235
37859,76.205,0.1313
37860,78.033,0.139
37861,79.676,0.1467
37862,80.558,0.1545
37863,80.748,0.1625
37864,80.676,0.1703
37865,80.696,0.1767
37866,80.904,0.1832
37867,81.221,0.1893
37868,81.59,0.1958
37869,82.06,0.2022
37870,82.644,0.209
37871,83.207,0.2132
37872,83.561,0.2175
37873,83.637,0.221
37874,83.556,0.2245
37875,83.494,0.228
37876,83.483,0.231
37877,83.41,0.234
37878,83.154,0.2375
37879,82.722,0.241
37880,82.289,0.242
37881,82.096,0.242
37882,82.258,0.242
37883,82.673,0.242
37884,83.093,0.2407
37885,83.274,0.2385
37886,83.112,0.236
37887,82.704,0.233
37888,82.275,0.23
37889,82.01,0.227
37890,81.949,0.223
37891,82.016,0.219
37892,82.111,0.2147
37893,82.21,0.2105
37894,82.374,0.2063
37895,82.579,0.2027
37896,82.664,0.1995
37897,82.521,0.1962
37898,82.203,0.193
37899,81.854,0.1895
37900,81.611,0.186
37901,81.517,0.1827
37902,81.511,0.1795
37903,81.522,0.1762
37904,81.524,0.1733
37905,81.51,0.171
37906,81.488,0.1688
37907,81.546,0.1667
37908,81.845,0.1643
37909,82.489,0.1613
37910,83.391,0.1578
37911,84.299,0.1542
37912,84.958,0.1507
37913,85.273,0.1467
37914,85.341,0.1427
37915,85.326,0.1388
37916,85.303,0.1353
37917,85.222,0.1318
37918,84.994,0.1278
37919,84.583,0.1238
37920,84.029,0.1197
37921,83.458,0.1165
37922,83.047,0.1133
37923,82.903,0.11
37924,82.991,0.1068
37925,83.195,0.1045
37926,83.389,0.1025
37927,83.483,0.1005
37928,83.433,0.0985
37929,83.19,0.0968
37930,82.7,0.096
37931,81.988,0.0953
37932,81.183,0.0945
37933,80.413,0.0938
37934,79.737,0.093
37935,79.195,0.0915
37936,78.813,0.0897
37937,78.562,0.088
37938,78.378,0.0862
37939,78.201,0.085
37940,78.015,0.0838
37941,77.947,0.0823
37942,78.204,0.0807
37943,78.841,0.0793
37944,79.657,0.0777
37945,80.375,0.0772
37946,80.847,0.0767
37947,81.095,0.0757
37948,81.178,0.0755
37949,81.04,0.0757
37950,80.55,0.0762
37951,79.732,0.0767
37952,78.848,0.0772
37953,78.217,0.0783
37954,77.996,0.0793
37955,78.098,0.0803
37956,78.297,0.0815
37957,78.396,0.0828
37958,78.254,0.084
37959,77.786,0.0852
37960,77.059,0.0865
37961,76.248,0.0892
37962,75.518,0.092
37963,75.024,0.0948
37964,74.881,0.0975
37965,75.051,0.1002
37966,75.379,0.1027
37967,75.72,0.1053
37968,76.024,0.1092
37969,76.341,0.113
37970,76.686,0.1167
37971,76.935,0.1205
37972,76.938,0.1242
37973,76.671,0.128
37974,76.237,0.1303
37975,75.751,0.1323
37976,75.265,0.1342
37977,74.802,0.1363
37978,74.428,0.1383
37979,74.217,0.1398
37980,74.148,0.1412
37981,74.148,0.1427
37982,74.219,0.144
37983,74.438,0.1452
37984,74.827,0.1465
37985,75.29,0.1467
37986,75.686,0.147
37987,75.919,0.1475
37988,76.002,0.1473
37989,76.015,0.147
37990,76.021,0.1467
37991,76.031,0.1465
37992,76.041,0.1462
37993,76.028,0.1467
37994,75.936,0.1473
37995,75.749,0.1475
37996,75.567,0.1473
37997,75.571,0.147
37998,75.907,0.1467
37999,76.573,0.1465
38000,77.368,0.1462
38001,77.992,0.1447
38002,78.266,0.1432
38003,78.237,0.1427
38004,78.136,0.1422
38005,78.22,0.1415
38006,78.581,0.141
38007,79.067,0.1405
38008,79.401,0.1385
38009,79.386,0.1365
38010,79.037,0.1332
38011,78.559,0.1305
38012,78.155,0.1275
38013,77.867,0.1242
38014,77.581,0.1225
38015,77.192,0.121
38016,76.729,0.1195
38017,76.301,0.118
38018,75.98,0.1167
38019,75.809,0.1155
38020,75.874,0.1143
38021,76.232,0.113
38022,76.794,0.1118
38023,77.317,0.1105
38024,77.555,0.1095
38025,77.452,0.1087
38026,77.141,0.108
38027,76.78,0.1073
38028,76.47,0.1065
38029,76.301,0.1058
38030,76.371,0.1053
38031,76.701,0.1048
38032,77.161,0.104
38033,77.563,0.1032
38034,77.793,0.103
38035,77.869,0.1032
38036,77.862,0.1037
38037,77.769,0.1043
38038,77.536,0.1048
38039,77.215,0.105
38040,76.987,0.1053
38041,76.992,0.1058
38042,77.166,0.1063
38043,77.281,0.1063
38044,77.135,0.1063
38045,76.689,0.1065
38046,76.006,0.1068
38047,75.139,0.107
38048,74.118,0.1075
38049,73.021,0.108
38050,72.011,0.11
38051,71.173,0.1115
38052,70.395,0.1135
38053,69.537,0.1153
38054,68.668,0.1172
38055,68.018,0.1192
38056,67.721,0.1215
38057,67.666,0.1238
38058,67.6,0.1255
38059,67.377,0.1278
38060,67.063,0.1303
38061,66.757,0.1332
38062,66.38,0.1375
38063,65.764,0.141
38064,64.858,0.1442
38065,63.696,0.1473
38066,62.227,0.1505
38067,60.375,0.1515
38068,58.249,0.1525
38069,56.166,0.1535
38070,54.386,0.1542
38071,52.861,0.155
38072,51.325,0.155
38073,49.69,0.155
38074,48.2,0.1542
38075,46.995,0.1532
38076,45.67,0.1517
38077,43.582,0.1502
38078,40.601,0.1488
38079,37.34,0.1475
38080,34.699,0.1462
38081,33.18,0.1447
38082,32.575,0.1432
38083,32.313,0.1412
38084,31.991,0.1393
38085,31.514,0.1373
38086,31.008,0.136
38087,30.696,0.1348
38088,30.665,0.1348
38089,30.744,0.1348
38090,30.739,0.135
38091,30.749,0.1355
38092,31.141,0.1358
38093,32.169,0.1368
38094,33.631,0.1375
38095,34.954,0.1368
38096,35.727,0.1355
38097,36.041,0.1342
38098,36.245,0.1332
38099,36.537,0.1315
38100,36.871,0.1298
38101,37.115,0.1273
38102,37.197,0.1238
38103,37.107,0.1228
38104,36.85,0.1218
38105,36.516,0.1192
38106,36.29,0.1162
38107,36.243,0.1155
38108,36.211,0.1148
38109,35.923,0.114
38110,35.246,0.1133
38111,34.331,0.1125
38112,33.576,0.1128
38113,33.379,0.1133
38114,33.849,0.114
38115,34.798,0.1148
38116,35.974,0.116
38117,37.221,0.1172
38118,38.547,0.1185
38119,40.04,0.1195
38120,41.641,0.1192
38121,43.115,0.1192
38122,44.278,0.1192
38123,45.104,0.1187
38124,45.664,0.1182
38125,46.096,0.1177
38126,46.595,0.1167
38127,47.374,0.1148
38128,48.565,0.1113
38129,50.095,0.1077
38130,51.691,0.1037
38131,53.026,0.1025
38132,53.893,0.101
38133,54.317,0.0992
38134,54.514,0.0975
38135,54.71,0.0978
38136,55.066,0.0983
38137,55.684,0.098
38138,56.604,0.0975
38139,57.784,0.0972
38140,59.057,0.0968
38141,60.143,0.0958
38142,60.83,0.0948
38143,61.186,0.092
38144,61.544,0.089
38145,62.237,0.0885
38146,63.356,0.088
38147,64.732,0.0875
38148,66.088,0.087
38149,67.194,0.0867
38150,67.954,0.0857
38151,68.379,0.0847
38152,68.493,0.0838
38153,68.365,0.0813
38154,68.176,0.0788
38155,68.16,0.0762
38156,68.453,0.0737
38157,69.02,0.0723
38158,69.716,0.0708
38159,70.479,0.0695
38160,71.407,0.0695
38161,72.627,0.0682
38162,74.111,0.067
38163,75.669,0.0663
38164,77.142,0.0655
38165,78.557,0.0648
38166,80.049,0.065
38167,81.63,0.0663
38168,83.053,0.0673
38169,83.983,0.0663
38170,84.34,0.0653
38171,84.374,0.0617
38172,84.426,0.059
38173,84.659,0.0562
38174,84.992,0.0535
38175,85.234,0.0503
38176,85.249,0.0462
38177,85.014,0.0432
38178,84.6,0.0405
38179,84.188,0.0377
38180,84.009,0.035
38181,84.182,0.0345
38182,84.596,0.0335
38183,85.009,0.0325
38184,85.239,0.0318
38185,85.293,0.0287
38186,85.34,0.0262
38187,85.573,0.024
38188,86.063,0.0217
38189,86.649,0.0192
38190,87.002,0.0175
38191,86.883,0.0175
38192,86.38,0.0175
38193,85.855,0.0187
38194,85.613,0.018
38195,85.569,0.0175
38196,85.348,0.016
38197,84.734,0.0135
38198,83.913,0.011
38199,83.271,0.0085
38200,83.045,0.006
38201,83.163,0.0043
38202,83.373,0.0025
38203,83.484,0.0008
38204,83.421,-0.0008
38205,83.17,-0.0023
38206,82.815,-0.0045
38207,82.545,-0.007
38208,82.519,-0.0092
38209,82.766,-0.0095
38210,83.181,-0.0097
38211,83.594,-0.0105
38212,83.848,-0.012
38213,83.859,-0.0135
38214,83.607,-0.0155
38215,83.1,-0.0168
38216,82.395,-0.0172
38217,81.656,-0.0192
38218,81.097,-0.0212
38219,80.855,-0.0232
38220,80.951,-0.0253
38221,81.303,-0.0287
38222,81.775,-0.0315
38223,82.266,-0.0338
38224,82.73,-0.0367
38225,83.119,-0.0375
38226,83.421,-0.0385
38227,83.726,-0.0398
38228,84.128,-0.041
38229,84.598,-0.0423
38230,85.003,-0.0438
38231,85.229,-0.047
38232,85.297,-0.0503
38233,85.359,-0.0535
38234,85.576,-0.0548
38235,85.976,-0.0562
38236,86.458,-0.0558
38237,86.871,-0.056
38238,87.109,-0.0562
38239,87.18,-0.0565
38240,87.169,-0.0567
38241,87.144,-0.0565
38242,87.143,-0.0562
38243,87.23,-0.056
38244,87.468,-0.0562
38245,87.797,-0.0565
38246,88.038,-0.0572
38247,88.026,-0.0572
38248,87.69,-0.0575
38249,87.117,-0.0578
38250,86.55,-0.058
38251,86.23,-0.0583
38252,86.24,-0.0585
38253,86.508,-0.0588
38254,86.84,-0.0585
38255,86.989,-0.0593
38256,86.841,-0.06
38257,86.518,-0.0593
38258,86.214,-0.0585
38259,86.008,-0.0572
38260,85.851,-0.056
38261,85.623,-0.0548
38262,85.274,-0.0537
38263,84.931,-0.0525
38264,84.774,-0.0505
38265,84.838,-0.0495
38266,85.021,-0.0485
38267,85.189,-0.047
38268,85.264,-0.0455
38269,85.262,-0.044
38270,85.237,-0.0423
38271,85.218,-0.0425
38272,85.207,-0.0425
38273,85.204,-0.0425
38274,85.209,-0.0425
38275,85.219,-0.0425
38276,85.233,-0.0435
38277,85.228,-0.0438
38278,85.154,-0.0415
38279,84.997,-0.0393
38280,84.838,-0.0375
38281,84.781,-0.036
38282,84.865,-0.0345
38283,85.044,-0.033
38284,85.224,-0.0307
38285,85.317,-0.0285
38286,85.269,-0.0262
38287,85.036,-0.0258
38288,84.628,-0.025
38289,84.138,-0.0243
38290,83.664,-0.0235
38291,83.209,-0.022
38292,82.674,-0.0202
38293,81.975,-0.0185
38294,81.179,-0.0168
38295,80.455,-0.0148
38296,79.897,-0.0112
38297,79.499,-0.008
38298,79.265,-0.0047
38299,79.259,-0.0008
38300,79.572,0.0032
38301,80.238,0.0073
38302,81.131,0.0112
38303,81.964,0.0145
38304,82.45,0.0187
38305,82.503,0.023
38306,82.312,0.0275
38307,82.185,0.0318
38308,82.274,0.036
38309,82.44,0.0403
38310,82.442,0.0445
38311,82.199,0.0508
38312,81.847,0.0567
38313,81.598,0.0628
38314,81.591,0.0695
38315,81.831,0.0762
38316,82.184,0.083
38317,82.438,0.0897
38318,82.452,0.0943
38319,82.299,0.0988
38320,82.212,0.1037
38321,82.306,0.1085
38322,82.395,0.1133
38323,82.154,0.118
38324,81.436,0.1223
38325,80.394,0.126
38326,79.345,0.1308
38327,78.56,0.136
38328,78.175,0.1412
38329,78.201,0.1465
38330,78.49,0.1517
38331,78.742,0.155
38332,78.673,0.1578
38333,78.195,0.1605
38334,77.465,0.1633
38335,76.765,0.1657
38336,76.285,0.167
38337,76.067,0.1683
38338,76.082,0.1695
38339,76.245,0.1695
38340,76.42,0.1672
38341,76.56,0.165
38342,76.772,0.1628
38343,77.212,0.1605
38344,77.907,0.156
38345,78.698,0.1515
38346,79.396,0.147
38347,80.008,0.1417
38348,80.704,0.1365
38349,81.565,0.131
38350,82.514,0.1255
38351,83.471,0.12
38352,84.417,0.1143
38353,85.29,0.1085
38354,85.914,0.102
38355,86.121,0.0955
38356,85.94,0.089
38357,85.601,0.0825
38358,85.297,0.0757
38359,84.992,0.0687
38360,84.537,0.0617
38361,83.91,0.0553
38362,83.256,0.0487
38363,82.772,0.0423
38364,82.581,0.036
38365,82.667,0.031
38366,82.907,0.025
38367,83.168,0.0198
38368,83.363,0.014
38369,83.458,0.0083
38370,83.481,0.0025
38371,83.484,-0.002
38372,83.481,-0.006
38373,83.396,-0.0095
38374,83.079,-0.013
38375,82.433,-0.0163
38376,81.547,-0.0198
38377,80.668,-0.0232
38378,80.026,-0.0267
38379,79.658,-0.0305
38380,79.444,-0.032
38381,79.299,-0.0328
38382,79.243,-0.0335
38383,79.317,-0.0342
38384,79.469,-0.0338
38385,79.547,-0.0323
38386,79.459,-0.031
38387,79.301,-0.0293
38388,79.229,-0.0275
38389,79.308,-0.0255
38390,79.486,-0.0222
38391,79.653,-0.0192
38392,79.731,-0.0163
38393,79.735,-0.0132
38394,79.717,-0.0103
38395,79.699,-0.008
38396,79.683,-0.0057
38397,79.674,-0.0035
38398,79.679,-0.0013
38399,79.685,0.0013
38400,79.638,0.0037
38401,79.416,0.006
38402,78.883,0.008
38403,78.025,0.01
38404,77.031,0.0118
38405,76.153,0.0128
38406,75.575,0.0138
38407,75.405,0.0148
38408,75.667,0.0163
38409,76.307,0.0185
38410,77.214,0.0208
38411,78.179,0.023
38412,78.958,0.0253
38413,79.439,0.0282
38414,79.657,0.0312
38415,79.717,0.0345
38416,79.777,0.0377
38417,79.987,0.041
38418,80.394,0.0443
38419,80.901,0.0478
38420,81.259,0.0513
38421,81.125,0.0542
38422,80.303,0.0572
38423,78.97,0.0602
38424,77.636,0.0633
38425,76.885,0.0653
38426,77.01,0.0673
38427,77.822,0.0692
38428,78.793,0.0713
38429,79.346,0.0732
38430,79.126,0.074
38431,78.204,0.075
38432,77.017,0.0762
38433,76.013,0.0775
38434,75.381,0.0785
38435,75.023,0.0803
38436,74.727,0.082
38437,74.426,0.0838
38438,74.274,0.0855
38439,74.418,0.087
38440,74.813,0.0885
38441,75.296,0.0902
38442,75.707,0.0922
38443,75.961,0.0943
38444,76.052,0.0963
38445,75.991,0.0972
38446,75.747,0.0983
38447,75.313,0.0992
38448,74.805,0.0995
38449,74.45,0.099
38450,74.442,0.0985
38451,74.782,0.098
38452,75.276,0.0975
38453,75.705,0.0965
38454,75.955,0.0958
38455,76.023,0.0948
38456,75.944,0.0938
38457,75.77,0.0927
38458,75.593,0.0917
38459,75.517,0.0907
38460,75.586,0.0897
38461,75.753,0.0875
38462,75.915,0.0852
38463,75.976,0.083
38464,75.905,0.0807
38465,75.739,0.0785
38466,75.581,0.0762
38467,75.54,0.074
38468,75.657,0.0703
38469,75.853,0.0665
38470,75.941,0.0628
38471,75.766,0.059
38472,75.35,0.0553
38473,74.855,0.0515
38474,74.449,0.0498
38475,74.224,0.0485
38476,74.17,0.0473
38477,74.185,0.046
38478,74.13,0.045
38479,73.904,0.0443
38480,73.509,0.0435
38481,73.036,0.043
38482,72.555,0.0425
38483,72.02,0.0423
38484,71.314,0.042
38485,70.369,0.043
38486,69.272,0.0443
38487,68.24,0.0457
38488,67.472,0.0483
38489,67.015,0.0508
38490,66.766,0.0535
38491,66.518,0.0572
38492,66.018,0.061
38493,65.055,0.0643
38494,63.566,0.0673
38495,61.628,0.0705
38496,59.37,0.0742
38497,56.87,0.078
38498,54.08,0.082
38499,50.926,0.0865
38500,47.554,0.0915
38501,44.369,0.0992
38502,41.744,0.1077
38503,39.653,0.113
38504,37.682,0.1185
38505,35.483,0.1255
38506,33.19,0.1325
38507,31.274,0.1395
38508,30.04,0.148
38509,29.313,0.1573
38510,28.652,0.1723
38511,27.843,0.1872
38512,27.012,0.2022
38513,26.341,0.217
38514,25.849,0.2295
38515,25.402,0.2415
38516,24.806,0.253
38517,23.882,0.264
38518,22.533,0.2742
38519,20.786,0.284
38520,18.85,0.2933
38521,17.096,0.302
38522,15.823,0.3102
38523,15.051,0.318
38524,14.632,0.325
38525,14.441,0.3315
38526,14.414,0.338
38527,14.513,0.3443
38528,14.678,0.3505
38529,14.807,0.3568
38530,14.856,0.3625
38531,14.921,0.3673
38532,15.138,0.3723
38533,15.546,0.377
38534,16.1,0.3802
38535,16.746,0.3832
38536,17.458,0.3855
38537,18.226,0.3875
38538,19.016,0.3892
38539,19.771,0.3908
38540,20.458,0.3915
38541,21.077,0.3903
38542,21.611,0.3882
38543,22.004,0.3885
38544,22.152,0.3885
38545,21.99,0.387
38546,21.601,0.3852
38547,21.207,0.3832
38548,21.05,0.381
38549,21.228,0.378
38550,21.629,0.3693
38551,22.015,0.3605
38552,22.237,0.3518
38553,22.365,0.3443
38554,22.583,0.3375
38555,22.968,0.331
38556,23.445,0.3255
38557,23.944,0.3207
38558,24.498,0.3175
38559,25.143,0.3152
38560,25.777,0.3142
38561,26.214,0.3148
38562,26.405,0.3155
38563,26.586,0.3202
38564,27.112,0.3275
38565,28.073,0.3372
38566,29.208,0.35
38567,30.18,0.3765
38568,30.824,0.4097
38569,31.132,0.4485
38570,31.133,0.4898
38571,30.823,0.5312
38572,30.184,0.5777
38573,29.237,0.6242
38574,28.062,0.6723
38575,26.795,0.7202
38576,25.584,0.7712
38577,24.447,0.8228
38578,23.15,0.8738
38579,21.368,0.9217
38580,19.059,0.964
38581,16.619,1.0002
38582,14.515,1.0302
38583,12.84,1.0573
38584,11.316,1.082
38585,9.682,1.4733
38586,8.028,1.4733
38587,6.709,1.4733
38588,5.954,1.4733
38589,5.682,1.4733
38590,5.649,1.4733
38591,5.67,1.4733
38592,5.679,1.4733
38593,5.677,1.4733
38594,5.669,1.4733
38595,5.646,1.4733
38596,5.615,1.4733
38597,5.659,1.4733
38598,5.953,1.4733
38599,6.668,1.4733
38600,7.799,1.4733
38601,9.103,1.4733
38602,10.222,1.4733
38603,10.915,1.4733
38604,11.189,1.8645
38605,11.221,1.8773
38606,11.191,1.885
38607,11.179,1.878
38608,11.202,1.863
38609,11.253,1.842
38610,11.224,1.8175
38611,10.804,1.201
38612,9.639,1.201
38613,7.687,1.201
38614,5.397,1.201
38615,3.512,1.201
38616,2.621,1.201
38617,2.744,1.201
38618,3.428,1.201
38619,4.264,1.201
38620,5.159,1.201
38621,6.175,1.201
38622,7.285,1.201
38623,8.311,1.201
38624,9.085,1.201
38625,9.615,1.201
38626,10.001,1.201
38627,10.297,1.201
38628,10.52,1.201
38629,10.676,1.201
38630,10.754,1.201
38631,10.702,1.201
38632,10.462,1.201
38633,10.069,1.201
38634,9.678,1.201
38635,9.439,1.201
38636,9.364,1.201
38637,9.361,1.201
38638,9.359,1.201
38639,9.361,1.201
38640,9.426,1.201
38641,9.58,1.201
38642,9.75,1.201
38643,9.828,1.201
38644,9.763,1.201
38646,9.429,1.201
38647,9.34,1.201
38648,9.316,1.201
38649,9.313,1.201
38650,9.32,1.201
38651,9.321,1.201
38652,9.244,1.201
38653,9.022,1.201
38654,8.701,1.201
38655,8.397,1.201
38656,8.176,1.201
38657,8.016,1.201
38658,7.871,1.201
38659,7.774,1.201
38660,7.859,1.201
38661,8.192,1.201
38662,8.674,1.201
38663,9.168,1.201
38664,9.621,1.201
38665,10.012,1.201
38666,10.31,1.201
38667,10.451,1.201
38668,10.378,1.201
38669,10.123,1.201
38670,9.813,1.201
38671,9.563,1.201
38672,9.478,1.201
38673,9.644,1.201
38674,10.033,1.201
38675,10.502,1.201
38676,10.89,1.201
38677,11.107,0.5845
38678,11.168,0.5783
38679,11.162,0.5715
38680,11.139,0.563
38681,11.063,0.544
38682,10.912,0.518
38683,10.754,0.518
38684,10.689,0.518
38685,10.764,0.518
38686,10.941,0.518
38687,11.105,0.492
38688,11.12,0.4878
38689,10.924,0.7376
38690,10.535,0.7376
38691,9.997,0.7376
38692,9.365,0.7376
38693,8.728,0.7376
38694,8.176,0.7376
38695,7.767,0.7376
38696,7.533,0.7376
38697,7.458,0.7376
38698,7.452,0.7376
38699,7.391,0.7376
38700,7.176,0.7376
38701,6.8,0.7376
38702,6.362,0.7376
38703,5.989,0.7376
38704,5.71,0.7376
38705,5.416,0.7376
38706,4.93,0.7376
38707,4.125,0.7376
38708,3.004,0.7376
38709,1.77,0.7376
38710,0,0.7376
38743,0,0.7376
38744,1.699,0.7376
38745,3.397,0.7376
38746,5.096,0.7376
38747,8.29,0.7376
38748,10.782,0.7376
38749,12.077,0.9874
38750,12.342,0.9817
38751,12.079,0.9764
38752,11.78,0.9715
38753,11.671,0.9674
38754,11.736,0.9657
38755,11.906,0.9672
38756,12.154,0.9733
38757,12.467,0.9845
38758,12.776,1.0006
38759,12.972,1.017
38760,13.027,1.0362
38761,13.02,1.0577
38762,13.02,1.08
38763,13.036,1.1022
38764,13.056,1.1232
38765,13.058,1.1433
38766,12.989,1.1628
38767,12.829,1.1595
38768,12.651,1.1758
38769,12.576,1.1938
38770,12.651,1.2117
38771,12.762,1.2272
38772,12.632,1.2385
38773,12.015,1.248
38774,10.923,1.0859
38775,9.627,1.0859
38776,8.43,1.0859
38777,7.492,1.0859
38778,6.805,1.0859
38779,6.295,1.0859
38780,5.924,1.0859
38781,5.708,1.0859
38782,5.631,1.0859
38783,5.623,1.0859
38784,5.622,1.0859
38785,5.61,1.0859
38786,5.607,1.0859
38787,5.68,1.0859
38788,5.914,1.0859
38789,6.321,1.0859
38790,6.8,1.0859
38791,7.204,1.0859
38792,7.433,1.0859
38793,7.496,1.0859
38794,7.482,1.0859
38795,7.46,1.0859
38796,7.436,1.0859
38797,7.427,1.0859
38798,7.576,1.0859
38799,8.118,1.0859
38800,9.158,1.0859
38801,10.514,1.0859
38802,11.798,0.9237
38803,12.662,0.8835
38804,13.04,0.844
38805,13.179,0.8048
38806,13.382,0.7658
38807,13.762,0.7265
38808,14.216,0.6848
38809,14.53,0.6485
38810,14.523,0.6148
38811,14.19,0.5837
38812,13.726,0.5548
38813,13.408,0.5267
38814,13.415,0.5008
38815,13.673,0.4748
38816,13.915,0.4425
38817,13.929,0.41
38818,13.697,0.3775
38819,13.302,0.3455
38820,12.769,0.3247
38821,12.046,0.306
38822,11.145,0.2838
38823,10.245,0.1522
38824,9.589,0.1522
38825,9.28,0.1522
38826,9.222,0.1522
38827,9.254,0.1522
38828,9.291,0.1522
38829,9.322,0.1522
38830,9.354,0.1522
38831,9.382,0.1522
38832,9.399,0.1522
38833,9.402,0.1522
38835,9.372,0.1522
38836,9.428,0.1522
38837,9.643,0.1522
38838,10.029,0.1522
38839,10.487,0.1522
38840,10.888,0.1522
38841,11.198,0.0208
38842,11.509,0.0092
38843,11.911,-0.003
38844,12.369,-0.0168
38845,12.754,-0.0328
38846,12.963,-0.054
38847,13.015,-0.0646
38848,13.007,-0.0729
38849,12.999,-0.0816
38850,12.938,-0.0908
38851,12.734,-0.1006
38852,12.378,-0.1109
38853,11.931,-0.1218
38854,11.398,-0.1313
38855,10.703,-0.1313
38856,9.821,-0.1313
38857,8.871,-0.1313
38858,8.089,-0.1313
38859,7.645,-0.1313
38860,7.46,-0.1313
38861,7.268,-0.1313
38862,6.82,-0.1313
38863,5.939,-0.1313
38864,4.532,-0.1313
38865,2.793,-0.1313
38866,0,-0.1313
39370,0,-0.1313
39371,0,-0.0477
39392,0,-0.0477
39393,2.221,-0.0477
39394,2.575,-0.0477
39395,2.624,-0.0477
39396,2.551,-0.0477
39397,2.46,-0.0477
39398,2.337,-0.0477
39399,2.16,-0.0477
39400,1.99,-0.0477
39401,1.902,-0.0477
39402,1.886,-0.0477
39403,1.895,-0.0477
39405,1.921,-0.0477
39407,1.929,-0.0477
39408,2.001,-0.0477
39409,2.229,-0.0477
39410,2.634,-0.0477
39411,3.118,-0.0477
39412,3.534,-0.0477
39413,3.778,-0.0477
39414,3.857,-0.0477
39415,3.849,-0.0477
39417,3.795,-0.0477
39418,3.771,-0.0477
39419,3.76,-0.0477
39420,3.753,-0.0477
39421,3.685,-0.0477
39422,3.465,-0.0477
39423,3.078,-0.0477
39424,2.614,-0.0477
39425,2.229,-0.0477
39426,2.082,-0.0477
39427,2.207,-0.0477
39428,2.457,-0.0477
39429,2.621,-0.0477
39430,2.586,-0.0477
39431,2.378,-0.0477
39432,2.125,-0.0477
39433,1.972,-0.0477
39434,2.019,-0.0477
39435,2.259,-0.0477
39436,2.488,-0.0477
39437,2.356,-0.0477
39438,1.719,-0.0477
39439,0,-0.0477
39442,0,-0.0477
39443,1.74,-0.0477
39444,1.946,-0.0477
39445,1.996,-0.0477
39446,1.993,-0.0477
39447,1.984,-0.0477
39448,1.968,-0.0477
39449,1.957,-0.0477
39450,2.015,-0.0477
39451,2.23,-0.0477
39452,2.615,-0.0477
39453,3.077,-0.0477
39454,3.473,-0.0477
39455,3.704,-0.0477
39456,3.779,-0.0477
39457,3.782,-0.0477
39458,3.781,-0.0477
39459,3.793,-0.0477
39460,3.811,-0.0477
39461,3.819,-0.0477
39462,3.818,-0.0477
39463,3.851,-0.0477
39464,3.997,-0.0477
39465,4.272,-0.0477
39466,4.559,-0.0477
39467,4.686,-0.0477
39468,4.563,-0.0477
39469,4.259,-0.0477
39470,3.96,-0.0477
39471,3.858,-0.0477
39472,4.036,-0.0477
39473,4.43,-0.0477
39474,4.916,-0.0477
39475,5.399,-0.0477
39476,5.804,-0.0477
39477,6.063,-0.0477
39478,6.15,-0.0477
39479,6.086,-0.0477
39480,5.916,-0.0477
39481,5.674,-0.0477
39482,5.349,-0.0477
39483,4.92,-0.0477
39484,4.43,-0.0477
39485,3.948,-0.0477
39486,3.495,-0.0477
39487,3.05,-0.0477
39488,2.614,-0.0477
39489,2.242,-0.0477
39490,1.934,-0.0477
39491,0,-0.0477
41033,0,-0.0477
41034,2.083,-0.0477
41035,3.106,-0.0477
41036,3.682,-0.0477
41037,3.839,-0.0477
41038,3.822,-0.0477
41039,3.795,-0.0477
41040,3.785,-0.0477
41041,3.781,-0.0477
41042,3.781,-0.0477
41043,3.793,-0.0477
41044,3.799,-0.0477
41045,3.734,-0.0477
41046,3.517,-0.0477
41047,3.122,-0.0477
41048,2.564,-0.0477
41049,1.865,-0.0477
41050,0,-0.0477
41078,0,-0.0477
41079,1.914,-0.0477
41080,2.788,-0.0477
41081,3.606,-0.0477
41082,4.308,-0.0477
41083,4.853,-0.0477
41084,5.287,-0.0477
41085,5.744,-0.0477
41086,6.278,-0.0477
41087,6.819,-0.0477
41088,7.299,-0.0477
41089,7.682,-0.0477
41090,7.916,-0.0477
41091,7.976,-0.0477
41092,7.881,-0.0477
41093,7.694,-0.0477
41094,7.519,-0.0477
41095,7.431,-0.0477
41096,7.418,-0.0477
41097,7.434,-0.0477
41098,7.444,-0.0477
41099,7.383,-0.0477
41100,7.171,-0.0477
41101,6.81,-0.0477
41102,6.372,-0.0477
41103,5.847,-0.0477
41104,5.07,-0.0477
41105,3.879,-0.0477
41106,2.397,-0.0477
41107,0,-0.0477
45255,0,-0.0477
45256,1.631,-0.0477
45257,1.931,-0.0477
45258,2.012,-0.0477
45259,2.073,-0.0477
45260,2.285,-0.0477
45261,2.638,-0.0477
45262,2.953,-0.0477
45263,3.028,-0.0477
45264,2.82,-0.0477
45265,2.523,-0.0477
45266,2.427,-0.0477
45267,2.652,-0.0477
45268,3.071,-0.0477
45269,3.46,-0.0477
45270,3.684,-0.0477
45271,3.748,-0.0477
45272,3.743,-0.0477
45273,3.741,-0.0477
45274,3.745,-0.0477
45275,3.683,-0.0477
45276,3.47,-0.0477
45277,3.092,-0.0477
45278,2.64,-0.0477
45279,2.246,-0.0477
45280,2.02,-0.0477
45281,2.019,-0.0477
45282,2.241,-0.0477
45283,2.633,-0.0477
45284,3.086,-0.0477
45285,3.465,-0.0477
45286,3.681,-0.0477
45287,3.753,-0.0477
45288,3.75,-0.0477
45289,3.675,-0.0477
45290,3.456,-0.0477
45291,3.077,-0.0477
45292,2.627,-0.0477
45293,2.245,-0.0477
45294,2.028,-0.0477
45295,1.965,-0.0477
45296,1.973,-0.0477
45297,1.987,-0.0477
45298,1.992,-0.0477
45299,1.993,-0.0477
45301,1.993,-0.0477
45302,1.992,-0.0477
45303,1.992,-0.0477
45305,1.994,-0.0477
45306,1.994,-0.0477
45307,1.991,-0.0477
45309,1.983,-0.0477
45310,1.98,-0.0477
45311,1.979,-0.0477
45312,1.979,-0.0477
45313,1.98,-0.0477
45314,1.982,-0.0477
45315,1.983,-0.0477
45316,1.985,-0.0477
45317,1.984,-0.0477
45318,1.979,-0.0477
45319,1.971,-0.0477
45320,1.962,-0.0477
45321,1.954,-0.0477
45322,1.952,-0.0477
45323,1.959,-0.0477
45324,1.969,-0.0477
45325,1.977,-0.0477
45326,1.978,-0.0477
45327,1.975,-0.0477
45328,1.971,-0.0477
45329,1.972,-0.0477
45330,1.978,-0.0477
45331,1.989,-0.0477
45332,1.984,-0.0477
45333,1.881,-0.0477
45334,0,-0.0477
45424,0,-0.0477
45425,2.362,-0.0477
45426,3.754,-0.0477
45427,4.863,-0.0477
45428,5.639,-0.0477
45429,6.255,-0.0477
45430,6.919,-0.0477
45431,7.778,-0.0477
45432,8.812,-0.0477
45433,9.842,-0.0477
45434,10.652,-0.0477
45435,11.111,-0.0477
45436,11.291,-0.0465
45437,11.432,-0.0453
45438,11.715,-0.0442
45439,12.132,-0.0432
45440,12.558,-0.0423
45441,12.872,-0.0414
45442,13.024,-0.0405
45443,13.07,-0.0397
45444,13.152,-0.039
45445,13.382,-0.0382
45446,13.707,-0.0315
45447,13.934,-0.0272
45448,13.923,-0.024
45449,13.73,-0.0212
45450,13.539,-0.0187
45451,13.467,-0.0165
45452,13.467,-0.0145
45453,13.411,-0.0128
45454,13.262,-0.0112
45455,13.119,-0.0097
45456,13.111,-0.0095
45457,13.252,-0.0092
45458,13.478,-0.009
45459,13.767,-0.0087
45460,14.161,-0.0085
45461,14.699,-0.0077
45462,15.352,-0.007
45463,15.991,-0.0063
45464,16.458,-0.0055
45465,16.691,-0.0047
45466,16.757,-0.004
45467,16.766,-0.0032
45468,16.775,-0.0025
45469,16.784,-0.0017
45470,16.78,-0.0008
45471,16.756,0.0003
45472,16.734,0.0013
45473,16.789,0.0023
45474,17.012,0.003
45475,17.411,0.0037
45476,17.899,0.0045
45477,18.386,0.0053
45478,18.855,0.006
45479,19.329,0.0067
45480,19.794,0.0075
45481,20.121,0.0083
45482,20.13,0.009
45483,19.745,0.0097
45484,19.051,0.0105
45485,18.249,0.0112
45486,17.541,0.012
45487,17.016,0.0128
45488,16.603,0.0135
45489,16.209,0.0142
45490,15.915,0.0152
45491,15.957,0.0163
45492,16.462,0.0172
45493,17.278,0.0182
45494,18.065,0.0192
45495,18.547,0.02
45496,18.702,0.0208
45497,18.692,0.0215
45498,18.656,0.0222
45499,18.624,0.023
45500,18.557,0.0238
45501,18.381,0.024
45502,18.067,0.0243
45503,17.719,0.0245
45504,17.536,0.0248
45505,17.627,0.025
45506,17.872,0.0253
45507,17.996,0.0255
45508,17.817,0.0258
45509,17.406,0.026
45510,16.993,0.026
45511,16.749,0.026
45512,16.678,0.026
45513,16.69,0.0262
45514,16.714,0.0267
45515,16.733,0.0272
45516,16.77,0.0298
45517,16.869,0.0323
45518,17.037,0.0347
45519,17.195,0.0372
45520,17.243,0.0395
45521,17.148,0.0418
45522,16.964,0.044
45523,16.799,0.0462
45524,16.732,0.0485
45525,16.784,0.0508
45526,16.968,0.0505
45527,17.233,0.0503
45528,17.369,0.05
45529,17.089,0.0498
45530,16.277,0.0493
45531,15.127,0.0487
45532,13.998,0.0483
45533,13.121,0.0478
45534,12.502,0.0473
45535,12.086,0.047
45536,11.906,0.0467
45537,12.021,0.0465
45538,12.373,0.0462
45539,12.771,0.046
45540,13.031,0.0457
45541,13.119,0.0452
45542,13.116,0.0447
45543,13.097,0.0445
45544,13.086,0.0443
45545,13.088,0.044
45546,13.109,0.0438
45547,13.127,0.0435
45548,13.068,0.0432
45549,12.834,0.043
45550,12.399,0.0427
45551,11.783,0.0425
45552,10.92,0.0275
45553,9.628,0.0275
45554,7.892,0.0275
45555,6.153,0.0275
45556,5.156,0.0275
45557,5.373,0.0275
45558,6.569,0.0275
45559,7.934,0.0275
45560,8.687,0.0275
45561,8.603,0.0275
45562,8.01,0.0275
45563,7.396,0.0275
45564,7.084,0.0275
45565,7.178,0.0275
45566,7.593,0.0275
45567,8.084,0.0275
45568,8.402,0.0275
45569,8.472,0.0275
45570,8.367,0.0275
45571,8.198,0.0275
45572,8.101,0.0275
45573,8.169,0.0275
45574,8.39,0.0275
45575,8.707,0.0275
45576,9.034,0.0275
45577,9.259,0.0275
45578,9.336,0.0275
45579,9.34,0.0275
45580,9.406,0.0275
45581,9.633,0.0275
45582,10.022,0.0275
45583,10.491,0.0275
45584,10.964,0.0275
45585,11.427,0.0125
45586,11.896,0.0123
45587,12.354,0.012
45588,12.739,0.0118
45589,13.022,0.0115
45590,13.246,0.0112
45591,13.487,0.011
45592,13.785,0.0107
45593,14.109,0.0105
45594,14.403,0.0103
45595,14.631,0.01
45596,14.778,0.01
45597,14.84,0.01
45598,14.849,0.01
45599,14.849,0.01
45600,14.856,0.01
45601,14.865,0.01
45602,14.871,0.01
45603,14.878,0.01
45605,14.894,0.01
45606,14.901,0.01
45607,14.906,0.01
45608,14.908,0.01
45609,14.907,0.01
45610,14.903,0.01
45611,14.895,0.01
45612,14.884,0.01
45613,14.869,0.01
45614,14.857,0.01
45615,14.853,0.01
45616,14.856,0.01
45617,14.824,0.01
45618,14.68,0.01
45619,14.378,0.01
45620,13.957,0.0095
45621,13.532,0.009
45622,13.23,0.0085
45623,13.158,0.008
45624,13.348,0.0075
45625,13.737,0.007
45626,14.193,0.0065
45627,14.573,0.006
45628,14.787,0.0055
45629,14.852,0.005
45630,14.856,0.0045
45631,14.851,0.004
45632,14.779,0.0035
45633,14.563,0.003
45634,14.253,0.0025
45635,13.988,0.002
45636,13.849,0.0015
45637,13.797,0.001
45638,13.711,0.0005
45639,13.448,0
45640,12.915,-0.0005
45641,12.129,-0.001
45642,11.199,-0.0015
45643,10.31,-0.0037
45644,9.662,-0.0037
45645,9.354,-0.0037
45646,9.362,-0.0037
45647,9.611,-0.0037
45648,10.024,-0.0037
45649,10.491,-0.0037
45650,10.879,-0.0037
45651,11.098,-0.006
45652,11.164,-0.0065
45653,11.162,-0.007
45654,11.157,-0.0075
45655,11.165,-0.008
45656,11.18,-0.0085
45657,11.2,-0.009
45658,11.222,-0.0095
45659,11.238,-0.01
45660,11.201,-0.01
45661,11.034,-0.01
45662,10.708,-0.01
45663,10.336,-0.01
45664,10.125,-0.01
45665,10.205,-0.01
45666,10.512,-0.01
45667,10.866,-0.01
45668,11.161,-0.01
45669,11.462,-0.01
45670,11.865,-0.01
45671,12.341,-0.01
45672,12.752,-0.01
45673,12.99,-0.01
45674,13.064,-0.01
45675,13.069,-0.01
45676,13.076,-0.01
45677,13.1,-0.01
45678,13.138,-0.01
45679,13.141,-0.01
45680,12.995,-0.01
45681,12.659,-0.01
45682,12.294,-0.01
45683,12.128,-0.01
45684,12.265,-0.01
45685,12.608,-0.01
45686,12.931,-0.01
45687,13.081,-0.01
45688,13.084,-0.01
45689,12.985,-0.01
45690,12.742,-0.01
45691,12.344,-0.01
45692,11.892,-0.01
45693,11.514,-0.0095
45694,11.229,-0.009
45695,10.932,-0.0043
45696,10.521,-0.0043
45697,10.034,-0.0043
45698,9.616,-0.0043
45699,9.374,-0.0043
45700,9.298,-0.0043
45701,9.296,-0.0043
45702,9.298,-0.0043
45703,9.293,-0.0043
45704,9.293,-0.0043
45705,9.298,-0.0043
45706,9.301,-0.0043
45707,9.309,-0.0043
45708,9.387,-0.0043
45709,9.619,-0.0043
45710,10.014,-0.0043
45711,10.478,-0.0043
45712,10.87,-0.0043
45713,11.094,0.0005
45714,11.162,0.0013
45715,11.159,0.002
45716,11.155,0.0028
45717,11.165,0.0037
45718,11.18,0.0047
45719,11.194,0.0057
45720,11.196,0.0067
45721,11.199,0.0077
45722,11.272,0.0087
45723,11.499,0.0097
45724,11.893,0.0107
45725,12.357,0.0118
45726,12.752,0.0128
45727,12.983,0.0138
45728,13.061,0.0148
45729,13.07,0.0158
45730,13.071,0.0168
45731,13.082,0.0178
45732,13.083,0.0187
45733,13.01,0.0192
45734,12.782,0.0198
45735,12.388,0.0202
45736,11.919,0.0208
45737,11.512,0.0212
45738,11.264,0.022
45739,11.169,0.0227
45740,11.149,0.0238
45741,11.143,0.025
45742,11.137,0.0267
45743,11.133,0.0293
45744,11.13,0.0297
45745,11.131,0.0303
45746,11.142,0.0308
45747,11.149,0.0314
45748,11.08,0.032
45749,10.866,-0.0269
45750,10.558,-0.0269
45751,10.298,-0.0269
45752,10.167,-0.0269
45753,10.102,-0.0269
45754,9.93,-0.0269
45755,9.496,-0.0269
45756,8.778,-0.0269
45757,7.844,-0.0269
45758,6.772,-0.0269
45759,5.652,-0.0269
45760,4.572,-0.0269
45761,3.545,-0.0269
45762,2.521,-0.0269
45763,0,-0.0269
52840,0,-0.0269
52843,6.078,-0.0269
52844,8.862,-0.0269
52845,10.154,-0.0269
52846,10.144,-0.0269
52847,9.762,-0.0269
52848,9.687,-0.0269
52849,10.074,-0.0269
52850,10.775,-0.0269
52851,11.507,-0.0857
52852,11.988,-0.0859
52853,12.137,-0.0863
52854,12.114,-0.0868
52855,12.171,-0.0872
52856,12.474,-0.0876
52857,12.968,-0.0879
52858,13.393,-0.0883
52859,13.5,-0.0883
52860,13.211,-0.0884
52861,12.625,-0.0884
52862,11.969,-0.0885
52863,11.472,-0.0885
52864,11.221,-0.0867
52865,11.157,-0.0862
52866,11.173,-0.0862
52867,11.184,-0.0862
52868,11.109,-0.086
52869,10.873,-0.0888
52870,10.469,-0.0888
52871,9.995,-0.0888
52872,9.597,-0.0888
52873,9.37,-0.0888
52874,9.297,-0.0888
52875,9.305,-0.0888
52876,9.391,-0.0888
52877,9.624,-0.0888
52878,10.024,-0.0888
52879,10.5,-0.0888
52880,10.894,-0.0888
52881,11.055,-0.0915
52882,10.973,-0.097
52883,10.8,-0.1045
52884,10.709,-0.1045
52885,10.766,-0.1045
52886,10.925,-0.1045
52887,11.1,-0.1119
52888,11.267,-0.1129
52889,11.452,-0.1138
52890,11.625,-0.1235
52891,11.695,-0.13
52892,11.617,-0.1347
52893,11.434,-0.1379
52894,11.204,-0.1406
52895,10.922,-0.1406
52896,10.487,-0.1406
52897,9.756,-0.1406
52898,8.611,-0.1406
52899,7.041,-0.1406
52900,5.184,-0.1406
52901,3.305,-0.1406
52902,1.719,-0.1406
52903,0,-0.1406
52908,0,-0.1406
52909,2.236,-0.1406
52910,3.058,-0.1406
52911,3.775,-0.1406
52912,4.418,-0.1406
52913,4.971,-0.1406
52914,5.378,-0.1406
52915,5.592,-0.1406
52916,5.653,-0.1406
52917,5.717,-0.1406
52918,5.936,-0.1406
52919,6.331,-0.1406
52920,6.798,-0.1406
52921,7.197,-0.1406
52922,7.423,-0.1406
52923,7.431,-0.1406
52924,7.208,-0.1406
52925,6.733,-0.1406
52926,6.022,-0.1406
52927,5.215,-0.1406
52928,4.576,-0.1406
52929,4.326,-0.1406
52930,4.505,-0.1406
52931,4.999,-0.1406
52932,5.643,-0.1406
52933,6.284,-0.1406
52934,6.819,-0.1406
52935,7.216,-0.1406
52936,7.515,-0.1406
52937,7.821,-0.1406
52938,8.219,-0.1406
52939,8.678,-0.1406
52940,9.072,-0.1406
52941,9.303,-0.1406
52942,9.381,-0.1406
52943,9.387,-0.1406
52944,9.386,-0.1406
52945,9.393,-0.1406
52946,9.386,-0.1406
52947,9.296,-0.1406
52948,9.04,-0.1406
52949,8.614,-0.1406
52950,8.122,-0.1406
52951,7.713,-0.1406
52952,7.483,-0.1406
52953,7.415,-0.1406
52954,7.423,-0.1406
52955,7.447,-0.1406
52956,7.47,-0.1406
52957,7.423,-0.1406
52958,7.142,-0.1406
52959,6.462,-0.1406
52960,5.364,-0.1406
52961,4.001,-0.1406
52962,2.604,-0.1406
52963,0,-0.1406
83042,0,-0.1406
